transaction_id,customer_id,amount,merchant_category,country,transaction_hour,device_type,previous_transaction_minutes,transactions_last_24h,customer_age,is_fraud
TXN000001,CUST01127,8.75,retail,IN,8,desktop,407.19,4,18,0
TXN000002,CUST01460,3.75,online,ET,10,mobile,260.0,5,60,0
TXN000003,CUST00861,16.45,entertainment,GB,2,mobile,67.6,3,31,0
TXN000004,CUST01295,38.93,restaurant,US,4,mobile,78.53,3,19,0
TXN000005,CUST01131,36.7,electronics,US,8,desktop,37.78,3,25,0
TXN000006,CUST01096,38.45,retail,GB,9,desktop,312.77,4,28,0
TXN000007,CUST01045,8.08,grocery,US,5,tablet,20.39,2,37,0
TXN000008,CUST00122,73.93,online,ET,5,desktop,420.35,1,61,0
TXN000009,CUST00467,42.08,travel,FR,10,desktop,165.44,6,34,0
TXN000010,CUST01239,68.93,fuel,US,16,mobile,159.99,3,70,0
TXN000011,CUST00331,4.99,restaurant,DE,1,desktop,327.43,5,29,0
TXN000012,CUST01483,45.22,restaurant,US,8,mobile,198.22,4,37,0
TXN000013,CUST00088,10.1,retail,US,23,desktop,65.29,3,27,0
TXN000014,CUST01397,22.26,online,US,17,mobile,77.41,3,38,0
TXN000015,CUST01124,56.51,grocery,NG,4,mobile,34.2,2,20,1
TXN000016,CUST00872,36.27,restaurant,US,20,desktop,112.27,2,21,0
TXN000017,CUST00131,14.13,retail,US,5,tablet,21.01,2,41,0
TXN000018,CUST01333,33.32,restaurant,US,3,desktop,190.54,2,71,0
TXN000019,CUST00770,7.16,online,US,8,desktop,33.37,2,54,0
TXN000020,CUST00344,104.61,electronics,US,4,desktop,359.03,3,44,0
TXN000021,CUST01438,26.97,retail,US,3,mobile,216.99,5,65,0
TXN000022,CUST00806,101.35,fuel,ET,8,mobile,399.8,3,48,0
TXN000023,CUST00386,19.56,online,US,17,tablet,16.39,2,27,0
TXN000024,CUST01216,19.62,grocery,CA,10,tablet,288.36,5,21,0
TXN000025,CUST00956,15.42,retail,US,15,mobile,382.86,4,29,0
TXN000026,CUST00277,79.53,travel,IN,1,mobile,8.21,5,32,0
TXN000027,CUST01185,16.29,retail,US,15,desktop,1257.62,7,43,0
TXN000028,CUST00460,63.09,travel,AE,18,desktop,64.37,3,51,0
TXN000029,CUST01338,22.59,fuel,FR,9,mobile,42.82,2,18,0
TXN000030,CUST00022,4.59,grocery,DE,3,mobile,96.48,2,69,0
TXN000031,CUST00253,18.72,fuel,AE,11,tablet,1.56,4,62,1
TXN000032,CUST00748,10.18,electronics,US,8,mobile,390.73,3,35,0
TXN000033,CUST00857,34.26,electronics,GB,12,mobile,56.28,2,26,0
TXN000034,CUST00475,10.07,grocery,US,4,mobile,132.71,3,64,0
TXN000035,CUST01083,83.59,grocery,ET,1,mobile,175.86,9,67,0
TXN000036,CUST00511,30.23,restaurant,IN,2,mobile,281.85,1,51,0
TXN000037,CUST01500,27.73,restaurant,NG,7,mobile,51.83,5,71,0
TXN000038,CUST00700,63.81,retail,US,5,mobile,227.31,7,71,0
TXN000039,CUST00976,86.83,electronics,US,4,desktop,22.53,4,69,0
TXN000040,CUST00190,32.46,fuel,US,3,mobile,219.27,1,68,0
TXN000041,CUST00958,15.31,grocery,US,19,mobile,453.05,2,47,0
TXN000042,CUST00687,5.62,online,US,15,mobile,15.99,3,21,0
TXN000043,CUST00958,16.68,travel,US,7,mobile,22.34,9,70,0
TXN000044,CUST00563,17.86,retail,IN,11,mobile,146.65,2,41,0
TXN000045,CUST01268,36.86,entertainment,CA,21,desktop,8.55,1,67,0
TXN000046,CUST00832,23.45,travel,CA,4,mobile,37.35,1,63,0
TXN000047,CUST01155,65.89,fuel,US,4,mobile,37.97,1,62,0
TXN000048,CUST00647,17.94,restaurant,GB,21,desktop,118.14,1,43,0
TXN000049,CUST00021,31.28,online,IN,12,mobile,51.42,7,71,0
TXN000050,CUST00841,108.2,grocery,CA,10,mobile,116.16,2,24,0
TXN000051,CUST00167,46.61,electronics,US,10,desktop,132.56,2,63,0
TXN000052,CUST01298,31.19,restaurant,US,18,desktop,236.11,3,68,0
TXN000053,CUST00388,18.14,fuel,IN,6,desktop,525.35,2,62,0
TXN000054,CUST00601,17.58,travel,US,16,desktop,126.12,5,38,0
TXN000055,CUST00316,14.15,fuel,CA,4,tablet,78.93,2,62,0
TXN000056,CUST00014,19.28,online,US,5,desktop,53.88,3,31,0
TXN000057,CUST00242,70.5,grocery,US,17,mobile,181.25,2,67,0
TXN000058,CUST00777,26.53,fuel,NG,17,desktop,515.39,2,68,0
TXN000059,CUST01370,8.59,entertainment,US,8,mobile,260.41,4,51,0
TXN000060,CUST00565,194.06,retail,US,17,desktop,41.54,2,27,0
TXN000061,CUST00898,45.6,online,US,18,mobile,402.8,2,28,0
TXN000062,CUST01364,8.11,fuel,IN,16,mobile,239.39,8,62,0
TXN000063,CUST00092,21.29,fuel,US,8,mobile,24.64,4,66,0
TXN000064,CUST01391,37.0,grocery,ET,0,mobile,224.57,4,57,0
TXN000065,CUST00956,182.11,grocery,US,19,mobile,61.48,4,68,0
TXN000066,CUST01479,10.93,grocery,AE,22,desktop,121.7,2,24,0
TXN000067,CUST01452,87.89,restaurant,IN,17,mobile,64.26,6,52,0
TXN000068,CUST00509,134.22,travel,US,23,desktop,15.8,1,72,0
TXN000069,CUST00776,17.66,retail,US,12,mobile,263.44,5,57,0
TXN000070,CUST00035,25.09,travel,US,7,desktop,317.56,2,45,0
TXN000071,CUST00206,11.75,fuel,FR,13,mobile,47.51,0,32,0
TXN000072,CUST01105,27.02,fuel,US,2,desktop,49.31,1,55,0
TXN000073,CUST01412,31.93,restaurant,US,3,desktop,101.17,4,58,0
TXN000074,CUST01026,64.05,grocery,US,10,desktop,300.33,2,66,0
TXN000075,CUST01022,98.51,online,US,6,mobile,14.47,2,18,0
TXN000076,CUST01414,15.67,fuel,US,20,mobile,297.71,4,67,0
TXN000077,CUST00566,4.63,retail,AE,4,mobile,460.86,1,31,1
TXN000078,CUST01130,32.42,electronics,AE,1,mobile,148.39,2,64,1
TXN000079,CUST00703,44.41,retail,US,5,mobile,11.21,4,69,0
TXN000080,CUST00402,42.5,electronics,CA,19,desktop,56.54,2,30,0
TXN000081,CUST00730,23.89,fuel,GB,4,desktop,21.26,3,39,0
TXN000082,CUST00162,37.52,online,FR,14,mobile,54.02,3,74,0
TXN000083,CUST00202,150.72,grocery,US,10,desktop,300.63,4,38,0
TXN000084,CUST00996,48.51,grocery,US,4,mobile,10.31,3,58,1
TXN000085,CUST00270,22.8,grocery,GB,17,mobile,60.09,3,54,0
TXN000086,CUST00816,20.08,electronics,DE,7,desktop,130.97,2,35,0
TXN000087,CUST01295,27.94,fuel,US,10,desktop,372.92,3,58,0
TXN000088,CUST00456,170.16,grocery,US,16,desktop,51.78,4,26,0
TXN000089,CUST01486,27.57,online,US,13,mobile,271.18,3,56,0
TXN000090,CUST01276,32.47,restaurant,US,1,mobile,157.69,3,48,0
TXN000091,CUST01017,20.44,entertainment,US,6,tablet,203.07,2,53,0
TXN000092,CUST00296,99.38,entertainment,US,22,tablet,356.19,4,22,0
TXN000093,CUST00720,235.06,fuel,US,17,mobile,4.82,4,48,0
TXN000094,CUST00338,51.97,online,AE,0,desktop,135.8,5,18,0
TXN000095,CUST00879,35.97,restaurant,US,14,mobile,247.54,3,39,0
TXN000096,CUST01077,34.36,entertainment,CA,0,mobile,388.69,4,74,0
TXN000097,CUST00792,3.05,restaurant,CA,16,desktop,25.63,2,32,0
TXN000098,CUST00217,69.77,restaurant,US,21,mobile,75.19,0,43,0
TXN000099,CUST00764,37.87,restaurant,US,6,desktop,14.73,2,46,0
TXN000100,CUST00188,50.82,fuel,ET,15,desktop,324.25,3,71,0
TXN000101,CUST00380,16.26,fuel,US,1,desktop,350.55,2,58,0
TXN000102,CUST00493,22.55,online,NG,14,mobile,118.95,3,44,0
TXN000103,CUST01065,21.95,electronics,NG,21,desktop,3.78,8,51,1
TXN000104,CUST01181,91.98,grocery,GB,19,tablet,19.41,4,38,0
TXN000105,CUST00015,22.67,retail,FR,10,mobile,176.24,1,29,0
TXN000106,CUST00065,265.78,travel,CA,23,mobile,729.43,3,52,0
TXN000107,CUST00521,50.95,electronics,US,23,tablet,328.59,5,72,0
TXN000108,CUST01368,9.25,online,IN,1,mobile,287.84,4,51,0
TXN000109,CUST01153,29.12,restaurant,US,10,mobile,97.42,8,50,0
TXN000110,CUST00648,17.26,grocery,US,20,mobile,758.51,1,59,0
TXN000111,CUST01496,3.69,electronics,US,15,mobile,313.71,2,40,0
TXN000112,CUST01087,163.94,restaurant,CA,1,mobile,73.61,3,25,0
TXN000113,CUST01163,66.9,restaurant,US,18,mobile,248.45,4,55,0
TXN000114,CUST00593,56.44,retail,NG,15,desktop,101.98,2,36,0
TXN000115,CUST00392,39.07,online,US,7,desktop,194.43,3,75,0
TXN000116,CUST00419,8.31,travel,AE,20,desktop,631.5,3,68,0
TXN000117,CUST00289,20.42,fuel,US,19,mobile,50.93,2,52,0
TXN000118,CUST00379,76.84,retail,US,4,desktop,285.26,3,44,0
TXN000119,CUST00231,11.57,grocery,US,7,tablet,160.65,1,70,0
TXN000120,CUST01018,2.63,entertainment,US,13,mobile,539.13,0,75,0
TXN000121,CUST00041,26.39,online,US,13,mobile,25.99,2,47,0
TXN000122,CUST01052,28.74,grocery,IN,22,mobile,228.95,2,62,0
TXN000123,CUST00135,37.92,restaurant,US,21,mobile,6.81,5,37,0
TXN000124,CUST00201,68.62,travel,GB,17,desktop,50.96,2,45,0
TXN000125,CUST00780,62.65,fuel,US,4,mobile,69.65,6,27,0
TXN000126,CUST00930,42.9,restaurant,US,9,mobile,101.9,1,59,0
TXN000127,CUST01057,109.46,online,US,14,mobile,604.98,3,42,0
TXN000128,CUST01072,7.25,fuel,US,12,desktop,12.6,4,31,0
TXN000129,CUST00503,54.85,travel,NG,8,mobile,33.32,3,18,0
TXN000130,CUST00407,61.96,retail,FR,8,desktop,40.85,2,47,0
TXN000131,CUST00805,9.59,retail,US,18,tablet,99.3,0,30,0
TXN000132,CUST00099,7.37,travel,GB,8,mobile,11.27,3,42,0
TXN000133,CUST00684,15.71,retail,US,4,mobile,605.6,2,29,0
TXN000134,CUST00726,17.09,grocery,DE,5,mobile,147.72,3,41,0
TXN000135,CUST00961,70.35,grocery,AE,22,desktop,302.07,2,23,0
TXN000136,CUST00613,17.91,electronics,AE,9,mobile,266.51,1,26,0
TXN000137,CUST01486,14.06,online,US,9,desktop,194.62,3,55,0
TXN000138,CUST00643,17.96,online,US,5,mobile,422.58,2,40,0
TXN000139,CUST01029,101.36,travel,US,20,mobile,418.81,2,69,0
TXN000140,CUST01242,33.55,grocery,IN,0,mobile,24.61,5,23,0
TXN000141,CUST00503,27.68,grocery,IN,19,mobile,417.97,4,62,0
TXN000142,CUST00767,29.67,retail,US,12,desktop,133.58,3,52,0
TXN000143,CUST00398,120.55,retail,FR,7,mobile,56.17,4,45,0
TXN000144,CUST00871,15.66,fuel,IN,23,desktop,168.8,2,22,0
TXN000145,CUST00795,123.41,fuel,US,12,mobile,59.36,3,59,0
TXN000146,CUST00393,40.87,online,AE,5,desktop,117.36,2,37,1
TXN000147,CUST00207,28.21,restaurant,US,18,mobile,305.14,0,33,1
TXN000148,CUST01039,403.79,electronics,US,11,mobile,5.89,0,37,0
TXN000149,CUST00892,11.52,fuel,US,14,desktop,36.4,4,67,0
TXN000150,CUST01485,23.25,online,US,7,mobile,564.64,1,39,0
TXN000151,CUST00864,9.66,grocery,AE,22,mobile,106.01,2,68,0
TXN000152,CUST00743,85.84,retail,US,10,mobile,65.06,1,40,0
TXN000153,CUST01265,179.32,entertainment,US,8,mobile,462.17,3,74,0
TXN000154,CUST00564,175.9,restaurant,US,18,desktop,435.87,3,29,0
TXN000155,CUST01021,112.61,online,CA,10,tablet,8.15,2,64,1
TXN000156,CUST00096,27.18,retail,CA,5,mobile,81.03,6,50,0
TXN000157,CUST00485,22.98,grocery,CA,14,tablet,439.16,5,71,0
TXN000158,CUST01431,6.23,travel,US,16,desktop,35.67,2,56,0
TXN000159,CUST00231,253.63,travel,FR,11,mobile,155.39,5,74,0
TXN000160,CUST00749,52.93,electronics,NG,23,mobile,69.63,2,45,0
TXN000161,CUST01195,20.25,entertainment,US,1,mobile,240.11,5,21,1
TXN000162,CUST00541,124.97,electronics,DE,20,mobile,31.01,7,64,0
TXN000163,CUST01060,12.52,grocery,NG,21,mobile,163.16,5,65,0
TXN000164,CUST00525,49.73,grocery,GB,3,mobile,0.0,4,56,1
TXN000165,CUST01184,27.86,grocery,GB,2,mobile,52.4,3,25,0
TXN000166,CUST01267,62.72,electronics,DE,1,desktop,31.85,3,71,0
TXN000167,CUST01110,31.08,fuel,US,18,mobile,42.39,2,38,0
TXN000168,CUST00578,7.76,restaurant,CA,4,desktop,354.45,1,65,0
TXN000169,CUST00682,35.72,online,AE,16,tablet,443.29,3,67,0
TXN000170,CUST00557,94.52,fuel,US,15,desktop,253.19,3,66,0
TXN000171,CUST01013,32.16,restaurant,NG,15,mobile,160.53,3,29,0
TXN000172,CUST00646,71.89,online,CA,11,mobile,47.25,1,52,1
TXN000173,CUST00796,11.64,fuel,US,3,mobile,57.82,2,33,0
TXN000174,CUST01052,32.26,travel,CA,16,tablet,66.76,1,25,0
TXN000175,CUST01364,17.73,electronics,US,18,desktop,270.11,1,22,0
TXN000176,CUST01355,69.89,online,AE,1,desktop,52.48,2,29,1
TXN000177,CUST01372,34.17,retail,US,4,mobile,652.76,4,43,0
TXN000178,CUST01497,66.03,electronics,NG,0,desktop,286.54,3,54,0
TXN000179,CUST01255,98.27,electronics,US,13,desktop,1471.07,4,58,0
TXN000180,CUST00190,66.13,travel,GB,22,tablet,110.64,7,26,0
TXN000181,CUST01249,43.52,grocery,IN,8,desktop,160.19,4,58,0
TXN000182,CUST01409,12.2,online,US,16,mobile,59.23,3,45,0
TXN000183,CUST01401,33.02,restaurant,DE,11,desktop,166.63,2,57,0
TXN000184,CUST01307,19.43,grocery,US,23,tablet,656.25,5,75,0
TXN000185,CUST00633,23.48,travel,AE,23,desktop,5.55,3,25,0
TXN000186,CUST00628,22.77,grocery,CA,22,mobile,61.47,1,19,0
TXN000187,CUST00973,12.43,electronics,IN,19,desktop,59.45,2,67,0
TXN000188,CUST01283,4.68,grocery,AE,11,desktop,726.87,2,70,0
TXN000189,CUST01383,16.98,grocery,US,14,desktop,25.62,1,39,0
TXN000190,CUST00710,40.18,entertainment,US,15,mobile,301.18,5,64,0
TXN000191,CUST01480,8.6,retail,CA,22,desktop,57.77,1,70,0
TXN000192,CUST01435,33.64,restaurant,US,17,desktop,354.68,2,47,0
TXN000193,CUST00649,221.47,online,US,21,mobile,120.41,1,33,0
TXN000194,CUST00318,92.12,restaurant,US,13,desktop,49.93,2,65,0
TXN000195,CUST01249,171.32,travel,CA,11,mobile,222.65,2,41,0
TXN000196,CUST01258,48.97,travel,US,10,tablet,331.65,0,44,0
TXN000197,CUST00684,106.43,restaurant,NG,14,tablet,114.33,4,50,0
TXN000198,CUST00664,16.06,fuel,ET,20,mobile,225.31,3,23,0
TXN000199,CUST01398,17.39,grocery,ET,20,tablet,36.07,8,47,0
TXN000200,CUST01496,2.14,grocery,US,7,mobile,499.39,6,59,0
TXN000201,CUST01257,108.43,fuel,US,16,desktop,18.26,4,43,0
TXN000202,CUST01137,154.52,fuel,US,7,mobile,45.17,2,31,0
TXN000203,CUST00442,19.05,travel,IN,3,mobile,61.23,5,48,0
TXN000204,CUST00564,25.69,travel,US,9,desktop,29.84,4,33,0
TXN000205,CUST01292,15.58,travel,US,5,desktop,93.96,3,38,0
TXN000206,CUST01410,48.55,travel,US,5,mobile,110.16,4,19,0
TXN000207,CUST01411,102.0,electronics,GB,16,mobile,131.59,3,25,0
TXN000208,CUST01137,5.8,travel,GB,7,mobile,7.5,1,24,0
TXN000209,CUST00952,49.87,online,US,12,desktop,44.52,4,43,0
TXN000210,CUST01105,25.11,fuel,US,14,mobile,296.82,3,38,0
TXN000211,CUST00699,37.09,fuel,GB,3,mobile,299.51,4,35,0
TXN000212,CUST00113,52.4,electronics,US,14,desktop,72.09,3,35,0
TXN000213,CUST00002,27.43,electronics,GB,22,tablet,111.31,3,18,0
TXN000214,CUST00642,29.86,electronics,ET,13,mobile,36.48,1,44,0
TXN000215,CUST00220,26.74,online,GB,10,desktop,310.82,0,25,0
TXN000216,CUST00855,87.38,travel,CA,19,desktop,565.06,4,45,0
TXN000217,CUST01249,50.34,retail,AE,16,mobile,61.99,3,55,0
TXN000218,CUST00385,41.29,fuel,NG,9,desktop,274.14,1,19,0
TXN000219,CUST01427,9.29,retail,US,5,desktop,78.2,3,39,0
TXN000220,CUST01154,22.68,fuel,US,5,mobile,0.47,3,37,1
TXN000221,CUST01077,81.34,retail,ET,0,mobile,164.81,5,31,0
TXN000222,CUST00730,34.39,online,US,4,desktop,95.1,2,52,0
TXN000223,CUST01440,64.04,retail,IN,3,mobile,255.71,4,48,0
TXN000224,CUST00247,193.74,grocery,US,10,mobile,248.65,1,58,0
TXN000225,CUST00836,93.56,grocery,IN,16,mobile,525.48,3,20,0
TXN000226,CUST01463,36.35,online,CA,6,mobile,103.67,4,25,0
TXN000227,CUST00203,19.87,retail,FR,19,mobile,118.58,3,43,0
TXN000228,CUST01208,2.58,electronics,US,2,mobile,92.07,2,41,0
TXN000229,CUST00123,27.98,restaurant,IN,1,mobile,63.42,1,32,0
TXN000230,CUST00401,23.9,online,US,7,mobile,182.82,6,54,0
TXN000231,CUST00767,48.93,online,US,4,mobile,316.89,2,55,0
TXN000232,CUST00294,28.39,restaurant,US,4,desktop,30.92,4,32,0
TXN000233,CUST00280,24.04,fuel,IN,9,desktop,721.53,3,70,0
TXN000234,CUST00884,5.59,retail,US,11,mobile,207.25,4,61,0
TXN000235,CUST00198,12.94,retail,GB,16,tablet,272.63,2,69,0
TXN000236,CUST00982,53.34,restaurant,GB,13,desktop,1218.96,3,52,0
TXN000237,CUST00752,184.18,restaurant,NG,4,desktop,126.22,2,73,1
TXN000238,CUST00144,30.04,electronics,GB,4,mobile,13.31,8,55,0
TXN000239,CUST00609,45.96,electronics,CA,23,mobile,281.17,4,34,0
TXN000240,CUST01225,85.84,grocery,DE,5,tablet,368.3,3,73,0
TXN000241,CUST01148,14.72,fuel,FR,14,mobile,31.9,3,69,0
TXN000242,CUST00187,47.79,electronics,US,4,desktop,4.4,5,48,1
TXN000243,CUST01350,15.79,retail,US,7,mobile,26.28,0,19,0
TXN000244,CUST00464,78.64,retail,US,0,tablet,70.47,2,22,0
TXN000245,CUST01373,38.53,grocery,US,20,mobile,464.53,4,19,0
TXN000246,CUST00660,44.63,retail,US,2,mobile,0.44,3,19,1
TXN000247,CUST00764,15.14,fuel,CA,20,desktop,293.15,2,43,0
TXN000248,CUST00955,67.16,online,IN,18,mobile,347.4,0,55,0
TXN000249,CUST00403,266.32,electronics,US,14,mobile,299.93,2,54,0
TXN000250,CUST01370,12.09,online,FR,3,mobile,15.44,2,27,0
TXN000251,CUST00147,23.58,restaurant,US,1,mobile,204.64,3,44,0
TXN000252,CUST01172,41.75,online,US,16,mobile,553.86,4,25,0
TXN000253,CUST00864,72.7,grocery,CA,11,desktop,23.08,4,27,0
TXN000254,CUST00489,18.92,online,IN,19,desktop,5.8,3,52,0
TXN000255,CUST00929,1.95,restaurant,US,7,tablet,372.38,2,41,0
TXN000256,CUST00551,128.92,grocery,US,4,mobile,186.38,5,41,0
TXN000257,CUST00338,70.85,online,US,9,mobile,187.14,4,48,0
TXN000258,CUST00872,5.8,online,US,18,desktop,600.53,2,21,0
TXN000259,CUST00641,18.04,electronics,CA,8,desktop,264.36,1,57,0
TXN000260,CUST00473,158.89,grocery,AE,15,desktop,91.18,2,31,0
TXN000261,CUST00151,140.86,retail,DE,0,mobile,103.04,3,53,0
TXN000262,CUST01439,84.66,online,US,14,tablet,28.13,3,43,0
TXN000263,CUST01322,27.77,grocery,NG,1,mobile,65.25,3,29,1
TXN000264,CUST00263,35.98,online,US,13,mobile,106.11,7,69,0
TXN000265,CUST00144,29.05,travel,FR,20,desktop,54.46,2,69,0
TXN000266,CUST00346,102.33,grocery,US,15,desktop,445.58,1,44,0
TXN000267,CUST00624,13.79,online,NG,9,mobile,2.14,3,23,1
TXN000268,CUST01017,14.79,entertainment,ET,11,desktop,159.19,1,44,0
TXN000269,CUST00881,90.95,fuel,NG,12,desktop,265.8,3,31,0
TXN000270,CUST00002,31.68,restaurant,US,19,desktop,237.09,1,61,0
TXN000271,CUST00897,131.43,retail,GB,8,mobile,185.77,2,39,0
TXN000272,CUST01328,16.92,electronics,DE,1,mobile,95.08,2,66,0
TXN000273,CUST00254,31.35,retail,FR,18,mobile,451.24,4,37,0
TXN000274,CUST00453,13.17,grocery,US,14,desktop,71.8,2,20,0
TXN000275,CUST01061,33.36,travel,US,14,mobile,249.63,2,26,0
TXN000276,CUST01184,7.55,online,US,23,mobile,470.25,4,33,0
TXN000277,CUST01015,20.34,restaurant,US,0,mobile,24.73,4,59,0
TXN000278,CUST00009,7.88,fuel,AE,17,mobile,529.02,4,26,0
TXN000279,CUST01257,66.28,online,AE,20,desktop,269.33,4,66,0
TXN000280,CUST01123,67.8,grocery,US,6,mobile,172.56,4,49,0
TXN000281,CUST00816,5.87,online,IN,9,desktop,84.14,1,51,0
TXN000282,CUST00208,125.7,travel,US,8,mobile,422.31,3,42,0
TXN000283,CUST01155,402.39,restaurant,US,18,mobile,8.11,3,44,0
TXN000284,CUST00404,34.67,retail,US,10,tablet,101.76,0,44,0
TXN000285,CUST00152,17.44,retail,AE,3,desktop,254.37,3,19,1
TXN000286,CUST00054,557.98,restaurant,FR,0,desktop,300.02,4,39,0
TXN000287,CUST01144,8.86,online,US,11,desktop,40.68,3,19,0
TXN000288,CUST00628,33.79,restaurant,GB,0,mobile,8.78,4,65,0
TXN000289,CUST00587,39.63,fuel,US,16,desktop,292.28,4,70,0
TXN000290,CUST01444,127.12,retail,US,19,mobile,98.64,4,72,0
TXN000291,CUST01446,47.45,electronics,US,8,desktop,27.89,1,18,0
TXN000292,CUST00104,20.11,entertainment,US,7,desktop,16.1,5,71,0
TXN000293,CUST00254,12.79,travel,NG,3,mobile,184.22,2,57,1
TXN000294,CUST01251,23.53,electronics,GB,7,desktop,157.36,7,56,0
TXN000295,CUST01136,12.1,retail,US,22,desktop,346.33,1,27,0
TXN000296,CUST00510,34.74,online,US,21,mobile,5.77,2,73,0
TXN000297,CUST01497,18.84,travel,US,9,mobile,365.08,2,29,0
TXN000298,CUST00099,7.43,fuel,US,17,tablet,392.85,1,54,0
TXN000299,CUST00153,116.18,restaurant,US,14,tablet,106.4,3,63,0
TXN000300,CUST00914,20.13,restaurant,US,18,desktop,14.36,5,34,0
TXN000301,CUST00878,9.32,retail,DE,19,mobile,527.87,1,20,0
TXN000302,CUST00338,27.99,fuel,US,22,mobile,13.46,4,38,0
TXN000303,CUST00822,35.46,entertainment,US,23,mobile,160.78,4,29,0
TXN000304,CUST01187,5.77,restaurant,IN,10,desktop,122.32,3,65,0
TXN000305,CUST00957,46.14,online,US,23,mobile,324.42,3,44,0
TXN000306,CUST00161,11.62,retail,US,3,tablet,125.71,1,32,0
TXN000307,CUST00801,183.28,restaurant,US,8,mobile,113.98,2,54,0
TXN000308,CUST00398,55.92,grocery,US,7,desktop,382.63,4,62,0
TXN000309,CUST01301,22.2,online,US,15,mobile,598.41,1,58,0
TXN000310,CUST00816,15.72,electronics,US,12,mobile,143.44,5,20,0
TXN000311,CUST01416,29.82,grocery,AE,4,desktop,109.16,5,22,1
TXN000312,CUST01159,61.12,retail,FR,12,desktop,320.12,2,51,0
TXN000313,CUST01219,32.28,retail,GB,18,desktop,320.11,1,51,0
TXN000314,CUST00401,26.65,online,US,1,mobile,69.26,5,38,0
TXN000315,CUST00640,35.11,fuel,US,11,mobile,154.54,1,30,0
TXN000316,CUST01057,18.1,retail,US,8,desktop,30.13,0,42,0
TXN000317,CUST00688,23.5,fuel,US,0,desktop,181.68,1,31,1
TXN000318,CUST00460,4.11,grocery,US,22,desktop,323.23,7,35,0
TXN000319,CUST00955,87.68,grocery,US,13,mobile,37.38,2,73,0
TXN000320,CUST00470,44.65,grocery,US,6,desktop,70.23,2,62,0
TXN000321,CUST01399,15.28,grocery,US,16,mobile,107.26,5,20,0
TXN000322,CUST01046,221.13,restaurant,US,22,mobile,335.67,2,20,0
TXN000323,CUST00750,36.13,electronics,US,13,mobile,236.6,6,62,0
TXN000324,CUST00038,11.75,restaurant,US,16,mobile,68.59,4,49,0
TXN000325,CUST00230,78.0,grocery,US,1,mobile,50.12,4,63,0
TXN000326,CUST01389,49.31,online,US,8,mobile,214.16,3,35,0
TXN000327,CUST00563,49.14,restaurant,US,14,mobile,117.67,4,49,0
TXN000328,CUST00438,21.63,entertainment,US,23,desktop,162.05,5,49,0
TXN000329,CUST01307,51.96,grocery,US,15,tablet,188.3,1,53,0
TXN000330,CUST00027,25.49,entertainment,US,8,mobile,147.24,3,61,0
TXN000331,CUST00226,57.74,retail,DE,3,mobile,170.91,2,46,0
TXN000332,CUST01301,4.93,fuel,US,14,mobile,393.27,0,56,0
TXN000333,CUST00798,21.46,fuel,US,20,mobile,364.76,0,54,0
TXN000334,CUST00284,185.33,retail,US,9,mobile,29.05,2,52,0
TXN000335,CUST00879,15.38,restaurant,US,6,mobile,158.96,2,44,0
TXN000336,CUST00960,18.1,retail,US,5,desktop,104.14,4,57,0
TXN000337,CUST00453,21.16,fuel,IN,14,desktop,60.52,3,41,0
TXN000338,CUST01020,9.83,fuel,AE,1,tablet,179.52,2,73,1
TXN000339,CUST00816,3.64,electronics,US,23,desktop,128.73,2,53,0
TXN000340,CUST00659,26.3,online,CA,14,mobile,268.42,5,52,0
TXN000341,CUST00547,37.93,online,US,17,desktop,17.66,3,57,0
TXN000342,CUST01216,31.42,online,US,13,mobile,64.89,1,23,0
TXN000343,CUST01073,28.65,fuel,DE,17,mobile,4.7,3,24,0
TXN000344,CUST00017,34.57,grocery,US,2,tablet,246.65,2,31,0
TXN000345,CUST01196,92.1,electronics,US,19,desktop,438.41,3,34,0
TXN000346,CUST01244,27.37,travel,GB,21,desktop,159.34,3,44,0
TXN000347,CUST00158,18.65,restaurant,CA,13,mobile,172.74,2,59,0
TXN000348,CUST00477,25.0,grocery,IN,5,desktop,8.56,2,61,0
TXN000349,CUST01070,59.11,grocery,ET,13,desktop,126.13,2,23,0
TXN000350,CUST01397,135.91,electronics,FR,1,mobile,134.71,4,20,0
TXN000351,CUST00518,17.67,travel,US,21,mobile,7.16,2,56,0
TXN000352,CUST00099,36.56,grocery,US,15,mobile,274.51,3,52,0
TXN000353,CUST01061,46.45,retail,DE,23,mobile,58.71,1,19,0
TXN000354,CUST00280,12.27,fuel,IN,15,desktop,231.36,3,36,0
TXN000355,CUST01373,33.8,fuel,US,20,mobile,92.83,5,59,0
TXN000356,CUST00497,7.65,grocery,IN,16,tablet,978.6,2,40,0
TXN000357,CUST00302,5.65,online,US,15,desktop,42.93,1,34,0
TXN000358,CUST00181,47.79,online,US,15,mobile,10.8,3,26,0
TXN000359,CUST00607,22.56,retail,US,7,mobile,703.32,3,57,0
TXN000360,CUST01123,40.54,fuel,US,5,mobile,50.31,5,26,0
TXN000361,CUST00700,32.53,online,ET,17,mobile,181.58,4,52,0
TXN000362,CUST00993,12.47,retail,US,22,mobile,84.48,2,26,0
TXN000363,CUST01140,31.65,grocery,NG,13,mobile,183.71,3,29,0
TXN000364,CUST00191,9.65,grocery,US,15,tablet,163.17,3,20,0
TXN000365,CUST00253,133.08,fuel,US,7,tablet,221.13,3,54,0
TXN000366,CUST00981,8.53,grocery,ET,17,desktop,3.35,2,38,0
TXN000367,CUST00928,27.23,grocery,US,13,desktop,325.63,4,74,0
TXN000368,CUST01185,11.68,fuel,FR,16,desktop,117.25,3,45,0
TXN000369,CUST01280,58.58,restaurant,US,21,mobile,131.68,4,50,0
TXN000370,CUST01347,23.77,online,US,21,mobile,95.29,5,51,0
TXN000371,CUST00128,19.71,retail,CA,7,desktop,818.15,3,60,0
TXN000372,CUST00018,77.73,restaurant,NG,15,tablet,291.12,3,39,0
TXN000373,CUST00566,34.1,restaurant,CA,22,mobile,67.16,1,54,0
TXN000374,CUST00570,55.51,grocery,GB,23,mobile,275.07,3,47,0
TXN000375,CUST01347,12.41,grocery,FR,9,mobile,103.4,4,48,0
TXN000376,CUST00686,8.13,grocery,US,9,mobile,367.26,8,33,0
TXN000377,CUST00626,36.86,grocery,AE,20,mobile,5.64,4,69,0
TXN000378,CUST01312,24.07,travel,US,17,mobile,79.04,3,52,0
TXN000379,CUST00854,61.96,restaurant,US,20,tablet,101.12,5,18,0
TXN000380,CUST00962,30.57,fuel,US,17,desktop,245.44,5,26,0
TXN000381,CUST00155,40.65,retail,US,8,tablet,36.23,1,18,0
TXN000382,CUST00490,6.53,entertainment,US,20,mobile,60.71,1,40,0
TXN000383,CUST01410,218.86,online,US,0,mobile,231.65,4,54,0
TXN000384,CUST00785,28.1,grocery,US,15,mobile,14.39,5,35,0
TXN000385,CUST01128,66.53,fuel,GB,9,tablet,40.42,1,21,0
TXN000386,CUST01417,14.35,electronics,CA,14,mobile,251.97,6,27,0
TXN000387,CUST00246,45.06,grocery,GB,4,desktop,375.06,5,44,0
TXN000388,CUST01200,9.0,entertainment,US,16,mobile,234.9,2,64,0
TXN000389,CUST01063,52.04,electronics,FR,8,mobile,134.81,4,19,0
TXN000390,CUST00759,23.2,restaurant,US,5,mobile,18.78,2,72,0
TXN000391,CUST00538,34.1,retail,CA,1,desktop,316.04,3,21,0
TXN000392,CUST00921,66.55,retail,US,12,mobile,23.84,3,57,0
TXN000393,CUST00408,9.65,electronics,US,22,mobile,87.53,1,50,0
TXN000394,CUST00525,16.7,electronics,US,17,mobile,9.33,5,58,0
TXN000395,CUST00828,52.32,online,ET,19,desktop,222.62,3,25,0
TXN000396,CUST00903,269.95,fuel,NG,3,mobile,126.03,2,32,1
TXN000397,CUST00036,28.84,grocery,FR,9,tablet,428.71,5,24,0
TXN000398,CUST00685,59.81,online,US,22,mobile,26.89,0,63,0
TXN000399,CUST00020,29.76,retail,US,21,mobile,307.83,1,47,0
TXN000400,CUST00321,230.96,restaurant,NG,10,mobile,128.65,3,62,0
TXN000401,CUST00512,5.77,retail,US,12,mobile,82.05,3,41,0
TXN000402,CUST00400,36.4,retail,IN,22,desktop,185.69,3,37,0
TXN000403,CUST00654,6.52,restaurant,US,21,tablet,281.27,4,72,0
TXN000404,CUST00972,2.7,fuel,IN,16,desktop,104.46,2,22,0
TXN000405,CUST00471,44.59,restaurant,IN,10,mobile,47.7,4,24,0
TXN000406,CUST01167,38.07,fuel,GB,3,mobile,445.4,6,54,0
TXN000407,CUST01116,24.91,entertainment,US,13,tablet,67.58,4,19,0
TXN000408,CUST01378,29.78,restaurant,US,2,mobile,1141.28,2,75,0
TXN000409,CUST00834,733.85,fuel,NG,22,desktop,262.46,1,27,1
TXN000410,CUST00727,25.58,entertainment,NG,22,tablet,209.55,1,30,0
TXN000411,CUST00854,55.15,electronics,US,11,desktop,2.25,3,38,0
TXN000412,CUST00051,17.3,grocery,US,3,mobile,107.13,4,20,0
TXN000413,CUST00575,44.49,grocery,AE,15,desktop,125.65,4,70,0
TXN000414,CUST01214,26.1,online,CA,6,mobile,85.0,2,31,0
TXN000415,CUST01149,21.97,retail,AE,19,mobile,29.25,3,70,0
TXN000416,CUST00150,204.16,entertainment,AE,18,mobile,82.44,3,33,0
TXN000417,CUST00314,107.47,travel,NG,17,mobile,14.03,2,71,0
TXN000418,CUST00570,37.97,online,US,20,desktop,61.88,2,25,0
TXN000419,CUST01366,3.31,restaurant,US,8,desktop,15.73,3,41,0
TXN000420,CUST00305,23.08,grocery,US,10,desktop,251.29,8,31,0
TXN000421,CUST00682,494.24,travel,IN,18,desktop,200.19,7,67,0
TXN000422,CUST00838,26.29,travel,US,16,mobile,506.21,3,23,0
TXN000423,CUST01078,99.8,online,US,20,desktop,86.03,3,41,0
TXN000424,CUST01003,140.04,retail,US,17,mobile,277.69,4,46,0
TXN000425,CUST00444,41.22,online,US,5,desktop,159.44,3,43,0
TXN000426,CUST00613,14.27,online,ET,2,desktop,186.98,3,51,0
TXN000427,CUST00993,2.9,grocery,DE,13,mobile,142.72,2,61,0
TXN000428,CUST00264,65.64,retail,GB,8,desktop,271.86,2,22,0
TXN000429,CUST01077,14.66,fuel,US,2,mobile,7.72,5,51,0
TXN000430,CUST01004,39.49,retail,NG,1,desktop,15.1,3,59,1
TXN000431,CUST00005,9.49,electronics,US,18,desktop,18.15,0,51,0
TXN000432,CUST01127,25.4,travel,CA,5,desktop,61.32,3,30,0
TXN000433,CUST01220,34.25,online,US,2,mobile,160.98,3,20,0
TXN000434,CUST00774,43.32,restaurant,US,8,desktop,186.73,1,22,0
TXN000435,CUST00877,10.86,fuel,US,17,desktop,224.44,4,39,0
TXN000436,CUST00992,109.61,retail,CA,6,mobile,59.32,3,38,0
TXN000437,CUST00884,18.23,grocery,CA,1,mobile,189.08,5,44,0
TXN000438,CUST01374,6.21,grocery,US,0,mobile,22.54,3,41,0
TXN000439,CUST00047,29.69,fuel,US,4,mobile,1.81,4,56,1
TXN000440,CUST00867,34.27,restaurant,AE,23,mobile,213.55,4,65,0
TXN000441,CUST00823,38.88,online,US,2,mobile,226.33,3,70,0
TXN000442,CUST00936,129.3,fuel,US,6,desktop,175.18,1,25,0
TXN000443,CUST00656,26.14,restaurant,US,5,desktop,53.92,5,21,0
TXN000444,CUST00269,29.38,entertainment,AE,0,desktop,472.27,2,53,0
TXN000445,CUST00370,10.99,online,US,22,desktop,375.27,1,23,0
TXN000446,CUST00636,75.23,retail,IN,18,mobile,130.45,1,48,0
TXN000447,CUST01130,39.82,fuel,US,19,mobile,814.08,1,22,0
TXN000448,CUST00657,21.76,retail,US,13,tablet,63.85,8,61,0
TXN000449,CUST00120,4.93,grocery,US,9,desktop,121.6,4,23,0
TXN000450,CUST00831,140.39,restaurant,GB,1,mobile,473.4,2,19,0
TXN000451,CUST01082,9.7,grocery,US,10,mobile,111.62,5,18,0
TXN000452,CUST01370,18.33,travel,CA,15,mobile,114.62,4,46,0
TXN000453,CUST00741,47.39,retail,US,16,mobile,14.89,4,40,0
TXN000454,CUST01498,10.01,travel,US,4,mobile,42.74,2,63,0
TXN000455,CUST00117,7.44,entertainment,AE,21,desktop,30.93,2,60,0
TXN000456,CUST00791,3.96,restaurant,DE,17,desktop,149.94,0,35,0
TXN000457,CUST01151,68.1,electronics,US,15,mobile,69.02,0,20,0
TXN000458,CUST01417,19.2,retail,CA,9,mobile,14.43,4,68,0
TXN000459,CUST01013,618.48,electronics,CA,5,desktop,128.39,9,74,1
TXN000460,CUST01082,12.25,entertainment,US,21,mobile,199.13,4,33,0
TXN000461,CUST00634,13.18,restaurant,US,23,desktop,240.08,6,53,0
TXN000462,CUST00513,18.81,retail,US,7,mobile,327.09,2,48,0
TXN000463,CUST00802,42.23,online,US,5,mobile,118.39,2,39,0
TXN000464,CUST01120,20.69,fuel,FR,22,mobile,89.15,2,25,0
TXN000465,CUST01142,61.09,grocery,US,3,desktop,207.43,3,39,0
TXN000466,CUST00560,12.45,travel,US,4,mobile,2.42,5,30,1
TXN000467,CUST00488,8.32,retail,US,5,mobile,180.69,3,55,0
TXN000468,CUST01261,5.48,retail,IN,14,mobile,93.66,2,46,0
TXN000469,CUST00897,3.58,grocery,FR,5,desktop,108.55,3,33,0
TXN000470,CUST01296,19.73,restaurant,US,18,desktop,63.24,0,27,0
TXN000471,CUST01213,24.51,travel,US,19,mobile,24.5,2,63,0
TXN000472,CUST00704,17.61,grocery,US,7,mobile,92.38,3,51,0
TXN000473,CUST01471,114.82,fuel,GB,12,desktop,66.32,5,73,0
TXN000474,CUST00581,113.07,restaurant,US,3,desktop,579.93,1,50,0
TXN000475,CUST00790,23.69,electronics,IN,21,desktop,517.36,1,31,0
TXN000476,CUST00861,5.51,fuel,US,16,desktop,185.87,5,65,0
TXN000477,CUST00247,18.79,travel,CA,13,desktop,421.25,2,49,0
TXN000478,CUST01100,18.18,fuel,DE,17,mobile,250.45,1,40,0
TXN000479,CUST00154,17.16,retail,AE,14,desktop,76.41,1,32,0
TXN000480,CUST01459,16.48,grocery,US,21,desktop,166.7,1,42,0
TXN000481,CUST00997,17.23,fuel,GB,18,mobile,44.8,4,74,0
TXN000482,CUST01110,22.5,restaurant,US,10,mobile,209.2,3,43,0
TXN000483,CUST00697,17.54,electronics,US,6,desktop,8.25,6,29,0
TXN000484,CUST01309,40.79,grocery,NG,0,mobile,320.38,7,36,0
TXN000485,CUST01244,47.48,grocery,IN,2,desktop,157.54,3,66,0
TXN000486,CUST01093,13.32,restaurant,DE,18,mobile,10.84,3,64,0
TXN000487,CUST01071,118.04,electronics,US,0,mobile,369.69,2,57,0
TXN000488,CUST01009,12.43,retail,AE,3,mobile,378.23,2,36,1
TXN000489,CUST00094,6.57,fuel,US,23,tablet,344.89,2,73,0
TXN000490,CUST00958,48.46,retail,US,10,tablet,267.94,3,49,0
TXN000491,CUST01012,14.62,online,GB,6,mobile,203.93,4,27,0
TXN000492,CUST00453,45.66,restaurant,US,6,mobile,91.02,4,44,0
TXN000493,CUST01228,2.99,restaurant,IN,13,mobile,26.38,2,40,0
TXN000494,CUST00912,133.28,restaurant,US,14,mobile,61.34,0,73,0
TXN000495,CUST00218,64.86,restaurant,US,4,mobile,76.73,3,70,0
TXN000496,CUST00474,7.39,fuel,GB,13,mobile,79.79,4,69,1
TXN000497,CUST00432,7.55,online,FR,12,desktop,150.04,4,58,0
TXN000498,CUST00341,176.31,electronics,US,19,desktop,42.06,1,35,0
TXN000499,CUST00551,15.84,grocery,US,21,mobile,37.85,5,52,0
TXN000500,CUST01313,14.38,grocery,FR,17,desktop,227.19,6,67,0
TXN000501,CUST01278,3.43,restaurant,US,0,mobile,1.36,3,30,0
TXN000502,CUST00357,23.32,grocery,US,12,mobile,29.15,1,19,0
TXN000503,CUST00023,26.37,entertainment,GB,22,desktop,102.75,6,53,0
TXN000504,CUST00522,67.73,grocery,US,19,mobile,29.06,3,39,0
TXN000505,CUST01124,8.17,fuel,IN,6,mobile,578.56,1,37,0
TXN000506,CUST00802,7.24,electronics,GB,5,mobile,199.62,3,24,0
TXN000507,CUST01204,51.99,grocery,IN,8,tablet,102.06,3,29,0
TXN000508,CUST01247,90.62,entertainment,US,9,desktop,21.43,3,32,0
TXN000509,CUST00762,6.88,online,IN,21,mobile,87.56,2,46,0
TXN000510,CUST00442,97.66,restaurant,US,2,desktop,189.28,5,65,0
TXN000511,CUST00769,34.38,retail,US,6,mobile,624.2,5,25,0
TXN000512,CUST01016,98.67,grocery,US,10,tablet,115.19,4,40,0
TXN000513,CUST01349,30.87,restaurant,US,11,desktop,212.22,2,69,0
TXN000514,CUST00516,2.66,fuel,US,11,desktop,39.12,2,30,0
TXN000515,CUST01040,28.45,fuel,US,12,desktop,175.89,3,50,0
TXN000516,CUST00792,95.6,restaurant,US,21,desktop,49.17,4,22,0
TXN000517,CUST00336,13.55,grocery,US,22,desktop,39.75,3,36,0
TXN000518,CUST00258,22.47,retail,GB,7,desktop,128.12,2,24,0
TXN000519,CUST00497,27.77,restaurant,US,3,mobile,42.81,3,21,0
TXN000520,CUST00896,1.82,restaurant,FR,20,mobile,229.99,3,75,0
TXN000521,CUST00160,176.15,online,CA,19,mobile,498.6,3,54,0
TXN000522,CUST01499,13.45,retail,NG,0,mobile,90.04,2,26,0
TXN000523,CUST00852,54.91,grocery,US,5,mobile,70.07,2,36,0
TXN000524,CUST00690,30.37,fuel,IN,22,mobile,34.82,2,42,0
TXN000525,CUST00380,116.47,online,CA,1,mobile,89.09,2,18,0
TXN000526,CUST00957,49.7,electronics,IN,21,desktop,147.63,3,60,0
TXN000527,CUST00691,26.18,fuel,US,13,desktop,84.02,6,21,0
TXN000528,CUST01451,13.55,retail,DE,17,mobile,175.63,3,35,0
TXN000529,CUST01292,73.54,restaurant,ET,9,mobile,195.47,3,24,0
TXN000530,CUST01441,5.09,grocery,US,20,mobile,18.53,5,36,0
TXN000531,CUST01192,63.17,retail,CA,0,desktop,215.39,5,69,0
TXN000532,CUST01067,11.03,fuel,ET,2,mobile,415.04,3,40,0
TXN000533,CUST00285,115.85,travel,CA,19,tablet,4.79,5,45,0
TXN000534,CUST00397,38.91,online,US,3,desktop,144.27,6,46,0
TXN000535,CUST00012,63.06,fuel,DE,17,desktop,166.68,1,23,0
TXN000536,CUST01326,35.94,fuel,US,7,mobile,222.7,1,61,0
TXN000537,CUST01277,5.74,retail,ET,21,mobile,87.73,2,44,0
TXN000538,CUST00499,14.0,electronics,US,8,tablet,307.38,3,65,0
TXN000539,CUST00754,64.87,restaurant,US,21,mobile,139.73,2,63,0
TXN000540,CUST00035,39.12,online,US,18,desktop,94.65,6,21,0
TXN000541,CUST00727,107.88,electronics,GB,1,mobile,228.66,5,40,0
TXN000542,CUST00849,49.56,online,IN,8,mobile,472.04,3,47,0
TXN000543,CUST00090,12.59,electronics,US,2,desktop,300.84,1,62,0
TXN000544,CUST00776,14.94,grocery,US,21,desktop,480.38,1,75,0
TXN000545,CUST00605,36.71,travel,US,1,desktop,55.65,3,71,0
TXN000546,CUST00970,3.27,fuel,AE,6,desktop,22.71,4,41,0
TXN000547,CUST01022,176.52,entertainment,US,16,mobile,137.58,1,49,0
TXN000548,CUST00418,51.51,travel,US,16,desktop,8.18,2,28,0
TXN000549,CUST00115,112.96,grocery,CA,8,tablet,202.08,8,47,0
TXN000550,CUST00617,6.82,electronics,US,0,tablet,49.4,0,43,0
TXN000551,CUST01220,114.96,entertainment,US,0,desktop,109.04,5,33,0
TXN000552,CUST00826,308.43,electronics,US,7,mobile,191.85,2,60,0
TXN000553,CUST01099,8.84,fuel,ET,16,mobile,118.78,2,74,0
TXN000554,CUST00413,71.62,travel,IN,7,mobile,48.47,4,70,0
TXN000555,CUST01400,33.15,restaurant,FR,18,mobile,382.2,3,23,0
TXN000556,CUST01444,7.07,entertainment,US,3,mobile,260.31,3,42,0
TXN000557,CUST00729,54.21,grocery,US,17,mobile,165.42,1,37,0
TXN000558,CUST01301,76.22,online,US,12,mobile,215.84,6,27,0
TXN000559,CUST01021,18.15,restaurant,FR,21,mobile,96.61,6,56,0
TXN000560,CUST00761,106.26,grocery,CA,6,mobile,84.86,4,63,0
TXN000561,CUST00676,6.25,travel,NG,2,mobile,31.41,6,18,1
TXN000562,CUST01418,7.43,travel,US,13,desktop,292.96,2,61,0
TXN000563,CUST00457,37.96,fuel,FR,8,mobile,86.35,2,28,0
TXN000564,CUST00920,33.97,fuel,GB,2,desktop,212.17,1,29,0
TXN000565,CUST00192,16.17,fuel,US,6,desktop,64.19,3,37,0
TXN000566,CUST00739,74.41,electronics,GB,14,mobile,286.12,0,29,0
TXN000567,CUST01123,56.31,online,IN,3,tablet,20.02,0,61,0
TXN000568,CUST00978,78.11,online,NG,4,desktop,176.56,5,33,1
TXN000569,CUST01009,29.28,electronics,DE,8,mobile,296.67,4,32,0
TXN000570,CUST00096,60.5,online,US,2,mobile,194.32,3,43,0
TXN000571,CUST00663,21.21,retail,NG,15,desktop,214.4,1,73,0
TXN000572,CUST01214,258.22,restaurant,GB,15,desktop,134.37,3,28,0
TXN000573,CUST00037,14.69,retail,US,18,mobile,147.38,5,20,0
TXN000574,CUST01393,271.86,grocery,US,8,tablet,12.27,0,19,0
TXN000575,CUST00279,34.29,restaurant,US,19,desktop,51.98,6,61,0
TXN000576,CUST00217,8.37,restaurant,US,0,desktop,230.38,2,36,0
TXN000577,CUST00867,130.07,online,FR,16,desktop,523.46,3,49,0
TXN000578,CUST00873,37.56,grocery,US,11,desktop,140.47,8,40,0
TXN000579,CUST01297,77.57,retail,US,8,mobile,232.76,4,61,0
TXN000580,CUST00062,112.6,entertainment,US,21,desktop,207.12,5,70,0
TXN000581,CUST00596,46.43,online,US,4,desktop,1330.7,4,41,1
TXN000582,CUST00729,18.32,travel,US,14,mobile,285.26,4,30,0
TXN000583,CUST01366,87.86,retail,US,12,mobile,177.82,2,18,0
TXN000584,CUST00397,33.14,entertainment,US,18,mobile,22.02,4,56,0
TXN000585,CUST00699,65.75,travel,GB,2,mobile,81.08,2,22,0
TXN000586,CUST01043,3.84,fuel,US,1,mobile,51.95,2,70,0
TXN000587,CUST00177,51.78,online,CA,12,desktop,345.95,3,60,0
TXN000588,CUST00396,17.49,online,US,6,desktop,106.36,2,30,0
TXN000589,CUST00445,173.0,electronics,US,8,mobile,137.95,2,54,0
TXN000590,CUST01257,61.75,travel,US,21,desktop,602.53,1,25,0
TXN000591,CUST00076,42.09,grocery,US,9,desktop,326.17,3,68,0
TXN000592,CUST00265,53.86,electronics,US,0,mobile,280.76,5,66,0
TXN000593,CUST00455,12.2,fuel,US,21,mobile,27.61,4,66,0
TXN000594,CUST00718,167.88,retail,US,15,mobile,4.15,3,65,0
TXN000595,CUST00735,242.59,retail,FR,10,desktop,24.15,5,57,0
TXN000596,CUST01408,49.05,online,US,23,mobile,242.67,1,47,0
TXN000597,CUST00851,162.46,online,AE,7,mobile,95.19,2,61,0
TXN000598,CUST01391,18.74,restaurant,ET,12,mobile,22.49,6,45,0
TXN000599,CUST00144,14.92,fuel,FR,15,tablet,241.8,2,46,0
TXN000600,CUST00885,34.5,grocery,US,2,desktop,38.95,0,70,0
TXN000601,CUST01093,51.16,restaurant,AE,12,mobile,160.07,7,53,0
TXN000602,CUST01123,22.33,fuel,US,16,tablet,243.54,2,37,0
TXN000603,CUST00396,56.7,restaurant,US,20,mobile,168.6,3,22,0
TXN000604,CUST01049,44.99,grocery,US,5,desktop,910.29,3,24,0
TXN000605,CUST00948,12.2,entertainment,IN,9,mobile,102.5,5,47,0
TXN000606,CUST00891,55.63,restaurant,US,8,mobile,67.26,4,55,0
TXN000607,CUST01493,78.53,grocery,NG,17,desktop,40.44,1,24,0
TXN000608,CUST01175,39.31,grocery,US,16,desktop,126.13,3,28,0
TXN000609,CUST01168,104.86,restaurant,NG,6,mobile,344.48,1,28,0
TXN000610,CUST00569,9.8,grocery,NG,1,mobile,528.46,2,37,1
TXN000611,CUST01063,52.88,fuel,IN,10,mobile,643.95,3,50,0
TXN000612,CUST00109,10.28,restaurant,US,17,desktop,136.43,1,32,0
TXN000613,CUST01066,10.87,entertainment,AE,2,mobile,167.32,3,21,1
TXN000614,CUST01210,17.62,grocery,IN,13,desktop,156.81,3,68,0
TXN000615,CUST00935,12.91,travel,US,19,desktop,112.92,3,27,0
TXN000616,CUST00398,19.14,fuel,US,12,mobile,29.73,3,55,0
TXN000617,CUST01247,26.73,online,DE,22,desktop,12.19,5,57,0
TXN000618,CUST00634,76.49,online,US,16,mobile,103.29,5,20,0
TXN000619,CUST01157,24.02,retail,FR,21,desktop,37.08,2,41,0
TXN000620,CUST01187,6.78,restaurant,US,10,desktop,391.91,2,19,0
TXN000621,CUST01239,103.55,travel,US,6,mobile,258.16,5,40,0
TXN000622,CUST00733,14.34,retail,US,2,mobile,173.41,4,68,0
TXN000623,CUST00235,31.23,grocery,US,2,tablet,8.74,6,59,0
TXN000624,CUST00658,51.76,grocery,US,1,mobile,175.23,3,36,0
TXN000625,CUST00751,40.43,restaurant,AE,20,desktop,174.67,1,25,0
TXN000626,CUST00588,98.91,online,US,15,mobile,104.11,2,43,0
TXN000627,CUST01033,53.46,restaurant,ET,22,mobile,193.0,1,35,0
TXN000628,CUST01098,13.99,restaurant,ET,10,mobile,351.24,3,61,0
TXN000629,CUST00954,292.53,travel,US,13,mobile,255.38,4,65,0
TXN000630,CUST00492,40.22,online,US,2,mobile,115.45,6,26,0
TXN000631,CUST00913,28.58,restaurant,US,6,desktop,54.76,1,57,0
TXN000632,CUST01277,86.83,restaurant,US,7,mobile,116.96,6,53,0
TXN000633,CUST01254,42.5,online,US,12,mobile,525.28,6,26,0
TXN000634,CUST01198,49.36,retail,US,18,mobile,308.65,2,50,0
TXN000635,CUST01192,400.29,fuel,IN,10,mobile,4.93,5,28,1
TXN000636,CUST00170,25.15,entertainment,US,0,mobile,274.98,4,59,0
TXN000637,CUST01417,24.1,electronics,CA,18,desktop,33.66,5,58,0
TXN000638,CUST00946,37.21,restaurant,IN,12,mobile,152.38,2,41,0
TXN000639,CUST00795,96.69,travel,AE,21,mobile,295.66,4,41,0
TXN000640,CUST00634,7.34,entertainment,AE,16,desktop,148.3,6,49,0
TXN000641,CUST01218,4.64,travel,AE,8,tablet,93.11,4,50,0
TXN000642,CUST00029,18.41,entertainment,US,18,mobile,69.76,3,57,0
TXN000643,CUST01189,6.46,retail,NG,18,desktop,65.52,0,34,0
TXN000644,CUST01446,21.65,grocery,IN,22,mobile,326.99,0,43,0
TXN000645,CUST00339,54.73,grocery,US,22,desktop,313.79,2,62,0
TXN000646,CUST01389,13.59,grocery,US,5,desktop,312.07,1,50,0
TXN000647,CUST01366,7.95,electronics,US,6,desktop,59.81,3,19,0
TXN000648,CUST00500,35.49,grocery,US,4,desktop,288.73,7,19,0
TXN000649,CUST00511,78.46,retail,US,7,mobile,6.72,0,31,0
TXN000650,CUST01351,6.08,grocery,CA,13,mobile,41.62,6,38,0
TXN000651,CUST00217,75.21,restaurant,CA,17,mobile,130.06,5,40,0
TXN000652,CUST01325,74.99,restaurant,US,20,desktop,93.98,1,39,0
TXN000653,CUST01156,85.98,retail,US,19,desktop,21.36,3,53,0
TXN000654,CUST01094,112.0,fuel,ET,23,mobile,7.67,3,18,0
TXN000655,CUST01276,299.47,retail,US,2,mobile,170.03,3,49,1
TXN000656,CUST01439,23.19,retail,US,21,desktop,67.7,1,46,0
TXN000657,CUST00445,36.95,travel,CA,7,mobile,2.9,6,22,0
TXN000658,CUST00876,21.84,restaurant,US,13,mobile,101.46,2,53,0
TXN000659,CUST01206,33.18,restaurant,US,13,mobile,65.95,6,42,0
TXN000660,CUST00167,153.37,restaurant,US,6,mobile,154.7,2,39,0
TXN000661,CUST00091,8.63,fuel,FR,5,mobile,478.19,3,22,0
TXN000662,CUST00714,14.0,grocery,CA,5,mobile,66.24,1,69,0
TXN000663,CUST00039,131.26,grocery,US,11,mobile,1054.03,2,70,0
TXN000664,CUST01150,91.84,online,US,21,tablet,16.2,5,20,0
TXN000665,CUST01475,23.03,online,GB,14,mobile,16.64,3,41,0
TXN000666,CUST00173,77.82,fuel,NG,18,desktop,224.66,3,74,0
TXN000667,CUST00653,46.58,electronics,GB,3,desktop,248.55,4,50,0
TXN000668,CUST00754,148.45,entertainment,ET,2,tablet,98.94,2,45,0
TXN000669,CUST01244,35.68,online,US,12,desktop,60.65,0,64,0
TXN000670,CUST01082,92.35,grocery,DE,15,desktop,284.38,3,38,0
TXN000671,CUST00476,464.99,entertainment,NG,12,desktop,563.22,4,33,1
TXN000672,CUST00456,60.23,retail,FR,20,mobile,827.17,7,28,0
TXN000673,CUST00829,34.79,grocery,NG,9,desktop,181.15,4,23,0
TXN000674,CUST00895,68.2,electronics,US,12,mobile,242.55,3,68,0
TXN000675,CUST01385,22.98,travel,NG,7,mobile,310.92,0,36,0
TXN000676,CUST01025,360.67,grocery,CA,11,mobile,288.68,4,55,0
TXN000677,CUST00387,39.65,retail,NG,7,mobile,903.51,1,73,0
TXN000678,CUST00348,25.21,restaurant,US,8,mobile,299.34,8,35,0
TXN000679,CUST00190,14.36,entertainment,GB,9,desktop,195.55,2,61,0
TXN000680,CUST00505,99.21,fuel,AE,6,tablet,84.95,3,27,0
TXN000681,CUST01215,78.82,online,US,2,mobile,164.03,6,72,0
TXN000682,CUST01393,20.14,restaurant,GB,4,mobile,382.19,4,29,0
TXN000683,CUST01433,58.94,restaurant,AE,2,tablet,65.62,1,66,1
TXN000684,CUST00824,7.33,grocery,US,17,desktop,5.6,3,50,0
TXN000685,CUST00929,39.84,restaurant,US,18,desktop,71.33,0,32,0
TXN000686,CUST00934,52.08,electronics,CA,9,mobile,580.44,1,29,0
TXN000687,CUST01141,182.61,entertainment,US,8,desktop,284.44,7,67,0
TXN000688,CUST00134,15.32,electronics,US,23,desktop,37.3,2,74,0
TXN000689,CUST00058,9.22,fuel,US,6,mobile,2.17,1,22,0
TXN000690,CUST00685,13.53,travel,US,0,mobile,199.08,1,18,0
TXN000691,CUST00672,8.7,entertainment,US,9,mobile,155.73,2,55,0
TXN000692,CUST00173,126.05,retail,US,1,mobile,15.59,1,51,0
TXN000693,CUST00815,155.81,restaurant,FR,5,tablet,608.63,3,29,0
TXN000694,CUST01173,45.61,retail,CA,20,mobile,173.12,2,47,0
TXN000695,CUST00080,112.31,online,FR,5,desktop,189.75,4,28,0
TXN000696,CUST00886,37.86,entertainment,US,23,desktop,345.85,1,26,0
TXN000697,CUST01237,30.11,online,US,7,mobile,73.99,1,61,0
TXN000698,CUST00203,23.74,electronics,US,17,desktop,147.06,3,63,0
TXN000699,CUST00764,24.28,restaurant,AE,6,mobile,154.52,4,24,0
TXN000700,CUST01253,7.04,grocery,DE,17,mobile,615.97,4,34,0
TXN000701,CUST01251,43.13,online,AE,0,tablet,25.37,2,69,0
TXN000702,CUST01465,31.81,retail,US,23,mobile,256.07,1,43,0
TXN000703,CUST01426,69.78,fuel,DE,13,mobile,154.08,3,44,0
TXN000704,CUST00047,36.36,restaurant,US,22,desktop,336.02,2,50,0
TXN000705,CUST01257,28.14,entertainment,AE,19,desktop,321.03,2,56,0
TXN000706,CUST01329,13.86,fuel,US,6,desktop,2.18,1,22,0
TXN000707,CUST01167,35.59,restaurant,US,19,desktop,53.34,6,54,0
TXN000708,CUST01439,69.29,grocery,US,6,mobile,35.9,0,26,0
TXN000709,CUST01397,10.56,grocery,GB,3,desktop,111.48,2,40,0
TXN000710,CUST01283,36.14,retail,US,4,desktop,424.24,3,47,0
TXN000711,CUST00656,41.81,entertainment,US,22,mobile,0.9,4,53,0
TXN000712,CUST00471,16.15,restaurant,US,23,desktop,120.57,3,18,0
TXN000713,CUST00971,18.4,restaurant,IN,20,mobile,388.99,2,69,0
TXN000714,CUST01036,41.7,entertainment,US,0,mobile,469.18,3,25,0
TXN000715,CUST01354,10.66,retail,AE,19,mobile,192.76,6,18,0
TXN000716,CUST00736,46.99,fuel,IN,2,desktop,318.69,4,27,0
TXN000717,CUST00784,13.53,online,IN,12,tablet,70.5,3,24,0
TXN000718,CUST00968,95.86,restaurant,NG,6,desktop,60.63,5,55,0
TXN000719,CUST00358,343.03,online,NG,5,desktop,9.07,2,20,1
TXN000720,CUST00972,14.0,restaurant,US,5,mobile,125.92,0,59,0
TXN000721,CUST01432,56.5,entertainment,US,1,mobile,109.53,5,24,0
TXN000722,CUST00668,16.01,electronics,GB,15,tablet,83.71,2,25,0
TXN000723,CUST00373,93.78,entertainment,US,5,desktop,21.65,5,51,0
TXN000724,CUST01032,9.34,electronics,US,7,mobile,47.22,1,57,0
TXN000725,CUST01146,53.55,entertainment,GB,20,desktop,40.99,8,59,0
TXN000726,CUST01372,13.83,electronics,CA,10,mobile,518.73,1,71,0
TXN000727,CUST00676,26.92,travel,AE,17,mobile,611.1,8,49,0
TXN000728,CUST00090,11.81,online,CA,22,desktop,0.62,4,49,0
TXN000729,CUST00698,75.37,grocery,CA,5,desktop,33.66,5,63,0
TXN000730,CUST01340,14.34,retail,US,13,mobile,395.33,1,22,0
TXN000731,CUST01202,57.51,online,US,14,mobile,7.04,0,44,0
TXN000732,CUST00540,23.47,travel,IN,10,mobile,517.08,2,30,0
TXN000733,CUST00732,29.53,entertainment,US,14,desktop,86.07,1,59,0
TXN000734,CUST00869,38.39,retail,US,12,mobile,139.26,2,70,0
TXN000735,CUST00041,15.46,online,GB,5,tablet,259.77,2,72,0
TXN000736,CUST00740,40.87,retail,US,3,desktop,50.33,6,69,0
TXN000737,CUST00502,152.98,grocery,US,13,mobile,19.1,7,29,0
TXN000738,CUST00959,15.21,grocery,US,12,desktop,298.88,2,27,0
TXN000739,CUST01169,106.89,online,US,9,mobile,751.52,1,18,0
TXN000740,CUST01225,148.13,electronics,US,21,mobile,193.54,3,38,0
TXN000741,CUST00929,14.64,travel,NG,11,mobile,313.97,2,24,0
TXN000742,CUST00461,7.73,restaurant,US,23,tablet,510.39,2,27,0
TXN000743,CUST00732,44.79,electronics,US,7,mobile,46.71,2,34,0
TXN000744,CUST00752,19.16,entertainment,US,19,desktop,77.65,2,54,0
TXN000745,CUST00925,214.56,online,US,4,mobile,44.5,2,65,0
TXN000746,CUST00909,34.29,retail,NG,1,mobile,11.48,4,18,1
TXN000747,CUST01277,14.85,entertainment,US,19,desktop,237.2,5,59,0
TXN000748,CUST00390,10.52,restaurant,IN,11,desktop,28.34,2,30,0
TXN000749,CUST00883,98.49,restaurant,US,5,mobile,17.51,1,40,0
TXN000750,CUST00256,18.71,electronics,AE,14,mobile,79.67,1,66,0
TXN000751,CUST00709,34.6,entertainment,US,17,mobile,11.24,5,74,0
TXN000752,CUST00450,86.13,grocery,US,17,mobile,35.62,0,45,0
TXN000753,CUST00010,20.4,restaurant,US,9,desktop,13.05,6,59,0
TXN000754,CUST00824,31.63,retail,CA,6,mobile,377.61,4,36,1
TXN000755,CUST00798,32.57,online,US,9,desktop,272.33,6,49,0
TXN000756,CUST01266,65.58,restaurant,US,4,desktop,353.28,3,27,0
TXN000757,CUST01275,59.78,restaurant,ET,15,mobile,364.94,2,35,0
TXN000758,CUST00877,26.57,retail,US,18,mobile,520.48,4,25,0
TXN000759,CUST01029,35.29,retail,US,2,mobile,37.19,2,33,0
TXN000760,CUST01143,22.83,restaurant,AE,6,mobile,414.48,4,69,0
TXN000761,CUST01016,7.56,electronics,US,18,desktop,134.01,5,52,0
TXN000762,CUST00374,42.85,entertainment,AE,11,mobile,32.72,3,61,0
TXN000763,CUST01089,219.68,fuel,US,9,desktop,191.96,3,55,0
TXN000764,CUST00146,13.68,entertainment,US,4,mobile,71.28,1,75,0
TXN000765,CUST00224,15.29,online,US,1,mobile,8.57,1,66,0
TXN000766,CUST01263,13.86,retail,NG,2,mobile,14.74,5,34,1
TXN000767,CUST00177,68.35,restaurant,NG,13,desktop,99.21,4,65,0
TXN000768,CUST00853,51.86,grocery,IN,14,mobile,315.27,1,65,0
TXN000769,CUST01306,28.26,fuel,US,19,desktop,67.06,5,72,0
TXN000770,CUST00063,13.22,online,ET,12,mobile,261.53,1,40,0
TXN000771,CUST01241,36.32,retail,US,16,mobile,10.32,5,43,0
TXN000772,CUST00827,6.93,grocery,US,19,mobile,90.08,3,57,0
TXN000773,CUST00795,38.22,entertainment,AE,3,mobile,24.54,3,72,1
TXN000774,CUST00689,79.16,restaurant,US,18,desktop,358.52,8,65,0
TXN000775,CUST01485,9.48,online,US,14,mobile,619.22,4,70,0
TXN000776,CUST00105,7.15,grocery,US,14,mobile,70.91,2,75,0
TXN000777,CUST01123,160.68,online,ET,8,desktop,809.54,1,40,0
TXN000778,CUST00511,17.96,fuel,US,2,mobile,251.2,4,67,0
TXN000779,CUST00385,103.13,electronics,US,1,mobile,0.22,4,40,1
TXN000780,CUST00405,28.39,restaurant,IN,6,desktop,119.54,4,71,0
TXN000781,CUST00823,28.16,online,US,8,mobile,323.35,1,73,0
TXN000782,CUST00518,51.34,entertainment,US,21,tablet,137.39,5,62,0
TXN000783,CUST00476,13.68,restaurant,CA,4,mobile,143.72,5,24,0
TXN000784,CUST00709,37.81,restaurant,ET,16,mobile,106.86,4,29,0
TXN000785,CUST00771,22.61,restaurant,US,2,tablet,90.47,3,72,0
TXN000786,CUST01461,8.84,retail,CA,8,desktop,5.0,3,39,0
TXN000787,CUST01047,46.41,electronics,US,7,mobile,174.99,2,34,0
TXN000788,CUST00997,25.45,grocery,US,8,desktop,262.0,6,30,0
TXN000789,CUST00677,28.3,entertainment,US,23,mobile,281.07,1,55,0
TXN000790,CUST00714,9.87,fuel,US,16,mobile,176.37,7,65,0
TXN000791,CUST01482,162.62,grocery,US,23,desktop,75.14,4,31,0
TXN000792,CUST00083,79.58,retail,IN,7,mobile,4.12,4,24,0
TXN000793,CUST01169,86.85,online,DE,20,mobile,407.02,3,67,0
TXN000794,CUST01109,24.4,travel,IN,13,mobile,100.88,2,36,0
TXN000795,CUST01102,5.88,electronics,GB,21,mobile,165.46,2,56,0
TXN000796,CUST00457,233.44,retail,US,15,mobile,38.95,2,24,0
TXN000797,CUST00001,31.15,restaurant,US,17,mobile,27.56,5,44,0
TXN000798,CUST00051,15.66,restaurant,NG,16,desktop,16.35,8,34,0
TXN000799,CUST00685,50.24,grocery,GB,23,mobile,288.59,2,51,0
TXN000800,CUST00717,106.39,fuel,IN,6,mobile,187.16,4,63,0
TXN000801,CUST01470,32.36,online,US,19,tablet,174.72,5,28,0
TXN000802,CUST00449,118.93,online,US,14,desktop,453.28,1,26,0
TXN000803,CUST00881,97.81,restaurant,US,6,mobile,31.11,5,56,0
TXN000804,CUST00488,11.29,online,US,1,tablet,33.6,5,20,0
TXN000805,CUST00034,16.88,fuel,US,1,desktop,37.81,2,40,0
TXN000806,CUST01372,86.27,electronics,US,6,mobile,99.1,2,73,0
TXN000807,CUST00095,2.2,entertainment,GB,18,desktop,373.18,1,57,0
TXN000808,CUST01096,28.52,electronics,US,5,desktop,383.87,4,67,0
TXN000809,CUST00154,7.92,fuel,US,11,mobile,160.75,4,21,0
TXN000810,CUST00250,20.56,grocery,DE,14,mobile,193.21,4,74,0
TXN000811,CUST00674,24.56,online,US,12,desktop,410.48,4,62,0
TXN000812,CUST00438,23.14,retail,CA,6,mobile,176.17,2,33,0
TXN000813,CUST00118,19.06,retail,US,6,desktop,47.0,4,38,0
TXN000814,CUST00771,11.05,restaurant,NG,14,mobile,219.69,3,42,0
TXN000815,CUST01330,327.64,travel,CA,3,tablet,264.46,2,22,1
TXN000816,CUST00268,214.32,grocery,IN,2,desktop,181.58,2,18,0
TXN000817,CUST01078,10.36,retail,US,0,desktop,57.53,2,63,0
TXN000818,CUST00236,161.11,online,US,6,mobile,91.92,3,49,0
TXN000819,CUST00389,22.21,electronics,US,8,desktop,114.48,1,54,0
TXN000820,CUST00990,37.68,grocery,US,0,mobile,28.26,4,63,0
TXN000821,CUST00763,31.09,retail,US,4,desktop,108.34,4,37,0
TXN000822,CUST00401,17.12,online,GB,14,mobile,31.64,7,28,0
TXN000823,CUST00624,88.58,restaurant,US,3,desktop,124.57,5,50,0
TXN000824,CUST00767,37.56,electronics,GB,9,mobile,9.39,2,53,1
TXN000825,CUST01327,20.56,restaurant,FR,1,desktop,534.02,6,49,0
TXN000826,CUST00919,8.98,online,GB,22,desktop,50.91,8,36,0
TXN000827,CUST01231,13.55,retail,US,6,desktop,113.27,5,56,0
TXN000828,CUST01253,6.41,retail,IN,23,mobile,5.99,0,61,0
TXN000829,CUST00853,33.52,travel,US,18,mobile,38.54,1,62,0
TXN000830,CUST00578,10.01,entertainment,US,5,mobile,212.71,5,74,0
TXN000831,CUST00075,25.39,electronics,AE,14,mobile,21.34,2,35,0
TXN000832,CUST00435,130.33,restaurant,US,19,mobile,178.07,1,53,0
TXN000833,CUST00103,109.87,retail,DE,11,mobile,0.37,2,59,0
TXN000834,CUST01446,32.06,restaurant,US,10,desktop,112.59,4,41,0
TXN000835,CUST00764,30.35,restaurant,US,2,mobile,230.0,3,49,0
TXN000836,CUST00738,217.0,retail,US,19,tablet,469.38,1,26,0
TXN000837,CUST00806,55.74,grocery,US,16,mobile,122.21,5,70,0
TXN000838,CUST01330,23.86,fuel,US,6,desktop,330.46,7,41,0
TXN000839,CUST00098,7.96,retail,US,22,mobile,292.05,5,32,0
TXN000840,CUST00798,49.1,online,FR,22,tablet,63.12,2,64,0
TXN000841,CUST01359,75.89,grocery,FR,17,mobile,373.92,0,63,0
TXN000842,CUST00859,17.61,electronics,ET,16,mobile,184.04,2,62,0
TXN000843,CUST00435,44.31,grocery,AE,15,mobile,19.8,3,39,0
TXN000844,CUST00447,23.02,electronics,US,1,mobile,503.77,1,51,0
TXN000845,CUST01332,27.55,entertainment,AE,4,mobile,34.99,5,72,1
TXN000846,CUST00249,2.75,travel,US,20,desktop,114.4,7,27,0
TXN000847,CUST00166,26.53,travel,US,12,mobile,113.05,3,19,0
TXN000848,CUST00984,87.3,online,DE,10,desktop,176.66,1,59,0
TXN000849,CUST01359,17.61,online,US,23,desktop,196.83,1,56,0
TXN000850,CUST01020,34.9,retail,ET,0,tablet,47.73,5,59,0
TXN000851,CUST00542,15.55,restaurant,US,22,mobile,78.22,2,24,0
TXN000852,CUST00759,47.49,entertainment,US,2,mobile,28.11,3,18,0
TXN000853,CUST01130,26.67,online,US,17,mobile,24.24,5,26,0
TXN000854,CUST00081,12.95,restaurant,US,20,mobile,313.8,4,59,0
TXN000855,CUST00133,125.53,restaurant,NG,3,mobile,250.05,3,43,1
TXN000856,CUST00797,83.84,electronics,IN,8,mobile,105.23,2,32,0
TXN000857,CUST00900,18.09,online,US,10,mobile,18.15,2,62,0
TXN000858,CUST00138,54.48,restaurant,US,16,desktop,107.59,2,74,0
TXN000859,CUST00184,56.68,retail,US,10,mobile,62.78,0,39,0
TXN000860,CUST01425,62.95,online,AE,2,mobile,270.85,2,40,1
TXN000861,CUST01354,6.08,retail,US,18,mobile,18.29,3,20,0
TXN000862,CUST00785,90.61,grocery,IN,19,desktop,108.06,8,63,0
TXN000863,CUST00984,18.73,electronics,GB,22,desktop,161.1,4,28,0
TXN000864,CUST00069,23.15,grocery,NG,20,desktop,764.87,2,73,0
TXN000865,CUST00546,463.07,restaurant,CA,10,tablet,16.9,4,68,0
TXN000866,CUST00053,44.79,retail,DE,13,desktop,21.78,1,39,0
TXN000867,CUST01474,22.5,grocery,CA,5,mobile,796.85,3,57,0
TXN000868,CUST00205,3.65,travel,AE,18,mobile,93.64,1,31,1
TXN000869,CUST00126,132.92,grocery,AE,20,tablet,245.06,2,62,0
TXN000870,CUST00043,8.63,electronics,CA,14,desktop,275.41,6,33,0
TXN000871,CUST00111,12.14,entertainment,GB,10,desktop,67.98,2,51,0
TXN000872,CUST00761,23.78,online,IN,17,desktop,43.41,6,73,0
TXN000873,CUST01207,136.51,fuel,IN,3,mobile,58.16,7,22,0
TXN000874,CUST00848,71.75,electronics,GB,18,desktop,260.21,4,70,0
TXN000875,CUST00095,28.28,retail,US,2,mobile,330.4,4,25,0
TXN000876,CUST01398,45.07,fuel,US,11,mobile,216.42,1,19,0
TXN000877,CUST00900,18.17,electronics,AE,3,mobile,104.76,3,28,1
TXN000878,CUST00360,38.08,electronics,US,23,desktop,54.82,3,68,0
TXN000879,CUST00900,35.64,retail,US,11,mobile,99.69,4,58,0
TXN000880,CUST00281,87.25,online,US,23,mobile,442.72,5,62,0
TXN000881,CUST01219,87.11,fuel,CA,0,desktop,358.06,3,58,0
TXN000882,CUST01219,54.27,electronics,CA,15,mobile,70.32,4,58,0
TXN000883,CUST00667,23.05,restaurant,US,20,mobile,71.53,10,68,0
TXN000884,CUST00093,69.53,fuel,US,1,desktop,272.52,4,66,0
TXN000885,CUST00672,30.21,online,FR,21,desktop,100.1,2,65,0
TXN000886,CUST00061,11.22,travel,IN,2,mobile,153.06,2,40,0
TXN000887,CUST00634,22.13,online,US,15,desktop,98.77,1,18,0
TXN000888,CUST01075,36.04,restaurant,US,9,mobile,49.95,0,27,0
TXN000889,CUST01427,82.29,entertainment,GB,8,mobile,37.68,3,23,0
TXN000890,CUST01029,27.56,retail,ET,13,mobile,27.05,2,20,0
TXN000891,CUST01490,9.88,retail,ET,7,mobile,2.07,4,36,0
TXN000892,CUST00604,35.05,restaurant,DE,1,desktop,59.28,3,46,0
TXN000893,CUST00682,37.09,electronics,NG,10,mobile,33.85,5,32,0
TXN000894,CUST00534,39.88,entertainment,US,1,mobile,53.7,2,40,0
TXN000895,CUST01429,83.09,online,US,14,mobile,14.19,9,66,0
TXN000896,CUST00838,91.74,online,CA,17,desktop,75.22,6,25,0
TXN000897,CUST00645,18.28,retail,AE,4,mobile,132.1,4,42,1
TXN000898,CUST00233,17.88,online,CA,6,tablet,520.68,3,71,0
TXN000899,CUST00524,11.7,online,IN,22,tablet,76.73,2,41,0
TXN000900,CUST00346,66.61,grocery,ET,18,desktop,5.67,3,55,0
TXN000901,CUST01070,141.01,grocery,DE,18,desktop,81.0,2,69,0
TXN000902,CUST00546,24.17,grocery,US,15,mobile,305.91,2,29,0
TXN000903,CUST01102,26.01,retail,US,18,mobile,74.83,3,18,0
TXN000904,CUST01097,143.56,electronics,ET,16,tablet,62.09,4,21,0
TXN000905,CUST00794,54.9,travel,US,12,mobile,452.38,3,56,0
TXN000906,CUST00249,51.23,entertainment,US,7,mobile,63.49,3,47,0
TXN000907,CUST00047,10.07,online,NG,10,mobile,632.76,0,51,0
TXN000908,CUST01145,65.28,online,NG,17,desktop,321.76,4,73,0
TXN000909,CUST00214,13.08,restaurant,US,10,mobile,207.5,4,60,0
TXN000910,CUST00239,10.65,entertainment,ET,22,mobile,164.18,2,58,0
TXN000911,CUST01080,23.41,grocery,US,8,desktop,45.83,4,50,0
TXN000912,CUST00350,18.43,grocery,US,13,mobile,235.95,4,61,0
TXN000913,CUST00107,26.53,restaurant,CA,1,desktop,76.75,2,47,0
TXN000914,CUST00831,7.84,restaurant,FR,16,mobile,119.67,2,57,0
TXN000915,CUST00048,86.39,restaurant,US,20,mobile,19.78,2,30,0
TXN000916,CUST00337,102.28,fuel,US,15,mobile,63.22,4,47,0
TXN000917,CUST01050,4.72,restaurant,US,4,mobile,135.57,3,75,0
TXN000918,CUST00804,88.1,fuel,IN,0,desktop,113.61,4,36,0
TXN000919,CUST01281,14.72,grocery,GB,8,desktop,75.75,3,37,0
TXN000920,CUST00008,78.02,grocery,US,2,mobile,114.93,5,55,0
TXN000921,CUST00625,30.92,travel,US,13,desktop,245.92,3,70,0
TXN000922,CUST01277,34.08,retail,CA,17,mobile,110.69,4,21,0
TXN000923,CUST00719,27.52,retail,GB,11,mobile,127.0,1,71,0
TXN000924,CUST00303,111.29,retail,ET,22,desktop,217.4,2,40,0
TXN000925,CUST00639,9.59,online,US,13,mobile,331.69,1,42,0
TXN000926,CUST00056,60.82,fuel,IN,15,desktop,134.71,6,28,0
TXN000927,CUST00726,99.62,online,US,4,mobile,532.78,4,48,0
TXN000928,CUST00526,67.78,online,US,19,mobile,78.5,1,29,0
TXN000929,CUST00474,338.56,grocery,US,19,desktop,52.4,0,58,0
TXN000930,CUST00028,19.51,online,US,14,mobile,212.62,5,51,0
TXN000931,CUST00078,86.25,electronics,IN,8,mobile,34.79,2,74,0
TXN000932,CUST01240,29.78,travel,DE,16,mobile,414.41,2,47,0
TXN000933,CUST01410,113.68,online,CA,11,mobile,87.97,4,61,0
TXN000934,CUST00365,32.86,grocery,US,12,desktop,215.61,4,33,0
TXN000935,CUST00666,22.47,electronics,US,9,desktop,151.99,2,49,0
TXN000936,CUST00526,122.25,grocery,US,6,desktop,10.07,3,65,0
TXN000937,CUST00699,20.26,retail,DE,23,mobile,222.25,5,53,0
TXN000938,CUST01336,8.06,grocery,FR,20,mobile,280.92,1,35,0
TXN000939,CUST00883,19.75,restaurant,US,6,desktop,727.92,3,25,0
TXN000940,CUST01031,61.5,retail,US,7,mobile,96.85,7,48,0
TXN000941,CUST01027,133.22,travel,US,23,mobile,125.82,1,53,0
TXN000942,CUST00919,37.01,grocery,NG,14,desktop,374.11,5,30,0
TXN000943,CUST00750,123.74,electronics,US,20,mobile,56.45,2,35,0
TXN000944,CUST00363,8.51,grocery,US,17,desktop,37.74,0,52,0
TXN000945,CUST01298,21.26,restaurant,US,21,mobile,25.67,1,74,0
TXN000946,CUST00806,24.81,grocery,US,0,desktop,689.08,3,44,0
TXN000947,CUST00739,29.53,travel,US,9,mobile,56.74,2,23,0
TXN000948,CUST01039,36.02,entertainment,ET,21,desktop,254.94,3,75,0
TXN000949,CUST01216,66.08,online,IN,18,mobile,107.5,4,27,0
TXN000950,CUST00485,21.23,online,US,2,desktop,49.53,2,54,1
TXN000951,CUST00028,38.05,restaurant,US,6,mobile,440.22,2,64,0
TXN000952,CUST00714,31.65,electronics,GB,3,desktop,112.19,2,61,0
TXN000953,CUST01063,13.12,entertainment,FR,4,desktop,150.23,0,24,0
TXN000954,CUST01297,29.56,grocery,US,5,mobile,45.3,3,33,0
TXN000955,CUST01255,28.68,retail,AE,9,mobile,70.52,4,19,0
TXN000956,CUST00086,28.08,travel,AE,11,tablet,247.88,6,60,0
TXN000957,CUST01498,34.18,entertainment,US,13,mobile,75.63,6,74,0
TXN000958,CUST00126,35.72,restaurant,CA,21,desktop,126.92,5,59,0
TXN000959,CUST00812,21.49,electronics,DE,1,mobile,21.86,4,64,0
TXN000960,CUST00537,118.24,fuel,GB,2,desktop,341.56,3,42,0
TXN000961,CUST00145,10.28,entertainment,US,0,mobile,240.81,4,43,0
TXN000962,CUST01236,16.1,restaurant,US,2,desktop,257.44,3,43,0
TXN000963,CUST00025,533.77,retail,US,23,mobile,35.32,4,73,0
TXN000964,CUST01418,11.73,grocery,FR,14,mobile,123.03,2,35,0
TXN000965,CUST00067,8.55,grocery,US,15,mobile,5.03,2,55,0
TXN000966,CUST00233,69.03,online,US,19,desktop,68.12,0,37,0
TXN000967,CUST00109,4.15,fuel,FR,1,mobile,76.99,1,68,0
TXN000968,CUST01170,26.17,retail,US,19,mobile,440.97,2,45,1
TXN000969,CUST00111,283.11,electronics,FR,15,desktop,887.63,3,20,0
TXN000970,CUST00228,7.06,grocery,US,14,mobile,173.1,1,74,0
TXN000971,CUST00111,4.56,online,US,6,desktop,130.91,2,53,0
TXN000972,CUST01494,7.4,restaurant,US,4,desktop,104.4,2,57,0
TXN000973,CUST00034,81.32,travel,IN,4,desktop,3.32,1,18,1
TXN000974,CUST00623,101.98,travel,FR,20,mobile,289.8,4,27,0
TXN000975,CUST01393,19.83,grocery,US,8,desktop,200.56,5,61,0
TXN000976,CUST00748,65.58,travel,IN,22,mobile,188.6,2,48,0
TXN000977,CUST00595,132.99,electronics,FR,13,desktop,298.03,4,37,0
TXN000978,CUST00425,197.82,fuel,US,18,mobile,473.73,5,73,0
TXN000979,CUST00613,25.89,online,US,17,mobile,88.83,3,25,0
TXN000980,CUST00692,3.32,restaurant,US,8,mobile,100.05,1,65,0
TXN000981,CUST01306,14.57,restaurant,CA,2,tablet,665.0,0,75,0
TXN000982,CUST01344,21.61,restaurant,CA,10,desktop,196.54,4,70,0
TXN000983,CUST01467,25.56,grocery,US,23,mobile,343.11,6,24,0
TXN000984,CUST00315,27.44,online,US,14,tablet,45.09,1,74,0
TXN000985,CUST00877,101.38,retail,US,3,mobile,68.65,4,68,0
TXN000986,CUST01401,118.44,online,US,20,desktop,89.45,4,52,0
TXN000987,CUST01313,27.89,online,US,23,desktop,68.61,5,60,0
TXN000988,CUST01461,99.33,electronics,US,4,desktop,388.13,3,57,0
TXN000989,CUST00662,47.35,restaurant,US,17,mobile,128.96,2,37,0
TXN000990,CUST00277,35.32,retail,IN,21,mobile,552.86,0,20,0
TXN000991,CUST00624,81.99,retail,US,22,desktop,69.77,6,28,0
TXN000992,CUST00516,35.6,travel,US,11,mobile,6.83,2,75,0
TXN000993,CUST01374,259.25,restaurant,US,0,mobile,26.74,4,74,0
TXN000994,CUST00843,7.86,fuel,US,21,desktop,44.05,1,29,0
TXN000995,CUST01470,19.78,grocery,DE,19,desktop,183.88,3,59,0
TXN000996,CUST00350,29.18,fuel,CA,1,mobile,35.96,0,59,0
TXN000997,CUST00823,51.39,entertainment,US,8,mobile,86.48,3,63,0
TXN000998,CUST01161,117.68,grocery,US,21,mobile,285.59,3,29,0
TXN000999,CUST00759,32.32,retail,US,17,desktop,23.99,3,59,0
TXN001000,CUST00899,7.99,retail,US,4,desktop,15.1,3,25,0
TXN001001,CUST00243,76.9,retail,CA,21,desktop,139.76,4,62,0
TXN001002,CUST00543,70.45,travel,US,13,desktop,215.56,2,39,0
TXN001003,CUST01064,4.75,restaurant,FR,10,desktop,435.35,2,37,0
TXN001004,CUST00229,32.99,online,CA,20,mobile,195.24,5,32,0
TXN001005,CUST00548,6.75,electronics,US,21,mobile,525.98,1,66,0
TXN001006,CUST00920,17.04,restaurant,US,2,desktop,50.47,4,48,0
TXN001007,CUST01247,13.43,electronics,IN,8,mobile,75.29,3,63,0
TXN001008,CUST00006,74.39,fuel,US,1,tablet,329.09,2,47,0
TXN001009,CUST01346,37.22,grocery,US,13,desktop,299.93,2,57,0
TXN001010,CUST00468,9.16,electronics,US,1,mobile,196.79,2,48,0
TXN001011,CUST00075,79.84,grocery,GB,20,mobile,126.95,3,37,0
TXN001012,CUST00004,7.89,fuel,US,9,mobile,3.22,2,19,0
TXN001013,CUST00646,46.07,online,IN,18,desktop,59.24,3,23,0
TXN001014,CUST00118,14.67,grocery,GB,1,desktop,31.03,1,31,0
TXN001015,CUST00881,22.97,retail,NG,15,mobile,9.46,3,43,0
TXN001016,CUST00504,54.83,grocery,US,5,desktop,269.36,4,50,0
TXN001017,CUST00947,55.78,online,AE,11,desktop,25.34,4,40,0
TXN001018,CUST00574,126.09,fuel,US,21,mobile,79.61,7,42,0
TXN001019,CUST01465,30.5,entertainment,US,6,mobile,682.62,2,55,0
TXN001020,CUST00194,44.99,grocery,NG,3,mobile,94.72,1,54,1
TXN001021,CUST00847,21.38,retail,US,7,mobile,27.46,6,45,0
TXN001022,CUST00715,39.73,retail,IN,18,mobile,210.68,3,52,0
TXN001023,CUST01416,51.39,online,US,9,mobile,298.88,1,75,0
TXN001024,CUST01050,30.01,travel,IN,0,tablet,58.92,2,24,0
TXN001025,CUST01459,5.45,grocery,US,4,mobile,298.32,2,19,0
TXN001026,CUST00173,46.13,online,FR,5,mobile,57.02,4,34,0
TXN001027,CUST01324,47.68,electronics,US,18,mobile,212.63,0,44,0
TXN001028,CUST00326,16.77,fuel,US,17,desktop,24.0,4,65,0
TXN001029,CUST01434,9.17,electronics,DE,18,desktop,100.5,3,19,0
TXN001030,CUST01142,144.88,fuel,ET,18,desktop,132.3,1,69,0
TXN001031,CUST00836,54.13,grocery,US,22,desktop,232.56,3,29,0
TXN001032,CUST00724,26.34,grocery,US,0,desktop,188.98,6,69,0
TXN001033,CUST00225,10.62,grocery,US,19,mobile,345.54,4,33,0
TXN001034,CUST00532,14.56,grocery,US,10,desktop,36.67,2,49,0
TXN001035,CUST00113,121.83,online,US,2,mobile,194.85,2,35,0
TXN001036,CUST00140,38.0,entertainment,ET,9,desktop,24.6,1,33,0
TXN001037,CUST00559,19.09,online,US,6,mobile,117.04,4,69,0
TXN001038,CUST00001,55.13,online,US,16,desktop,133.83,3,22,0
TXN001039,CUST00090,14.67,fuel,IN,23,mobile,4.98,4,41,0
TXN001040,CUST00654,148.54,electronics,US,15,mobile,13.13,5,70,0
TXN001041,CUST00320,128.1,electronics,CA,6,desktop,329.05,5,66,0
TXN001042,CUST00139,20.77,restaurant,FR,12,desktop,60.84,2,28,0
TXN001043,CUST00845,17.66,fuel,FR,11,mobile,76.48,2,63,0
TXN001044,CUST00259,2.42,grocery,DE,11,mobile,184.1,4,59,0
TXN001045,CUST00902,7.53,grocery,DE,7,mobile,44.89,6,72,0
TXN001046,CUST00690,8.68,online,US,7,mobile,38.57,6,41,0
TXN001047,CUST00010,37.91,retail,US,12,mobile,98.53,0,31,0
TXN001048,CUST00261,23.9,online,ET,10,mobile,10.95,2,61,0
TXN001049,CUST00172,8.62,entertainment,US,0,desktop,447.94,5,53,0
TXN001050,CUST00898,25.0,fuel,US,16,desktop,506.74,0,18,0
TXN001051,CUST00013,54.89,travel,ET,18,mobile,107.02,5,43,0
TXN001052,CUST01192,56.14,fuel,DE,12,mobile,42.26,3,43,0
TXN001053,CUST00321,4.95,entertainment,US,22,mobile,114.47,2,21,0
TXN001054,CUST01343,29.13,restaurant,IN,14,mobile,18.95,4,43,0
TXN001055,CUST00329,8.3,electronics,FR,23,desktop,91.29,4,21,0
TXN001056,CUST00785,81.59,restaurant,IN,11,mobile,13.77,3,49,0
TXN001057,CUST00777,72.54,travel,IN,20,desktop,220.45,3,33,0
TXN001058,CUST00911,13.49,retail,US,16,mobile,58.06,1,54,0
TXN001059,CUST01443,15.39,electronics,FR,2,mobile,132.36,5,33,0
TXN001060,CUST01119,20.88,electronics,GB,6,tablet,2.45,1,57,0
TXN001061,CUST00318,3.48,retail,ET,1,mobile,133.86,2,37,0
TXN001062,CUST00236,46.34,online,ET,1,mobile,0.59,0,34,1
TXN001063,CUST00334,25.21,online,US,5,mobile,466.71,0,66,0
TXN001064,CUST00376,87.37,retail,US,3,mobile,125.18,5,37,0
TXN001065,CUST01483,11.04,travel,US,15,mobile,18.98,2,49,0
TXN001066,CUST01161,17.83,fuel,ET,14,desktop,75.08,2,65,0
TXN001067,CUST00588,7.34,grocery,ET,9,tablet,8.49,6,59,0
TXN001068,CUST00513,12.13,grocery,US,13,desktop,136.25,3,28,0
TXN001069,CUST01320,10.16,electronics,CA,8,mobile,23.49,1,46,0
TXN001070,CUST01344,89.66,travel,AE,14,tablet,115.34,3,72,0
TXN001071,CUST00918,16.47,retail,US,6,desktop,65.62,3,44,0
TXN001072,CUST01373,37.49,retail,US,6,mobile,258.07,2,38,0
TXN001073,CUST00873,22.63,retail,US,7,mobile,118.49,1,56,0
TXN001074,CUST01253,9.3,restaurant,NG,18,desktop,339.32,2,46,0
TXN001075,CUST00270,27.99,retail,ET,17,desktop,510.51,4,75,0
TXN001076,CUST00798,60.29,fuel,US,16,mobile,628.35,3,54,0
TXN001077,CUST01315,9.9,electronics,US,17,mobile,54.25,5,49,0
TXN001078,CUST00725,74.37,fuel,GB,18,tablet,262.65,5,58,0
TXN001079,CUST01189,14.16,grocery,AE,20,mobile,103.76,2,58,0
TXN001080,CUST00005,20.43,grocery,GB,7,mobile,99.98,4,29,0
TXN001081,CUST00851,56.3,entertainment,US,12,tablet,364.81,2,68,0
TXN001082,CUST01403,17.06,online,US,10,mobile,28.34,4,41,0
TXN001083,CUST00078,34.38,electronics,NG,18,tablet,116.95,2,43,0
TXN001084,CUST01434,24.17,travel,US,6,desktop,161.76,3,70,0
TXN001085,CUST00574,37.69,retail,US,4,mobile,12.31,2,38,0
TXN001086,CUST00132,3.06,online,ET,4,mobile,359.8,4,48,0
TXN001087,CUST00601,5.31,electronics,IN,7,mobile,67.93,1,24,0
TXN001088,CUST01066,61.31,grocery,GB,9,mobile,192.51,0,62,0
TXN001089,CUST00089,93.43,restaurant,CA,4,desktop,473.8,1,50,0
TXN001090,CUST00402,13.32,retail,US,14,mobile,228.98,2,34,0
TXN001091,CUST00296,25.94,travel,US,22,desktop,390.9,2,57,0
TXN001092,CUST01319,44.47,travel,US,15,desktop,12.97,6,35,0
TXN001093,CUST00616,66.24,travel,CA,9,desktop,122.17,6,70,0
TXN001094,CUST00800,4.36,retail,US,23,tablet,149.76,5,74,0
TXN001095,CUST00422,13.65,online,NG,7,desktop,210.26,7,18,0
TXN001096,CUST01047,23.75,fuel,US,18,tablet,22.37,2,37,0
TXN001097,CUST00575,66.9,electronics,US,3,mobile,192.49,6,38,0
TXN001098,CUST00143,402.8,grocery,US,13,desktop,28.41,1,64,0
TXN001099,CUST00993,26.36,retail,CA,7,desktop,12.6,4,62,0
TXN001100,CUST00665,8.11,retail,US,20,tablet,114.05,6,59,0
TXN001101,CUST00145,49.51,retail,NG,13,mobile,165.1,7,55,0
TXN001102,CUST01249,124.09,retail,US,11,mobile,571.12,2,73,0
TXN001103,CUST01007,36.89,entertainment,DE,0,mobile,215.89,3,49,0
TXN001104,CUST00503,13.37,fuel,GB,22,mobile,161.1,3,39,0
TXN001105,CUST00821,86.31,entertainment,US,18,mobile,43.47,3,42,0
TXN001106,CUST00104,64.3,online,CA,17,mobile,29.69,3,49,0
TXN001107,CUST01063,11.87,grocery,CA,11,desktop,168.24,0,48,0
TXN001108,CUST00198,48.49,electronics,NG,9,mobile,45.4,5,52,0
TXN001109,CUST00579,89.77,retail,NG,20,mobile,220.72,4,75,0
TXN001110,CUST00391,107.97,electronics,US,0,desktop,21.88,3,30,0
TXN001111,CUST01203,30.99,retail,US,13,mobile,74.69,3,33,0
TXN001112,CUST00554,23.15,grocery,US,8,tablet,266.97,1,54,0
TXN001113,CUST01472,112.99,electronics,IN,14,mobile,320.05,8,58,0
TXN001114,CUST01039,9.87,electronics,US,20,mobile,76.23,3,73,0
TXN001115,CUST01313,51.35,grocery,GB,21,mobile,41.68,3,72,0
TXN001116,CUST00478,8.41,grocery,CA,22,tablet,571.47,0,36,0
TXN001117,CUST01255,96.1,restaurant,GB,13,desktop,257.69,4,64,0
TXN001118,CUST00923,25.58,entertainment,US,8,desktop,296.17,3,58,0
TXN001119,CUST00420,117.75,grocery,US,10,mobile,45.36,6,74,0
TXN001120,CUST00157,54.13,restaurant,US,4,tablet,99.43,3,32,0
TXN001121,CUST00550,9.75,grocery,US,11,tablet,12.72,3,63,0
TXN001122,CUST01465,137.64,fuel,US,15,mobile,20.85,1,68,0
TXN001123,CUST01121,156.22,online,US,19,desktop,44.94,6,74,0
TXN001124,CUST01021,80.02,online,CA,2,tablet,65.04,1,66,0
TXN001125,CUST00997,15.46,electronics,US,4,mobile,1057.09,2,50,0
TXN001126,CUST01435,24.39,restaurant,US,18,mobile,98.7,4,18,0
TXN001127,CUST00951,38.3,fuel,US,4,desktop,215.45,6,68,0
TXN001128,CUST00289,16.38,entertainment,US,23,mobile,422.65,4,30,0
TXN001129,CUST01278,179.89,grocery,US,17,tablet,50.84,5,41,0
TXN001130,CUST00196,38.26,travel,US,3,desktop,28.14,2,71,0
TXN001131,CUST00598,2.22,restaurant,DE,23,mobile,50.17,4,40,0
TXN001132,CUST00517,46.5,grocery,US,14,mobile,385.32,1,55,0
TXN001133,CUST00865,23.38,fuel,IN,4,desktop,197.22,2,46,0
TXN001134,CUST01142,30.72,online,US,7,mobile,108.05,2,33,0
TXN001135,CUST00806,22.91,restaurant,IN,15,mobile,308.95,3,66,0
TXN001136,CUST01183,74.22,restaurant,AE,21,mobile,48.62,2,49,0
TXN001137,CUST00815,101.46,retail,GB,0,desktop,49.2,2,61,0
TXN001138,CUST00228,43.95,entertainment,NG,4,tablet,150.75,3,54,1
TXN001139,CUST00216,23.59,retail,US,17,desktop,280.97,2,33,0
TXN001140,CUST00948,31.77,travel,US,15,desktop,54.09,2,60,0
TXN001141,CUST00015,33.77,online,US,22,mobile,42.44,4,56,0
TXN001142,CUST01181,14.84,electronics,US,9,desktop,115.63,6,63,0
TXN001143,CUST01285,59.08,grocery,US,3,mobile,25.94,4,41,0
TXN001144,CUST01181,52.46,electronics,CA,17,desktop,247.96,1,70,0
TXN001145,CUST00047,154.54,online,US,16,desktop,155.01,3,57,0
TXN001146,CUST00324,116.2,restaurant,US,20,desktop,129.34,3,38,0
TXN001147,CUST00844,16.68,entertainment,US,12,tablet,370.4,2,50,0
TXN001148,CUST00130,75.21,grocery,CA,7,desktop,237.4,7,44,0
TXN001149,CUST01435,12.79,electronics,IN,7,mobile,29.1,0,70,0
TXN001150,CUST00095,66.42,grocery,US,11,mobile,98.18,2,46,0
TXN001151,CUST00627,19.75,electronics,US,17,tablet,69.76,5,50,0
TXN001152,CUST00755,11.9,grocery,US,5,tablet,291.57,2,53,0
TXN001153,CUST01316,43.82,restaurant,ET,6,mobile,228.52,2,73,0
TXN001154,CUST00794,2.28,electronics,US,16,desktop,114.96,0,55,0
TXN001155,CUST01307,5.75,travel,IN,4,mobile,312.35,0,67,0
TXN001156,CUST00069,27.73,online,US,21,mobile,94.99,7,49,0
TXN001157,CUST00011,35.96,restaurant,US,22,desktop,292.92,2,63,0
TXN001158,CUST01278,22.89,online,IN,18,tablet,5.87,3,45,0
TXN001159,CUST00872,6.82,travel,IN,7,mobile,26.03,3,68,0
TXN001160,CUST00550,14.62,restaurant,GB,18,mobile,253.89,8,66,0
TXN001161,CUST01158,48.97,entertainment,US,7,desktop,21.87,1,55,0
TXN001162,CUST00712,59.25,online,FR,20,mobile,207.23,1,43,0
TXN001163,CUST00023,32.58,electronics,US,18,mobile,231.45,0,65,0
TXN001164,CUST00815,105.3,retail,US,6,mobile,195.35,2,75,0
TXN001165,CUST00346,49.27,entertainment,US,2,mobile,306.9,3,64,0
TXN001166,CUST00302,15.68,retail,US,5,desktop,129.0,1,64,0
TXN001167,CUST00363,25.02,fuel,FR,7,mobile,409.21,4,23,0
TXN001168,CUST00396,8.14,electronics,US,17,mobile,151.7,0,36,0
TXN001169,CUST00218,29.72,restaurant,IN,14,tablet,127.62,4,32,0
TXN001170,CUST00141,100.7,fuel,US,23,tablet,128.18,5,34,0
TXN001171,CUST00958,65.71,retail,US,16,mobile,437.64,4,51,0
TXN001172,CUST01234,134.56,online,GB,3,mobile,50.28,6,18,0
TXN001173,CUST00985,24.46,retail,AE,6,desktop,213.76,2,36,0
TXN001174,CUST00993,127.24,restaurant,IN,16,mobile,50.02,2,20,0
TXN001175,CUST00828,27.29,electronics,FR,21,mobile,17.41,4,34,0
TXN001176,CUST00683,144.26,retail,US,5,mobile,553.24,3,73,0
TXN001177,CUST01484,32.4,fuel,IN,12,tablet,25.01,5,56,0
TXN001178,CUST01004,67.17,retail,NG,6,tablet,208.62,4,63,0
TXN001179,CUST00356,144.77,fuel,US,8,desktop,99.47,6,31,0
TXN001180,CUST01008,27.29,travel,CA,22,desktop,326.63,2,28,0
TXN001181,CUST01348,41.2,online,CA,18,desktop,267.07,6,33,0
TXN001182,CUST01157,120.16,retail,US,19,mobile,27.94,3,71,0
TXN001183,CUST00888,28.99,online,IN,12,mobile,113.54,4,47,0
TXN001184,CUST00127,8.84,restaurant,US,14,desktop,5.03,2,56,0
TXN001185,CUST01130,282.31,travel,CA,16,desktop,101.03,3,44,0
TXN001186,CUST01009,20.7,online,US,4,mobile,216.84,4,35,0
TXN001187,CUST00604,38.81,grocery,US,22,mobile,47.55,3,73,0
TXN001188,CUST01402,105.22,fuel,FR,18,tablet,298.96,2,40,0
TXN001189,CUST01014,18.02,grocery,US,5,mobile,9.83,4,66,0
TXN001190,CUST00051,12.09,electronics,US,11,mobile,6.33,1,44,0
TXN001191,CUST01053,42.68,entertainment,IN,14,mobile,5.01,4,73,0
TXN001192,CUST01486,5.51,travel,FR,14,mobile,59.14,1,61,0
TXN001193,CUST01320,24.83,entertainment,CA,2,mobile,113.3,5,61,0
TXN001194,CUST01321,42.31,electronics,US,3,mobile,20.46,3,28,0
TXN001195,CUST00779,25.28,retail,US,4,desktop,1030.88,3,30,0
TXN001196,CUST01431,7.07,restaurant,FR,5,mobile,1391.62,0,61,0
TXN001197,CUST00814,163.07,grocery,AE,5,desktop,132.04,1,40,1
TXN001198,CUST01429,36.73,retail,US,16,mobile,151.08,2,43,0
TXN001199,CUST01370,138.54,fuel,GB,7,mobile,470.64,0,59,0
TXN001200,CUST00420,25.53,restaurant,US,18,desktop,264.38,3,51,0
TXN001201,CUST01206,13.74,retail,US,19,desktop,33.09,1,52,0
TXN001202,CUST00983,43.34,travel,US,23,desktop,283.06,1,71,0
TXN001203,CUST00825,26.69,retail,US,20,mobile,47.27,2,60,0
TXN001204,CUST01025,10.2,travel,US,21,mobile,101.26,2,55,0
TXN001205,CUST00567,144.0,travel,DE,12,desktop,136.87,1,37,0
TXN001206,CUST00371,17.77,travel,US,14,mobile,227.22,2,41,0
TXN001207,CUST00936,5.26,electronics,ET,16,desktop,29.29,4,49,0
TXN001208,CUST00661,124.98,online,GB,23,desktop,14.26,6,43,0
TXN001209,CUST01455,20.0,travel,DE,20,desktop,361.95,6,19,0
TXN001210,CUST00969,18.03,grocery,US,16,desktop,315.59,0,30,0
TXN001211,CUST01333,5.67,restaurant,US,22,mobile,133.34,5,20,0
TXN001212,CUST01161,188.85,restaurant,CA,1,mobile,195.44,2,56,0
TXN001213,CUST00202,9.12,retail,US,21,desktop,228.69,4,53,0
TXN001214,CUST01460,35.11,online,ET,2,desktop,116.51,3,29,0
TXN001215,CUST00313,82.49,fuel,US,21,mobile,53.53,2,44,0
TXN001216,CUST00117,50.49,retail,US,8,mobile,118.19,3,73,0
TXN001217,CUST00937,31.2,online,CA,5,mobile,542.13,2,31,0
TXN001218,CUST00575,6.04,retail,IN,0,desktop,327.44,7,27,0
TXN001219,CUST00244,14.74,restaurant,US,21,mobile,112.77,5,58,0
TXN001220,CUST00537,39.96,restaurant,US,18,tablet,46.02,5,71,0
TXN001221,CUST00075,15.07,electronics,AE,3,mobile,396.68,0,55,1
TXN001222,CUST00386,40.58,travel,US,12,tablet,183.02,5,29,0
TXN001223,CUST01234,65.48,retail,US,19,desktop,93.38,7,71,0
TXN001224,CUST00475,86.7,online,US,7,mobile,21.31,3,57,0
TXN001225,CUST00418,9.72,restaurant,US,22,mobile,250.81,1,28,0
TXN001226,CUST00347,297.87,fuel,CA,4,desktop,68.62,4,67,1
TXN001227,CUST00640,71.34,travel,US,9,mobile,167.79,4,19,0
TXN001228,CUST00939,33.06,grocery,NG,19,mobile,151.75,2,48,0
TXN001229,CUST00955,98.45,online,FR,18,tablet,216.49,1,27,0
TXN001230,CUST00876,352.63,retail,IN,11,mobile,138.85,3,62,0
TXN001231,CUST00763,7.86,entertainment,US,0,mobile,179.17,5,23,0
TXN001232,CUST01203,26.44,online,US,8,mobile,15.31,2,72,0
TXN001233,CUST01206,3.07,electronics,IN,23,desktop,197.0,2,59,0
TXN001234,CUST00664,40.15,grocery,US,15,mobile,38.86,3,39,0
TXN001235,CUST00025,47.72,travel,FR,16,mobile,89.56,1,64,0
TXN001236,CUST01204,31.84,fuel,US,17,mobile,129.34,4,36,0
TXN001237,CUST00710,17.21,electronics,FR,13,desktop,209.01,3,27,0
TXN001238,CUST01185,4.27,restaurant,IN,16,desktop,244.16,2,64,0
TXN001239,CUST00177,48.11,retail,US,0,mobile,219.69,3,44,0
TXN001240,CUST00285,141.94,entertainment,US,20,desktop,17.99,3,45,0
TXN001241,CUST00063,18.34,online,US,14,mobile,88.06,2,71,0
TXN001242,CUST01003,51.42,grocery,US,18,desktop,59.3,6,27,0
TXN001243,CUST00662,6.9,grocery,US,1,tablet,91.48,3,62,0
TXN001244,CUST00666,52.31,grocery,GB,23,mobile,187.37,6,68,0
TXN001245,CUST00156,22.35,online,US,23,tablet,38.58,4,34,0
TXN001246,CUST01493,15.45,grocery,US,13,desktop,125.52,2,32,0
TXN001247,CUST01073,15.48,entertainment,US,21,mobile,389.11,1,60,0
TXN001248,CUST00967,22.34,retail,US,1,desktop,236.43,5,29,0
TXN001249,CUST00849,48.54,electronics,US,14,mobile,232.62,4,37,0
TXN001250,CUST01108,8.92,travel,DE,0,mobile,339.95,8,33,0
TXN001251,CUST01385,22.26,fuel,NG,21,desktop,91.72,4,64,0
TXN001252,CUST00689,31.77,retail,US,0,desktop,256.49,2,37,0
TXN001253,CUST00148,11.03,retail,US,11,mobile,10.89,2,67,0
TXN001254,CUST00342,199.67,grocery,FR,21,desktop,10.45,5,44,0
TXN001255,CUST00476,14.1,grocery,US,14,tablet,72.57,3,39,0
TXN001256,CUST01087,16.96,fuel,US,17,mobile,39.46,0,44,0
TXN001257,CUST01384,12.45,fuel,CA,14,desktop,131.57,0,30,0
TXN001258,CUST00561,200.03,grocery,US,6,mobile,36.43,5,22,0
TXN001259,CUST00327,57.56,travel,US,11,mobile,668.18,0,34,0
TXN001260,CUST01165,12.98,entertainment,IN,9,tablet,342.81,5,51,0
TXN001261,CUST00990,100.11,restaurant,US,1,mobile,728.55,4,39,0
TXN001262,CUST00215,40.48,retail,NG,1,desktop,296.82,1,47,1
TXN001263,CUST00435,42.83,grocery,US,5,desktop,543.27,4,20,0
TXN001264,CUST00952,23.47,entertainment,ET,19,mobile,82.63,4,24,0
TXN001265,CUST00723,15.65,online,US,5,desktop,124.01,5,66,0
TXN001266,CUST01342,46.42,restaurant,US,23,mobile,49.35,2,32,0
TXN001267,CUST00032,19.2,fuel,DE,9,mobile,181.81,4,24,0
TXN001268,CUST00670,203.72,entertainment,NG,2,tablet,279.41,2,20,1
TXN001269,CUST00285,9.31,retail,US,15,tablet,124.31,2,46,0
TXN001270,CUST01329,153.88,electronics,DE,4,mobile,63.27,4,23,0
TXN001271,CUST00429,29.63,fuel,US,4,mobile,127.55,2,66,0
TXN001272,CUST00286,44.66,online,FR,9,mobile,11.69,2,44,0
TXN001273,CUST01168,76.18,online,DE,22,desktop,229.85,1,18,0
TXN001274,CUST01448,17.63,retail,US,12,mobile,108.14,3,66,0
TXN001275,CUST01043,78.59,grocery,US,23,mobile,411.31,2,71,0
TXN001276,CUST00018,2.21,restaurant,US,2,desktop,462.1,0,51,0
TXN001277,CUST00769,16.12,online,IN,17,mobile,24.14,6,75,0
TXN001278,CUST00590,13.14,grocery,US,18,mobile,998.93,0,25,0
TXN001279,CUST01395,9.45,retail,CA,5,mobile,630.12,2,64,0
TXN001280,CUST01199,26.71,online,US,19,desktop,177.58,1,42,0
TXN001281,CUST01010,48.7,travel,DE,0,mobile,314.2,3,32,0
TXN001282,CUST00194,66.86,entertainment,CA,9,mobile,3.35,4,55,0
TXN001283,CUST00502,42.13,travel,DE,9,desktop,633.51,2,28,0
TXN001284,CUST00988,17.02,online,NG,21,desktop,109.69,4,26,0
TXN001285,CUST01137,47.9,grocery,US,0,mobile,432.83,1,44,0
TXN001286,CUST00114,37.5,electronics,US,18,desktop,87.54,3,30,0
TXN001287,CUST01246,84.44,grocery,IN,10,mobile,279.36,1,29,0
TXN001288,CUST00947,72.02,fuel,US,12,mobile,97.41,1,28,0
TXN001289,CUST00831,34.14,travel,DE,16,mobile,81.09,2,72,0
TXN001290,CUST01288,13.5,restaurant,DE,19,mobile,527.98,3,75,0
TXN001291,CUST00925,17.24,travel,GB,17,desktop,216.18,2,52,0
TXN001292,CUST00055,19.11,restaurant,US,3,mobile,329.96,2,61,0
TXN001293,CUST00800,24.16,retail,US,14,mobile,141.09,3,74,0
TXN001294,CUST00778,43.3,grocery,GB,1,mobile,450.95,1,40,0
TXN001295,CUST01482,67.71,retail,US,5,tablet,242.45,4,38,0
TXN001296,CUST00162,31.47,online,GB,21,mobile,13.48,4,45,0
TXN001297,CUST01404,33.65,online,US,22,desktop,262.11,4,24,0
TXN001298,CUST00087,38.22,restaurant,US,8,mobile,3.4,3,30,0
TXN001299,CUST00055,19.77,retail,US,10,desktop,317.97,0,48,0
TXN001300,CUST01500,13.13,restaurant,IN,19,mobile,72.59,3,52,0
TXN001301,CUST01202,5.72,online,US,15,mobile,164.16,1,34,0
TXN001302,CUST01415,16.52,retail,CA,7,desktop,249.08,5,68,0
TXN001303,CUST01373,53.15,retail,IN,16,mobile,182.39,4,41,0
TXN001304,CUST01032,16.4,online,GB,22,mobile,200.86,11,69,0
TXN001305,CUST00833,26.11,retail,IN,22,mobile,401.73,3,39,0
TXN001306,CUST00313,52.8,fuel,US,3,mobile,84.3,1,27,0
TXN001307,CUST00759,55.74,restaurant,AE,6,desktop,142.59,3,33,0
TXN001308,CUST00443,11.25,electronics,US,10,mobile,34.61,4,54,0
TXN001309,CUST00328,89.75,electronics,ET,10,mobile,113.45,3,23,0
TXN001310,CUST01078,102.24,electronics,AE,10,mobile,29.26,2,29,0
TXN001311,CUST00761,10.7,fuel,US,20,mobile,180.72,2,18,0
TXN001312,CUST01263,14.53,online,US,20,mobile,70.55,3,67,0
TXN001313,CUST01253,108.97,grocery,DE,14,mobile,352.64,3,33,0
TXN001314,CUST00579,28.59,retail,US,4,mobile,75.77,5,74,0
TXN001315,CUST01075,3.6,restaurant,FR,5,desktop,60.85,8,68,0
TXN001316,CUST01007,8.17,retail,US,22,mobile,121.65,4,51,0
TXN001317,CUST01288,25.81,retail,NG,4,desktop,34.7,4,54,1
TXN001318,CUST01442,10.35,retail,US,8,desktop,41.02,6,75,0
TXN001319,CUST00096,21.9,entertainment,CA,10,mobile,275.14,1,44,0
TXN001320,CUST01112,34.21,restaurant,US,22,mobile,123.77,2,22,0
TXN001321,CUST01102,142.92,online,US,2,mobile,41.6,2,71,0
TXN001322,CUST01312,24.77,restaurant,US,19,desktop,5.77,1,36,0
TXN001323,CUST01144,96.79,restaurant,US,3,desktop,113.09,4,28,0
TXN001324,CUST00814,138.21,online,US,22,desktop,244.3,2,70,0
TXN001325,CUST00491,138.98,grocery,NG,14,mobile,77.87,2,54,0
TXN001326,CUST00452,44.02,retail,US,17,mobile,51.29,2,60,0
TXN001327,CUST00165,4.65,retail,FR,4,desktop,90.87,3,28,0
TXN001328,CUST00182,52.5,electronics,US,10,mobile,575.52,3,25,0
TXN001329,CUST00469,94.48,online,US,10,tablet,99.03,5,70,0
TXN001330,CUST00910,30.54,travel,US,3,mobile,54.11,3,33,0
TXN001331,CUST00735,189.54,retail,CA,15,mobile,151.6,4,48,0
TXN001332,CUST00823,78.24,fuel,US,10,desktop,299.64,5,28,0
TXN001333,CUST00944,58.46,restaurant,US,0,desktop,4.07,0,18,0
TXN001334,CUST00007,98.14,travel,US,12,desktop,147.0,0,64,0
TXN001335,CUST00330,46.22,electronics,US,18,mobile,325.76,2,34,0
TXN001336,CUST00775,2.74,retail,US,5,desktop,43.72,4,65,0
TXN001337,CUST00151,20.1,grocery,US,19,tablet,458.46,5,66,0
TXN001338,CUST01109,109.64,grocery,US,18,mobile,155.17,2,42,0
TXN001339,CUST00147,14.77,retail,GB,5,mobile,130.89,6,72,0
TXN001340,CUST01405,26.48,retail,US,12,desktop,596.68,1,64,0
TXN001341,CUST00915,11.65,retail,US,10,tablet,25.0,5,68,0
TXN001342,CUST01309,197.14,online,US,18,desktop,242.57,3,60,0
TXN001343,CUST00700,177.95,online,CA,6,tablet,307.24,0,43,0
TXN001344,CUST00082,13.68,online,US,11,mobile,120.69,5,51,0
TXN001345,CUST00514,38.37,grocery,GB,15,tablet,1.17,3,19,0
TXN001346,CUST00815,16.77,online,FR,0,mobile,133.75,1,33,0
TXN001347,CUST00709,61.25,grocery,CA,14,mobile,30.0,6,48,0
TXN001348,CUST00746,55.13,restaurant,US,12,mobile,148.83,3,39,0
TXN001349,CUST01023,74.57,retail,US,9,desktop,241.52,1,39,0
TXN001350,CUST01410,46.15,restaurant,US,17,mobile,136.31,1,49,0
TXN001351,CUST00707,623.54,retail,NG,3,tablet,179.36,2,23,1
TXN001352,CUST00471,11.85,restaurant,FR,21,tablet,19.76,2,19,0
TXN001353,CUST01143,5.99,restaurant,US,5,desktop,18.38,2,24,0
TXN001354,CUST00396,22.35,online,IN,7,mobile,342.61,5,28,0
TXN001355,CUST00261,6.9,fuel,US,23,mobile,9.11,2,27,0
TXN001356,CUST00805,7.44,travel,US,19,mobile,60.21,3,33,0
TXN001357,CUST00934,12.17,retail,US,21,desktop,499.63,6,68,0
TXN001358,CUST01280,13.17,grocery,US,8,mobile,110.54,3,18,0
TXN001359,CUST00905,12.75,retail,AE,22,desktop,202.05,3,52,0
TXN001360,CUST01250,55.6,restaurant,AE,7,mobile,45.11,4,55,0
TXN001361,CUST01077,19.96,retail,CA,23,desktop,56.77,2,56,0
TXN001362,CUST00940,27.67,electronics,US,17,mobile,128.04,3,27,0
TXN001363,CUST00854,80.98,entertainment,GB,6,desktop,182.95,4,52,0
TXN001364,CUST01388,15.39,fuel,FR,18,mobile,581.48,5,30,0
TXN001365,CUST01304,25.42,grocery,US,22,mobile,153.77,4,59,0
TXN001366,CUST00593,47.74,retail,US,17,tablet,18.16,3,31,0
TXN001367,CUST00714,4.75,restaurant,GB,0,mobile,82.29,2,29,0
TXN001368,CUST01182,3.05,restaurant,NG,10,tablet,50.39,2,61,0
TXN001369,CUST00632,46.81,entertainment,ET,8,mobile,52.84,2,73,0
TXN001370,CUST00059,54.16,grocery,US,9,mobile,126.72,5,20,0
TXN001371,CUST00128,260.92,restaurant,US,9,mobile,68.54,3,55,0
TXN001372,CUST00736,38.79,travel,AE,0,tablet,61.47,3,63,0
TXN001373,CUST00721,75.17,entertainment,AE,16,tablet,619.67,6,28,0
TXN001374,CUST01139,27.24,grocery,US,11,mobile,157.85,1,51,0
TXN001375,CUST01233,44.58,online,CA,11,mobile,54.63,2,42,0
TXN001376,CUST00526,175.43,fuel,NG,18,desktop,58.1,2,40,0
TXN001377,CUST00521,3.96,retail,NG,16,desktop,299.91,3,25,0
TXN001378,CUST00552,50.08,retail,ET,6,desktop,391.63,4,60,0
TXN001379,CUST00237,280.22,entertainment,US,22,desktop,204.55,5,61,0
TXN001380,CUST01305,43.91,online,DE,10,mobile,101.64,6,44,0
TXN001381,CUST01383,172.53,travel,US,23,desktop,260.34,3,67,0
TXN001382,CUST01225,17.65,grocery,NG,1,desktop,498.73,4,75,1
TXN001383,CUST01302,32.07,fuel,US,15,mobile,32.72,3,21,0
TXN001384,CUST01259,34.24,retail,GB,22,desktop,356.11,4,41,0
TXN001385,CUST00494,3.61,fuel,CA,8,tablet,340.07,4,30,0
TXN001386,CUST00004,10.3,grocery,FR,9,desktop,82.17,4,58,0
TXN001387,CUST00666,11.06,travel,CA,20,mobile,62.1,2,48,1
TXN001388,CUST00442,75.34,online,US,9,mobile,149.96,5,31,0
TXN001389,CUST00029,79.21,fuel,DE,2,mobile,57.21,3,37,0
TXN001390,CUST01133,45.79,fuel,US,16,mobile,28.28,2,71,0
TXN001391,CUST00610,75.5,online,US,13,tablet,550.67,5,54,0
TXN001392,CUST00805,28.1,restaurant,IN,18,mobile,121.68,3,39,0
TXN001393,CUST00075,110.16,retail,CA,17,desktop,115.05,2,29,0
TXN001394,CUST00838,33.41,fuel,DE,17,mobile,24.26,3,20,0
TXN001395,CUST01170,35.09,restaurant,US,13,desktop,126.27,4,49,0
TXN001396,CUST00128,25.39,restaurant,FR,2,mobile,244.45,4,22,0
TXN001397,CUST00042,65.66,retail,FR,9,mobile,51.31,3,49,0
TXN001398,CUST01380,21.73,retail,GB,22,mobile,82.85,7,29,0
TXN001399,CUST00041,87.92,electronics,IN,12,desktop,35.48,4,45,0
TXN001400,CUST00934,10.67,grocery,US,21,desktop,78.95,3,44,0
TXN001401,CUST00034,11.04,grocery,DE,11,mobile,355.56,0,40,0
TXN001402,CUST01041,65.85,restaurant,ET,8,mobile,48.7,1,21,0
TXN001403,CUST01177,30.31,online,US,9,desktop,5.4,2,22,0
TXN001404,CUST00998,21.03,online,US,18,desktop,138.3,6,55,0
TXN001405,CUST01402,80.65,online,IN,15,mobile,155.93,2,62,0
TXN001406,CUST00588,18.04,fuel,US,20,mobile,71.79,1,26,0
TXN001407,CUST00342,27.11,grocery,US,2,mobile,184.68,3,26,0
TXN001408,CUST00027,134.19,grocery,US,11,mobile,6.96,2,46,0
TXN001409,CUST01311,154.34,electronics,US,7,mobile,74.95,4,74,0
TXN001410,CUST00646,159.56,grocery,NG,14,desktop,28.11,2,34,0
TXN001411,CUST00731,24.97,grocery,US,10,tablet,47.0,2,36,0
TXN001412,CUST00168,113.38,online,US,22,mobile,86.78,0,19,0
TXN001413,CUST00610,12.82,entertainment,AE,12,desktop,122.41,1,49,0
TXN001414,CUST00268,13.37,fuel,US,5,desktop,17.61,3,71,0
TXN001415,CUST00821,3.16,entertainment,GB,12,tablet,19.23,3,32,0
TXN001416,CUST00455,176.42,fuel,AE,10,desktop,201.78,4,58,0
TXN001417,CUST00906,13.96,fuel,ET,5,desktop,93.19,2,19,0
TXN001418,CUST01425,29.18,restaurant,ET,5,desktop,34.96,5,31,0
TXN001419,CUST00922,13.33,retail,US,4,desktop,48.2,3,65,0
TXN001420,CUST00981,66.36,restaurant,US,6,mobile,229.17,1,49,0
TXN001421,CUST01500,22.75,restaurant,US,22,mobile,9.57,5,56,0
TXN001422,CUST00702,8.98,restaurant,US,22,tablet,127.94,3,66,0
TXN001423,CUST00634,51.5,retail,US,18,desktop,80.42,2,43,0
TXN001424,CUST00130,7.9,retail,US,10,mobile,300.02,4,63,0
TXN001425,CUST01020,14.33,entertainment,CA,5,desktop,281.01,3,29,0
TXN001426,CUST01387,4.03,online,US,8,mobile,210.35,3,59,0
TXN001427,CUST00819,7.97,online,US,19,mobile,87.44,4,43,0
TXN001428,CUST00693,39.59,retail,US,17,desktop,179.57,4,53,0
TXN001429,CUST01316,4.64,fuel,US,7,desktop,183.82,2,29,0
TXN001430,CUST01395,7.53,retail,GB,17,mobile,72.68,5,66,0
TXN001431,CUST00794,33.04,restaurant,GB,4,mobile,381.61,2,50,0
TXN001432,CUST00029,19.23,electronics,AE,5,tablet,754.25,5,43,1
TXN001433,CUST00149,242.75,retail,NG,1,tablet,67.95,5,40,1
TXN001434,CUST01320,207.24,grocery,DE,21,mobile,290.81,1,30,0
TXN001435,CUST00011,13.9,retail,GB,23,mobile,125.09,3,75,0
TXN001436,CUST00676,57.81,travel,US,3,mobile,112.14,4,54,0
TXN001437,CUST01137,70.06,retail,US,18,desktop,87.96,7,57,0
TXN001438,CUST00187,18.22,electronics,ET,3,desktop,62.16,4,45,0
TXN001439,CUST00807,7.42,fuel,US,15,mobile,453.53,2,51,0
TXN001440,CUST00744,32.71,travel,US,0,desktop,243.04,1,71,0
TXN001441,CUST01251,27.86,online,US,15,desktop,104.59,3,58,0
TXN001442,CUST01334,21.42,travel,US,0,mobile,250.66,6,36,0
TXN001443,CUST00098,51.54,retail,FR,23,mobile,228.24,2,71,0
TXN001444,CUST00055,15.63,fuel,US,16,mobile,55.99,4,63,0
TXN001445,CUST00623,10.46,restaurant,US,4,mobile,34.87,2,42,0
TXN001446,CUST00664,36.93,retail,US,15,desktop,325.75,2,52,0
TXN001447,CUST00758,48.71,restaurant,GB,2,mobile,300.27,6,38,0
TXN001448,CUST00406,10.21,electronics,DE,9,mobile,1037.59,3,23,0
TXN001449,CUST00069,83.77,grocery,US,17,mobile,3.52,2,66,0
TXN001450,CUST01336,5.64,retail,ET,20,desktop,139.92,2,33,0
TXN001451,CUST01313,18.58,restaurant,US,17,tablet,217.51,4,41,0
TXN001452,CUST00751,25.58,restaurant,DE,16,desktop,157.24,3,75,0
TXN001453,CUST01172,17.53,retail,DE,10,desktop,223.09,5,68,0
TXN001454,CUST01491,18.82,entertainment,IN,8,desktop,26.58,3,33,0
TXN001455,CUST01268,215.09,grocery,US,10,mobile,0.27,3,47,0
TXN001456,CUST00958,14.14,fuel,US,8,mobile,17.58,5,45,0
TXN001457,CUST00365,380.4,retail,US,16,mobile,86.06,1,27,0
TXN001458,CUST00482,51.27,grocery,US,19,mobile,71.8,3,73,0
TXN001459,CUST00201,36.31,entertainment,US,4,desktop,372.87,3,34,0
TXN001460,CUST00154,53.32,online,US,11,mobile,15.7,3,37,0
TXN001461,CUST01474,415.68,fuel,US,17,desktop,105.24,2,65,0
TXN001462,CUST00073,12.26,travel,NG,15,mobile,569.86,1,53,0
TXN001463,CUST00713,10.8,fuel,US,8,mobile,125.81,3,41,0
TXN001464,CUST00296,15.57,grocery,IN,7,tablet,25.56,6,33,0
TXN001465,CUST01041,34.2,fuel,ET,5,mobile,61.97,2,37,0
TXN001466,CUST01241,5.9,grocery,NG,16,mobile,177.41,5,69,0
TXN001467,CUST00061,33.86,travel,IN,13,mobile,2.17,4,72,0
TXN001468,CUST00939,180.11,grocery,FR,20,mobile,620.13,2,43,0
TXN001469,CUST00042,38.53,entertainment,ET,23,desktop,150.65,3,46,0
TXN001470,CUST00025,24.71,restaurant,US,13,desktop,219.22,2,73,0
TXN001471,CUST01063,17.85,travel,US,3,mobile,124.39,2,65,0
TXN001472,CUST00131,81.33,electronics,IN,7,desktop,570.29,3,39,0
TXN001473,CUST01253,14.5,fuel,US,21,desktop,160.15,4,37,0
TXN001474,CUST00108,209.85,travel,US,16,mobile,195.24,2,49,0
TXN001475,CUST00172,228.92,entertainment,FR,0,mobile,354.98,4,46,0
TXN001476,CUST01459,42.81,grocery,CA,2,desktop,355.91,2,65,0
TXN001477,CUST00102,32.74,restaurant,ET,16,desktop,5.14,5,40,0
TXN001478,CUST00866,92.82,online,US,19,mobile,59.96,7,74,0
TXN001479,CUST00524,98.97,retail,CA,2,mobile,50.9,5,51,0
TXN001480,CUST00275,14.79,grocery,US,6,mobile,1.2,3,29,0
TXN001481,CUST01068,19.56,grocery,NG,10,mobile,376.88,2,36,0
TXN001482,CUST00817,8.83,grocery,US,14,mobile,68.66,3,34,0
TXN001483,CUST00957,49.85,online,AE,6,tablet,76.7,5,56,0
TXN001484,CUST01041,64.5,electronics,US,4,desktop,18.89,0,39,0
TXN001485,CUST00330,8.59,entertainment,US,16,desktop,823.98,3,27,0
TXN001486,CUST00012,21.01,grocery,US,4,mobile,315.03,4,73,0
TXN001487,CUST01342,8.61,restaurant,US,0,mobile,152.7,3,35,0
TXN001488,CUST00216,13.48,restaurant,CA,21,mobile,266.06,4,22,0
TXN001489,CUST00339,57.46,online,US,23,desktop,270.2,2,18,0
TXN001490,CUST00661,15.9,fuel,US,6,mobile,192.46,1,43,0
TXN001491,CUST01105,24.51,grocery,US,16,mobile,34.41,3,42,0
TXN001492,CUST00374,6.51,retail,AE,7,mobile,229.34,3,67,0
TXN001493,CUST00976,39.92,electronics,US,11,desktop,151.75,2,30,0
TXN001494,CUST00710,31.68,fuel,US,1,desktop,231.77,3,56,0
TXN001495,CUST01224,15.98,online,GB,16,mobile,141.13,2,56,0
TXN001496,CUST00466,27.41,restaurant,NG,21,desktop,563.63,2,63,0
TXN001497,CUST01113,39.66,entertainment,AE,19,desktop,177.52,2,29,0
TXN001498,CUST01292,14.66,entertainment,NG,13,mobile,153.46,2,37,0
TXN001499,CUST00489,7.57,electronics,US,22,mobile,333.03,2,23,0
TXN001500,CUST00047,201.46,online,AE,2,desktop,85.82,2,35,1
TXN001501,CUST01312,17.58,restaurant,FR,18,mobile,68.31,4,19,0
TXN001502,CUST00778,30.06,fuel,NG,13,desktop,125.91,3,26,0
TXN001503,CUST01040,91.0,restaurant,US,7,mobile,158.08,4,50,0
TXN001504,CUST00711,1128.96,entertainment,NG,6,mobile,44.83,3,71,1
TXN001505,CUST00401,9.54,restaurant,US,4,mobile,206.39,3,18,0
TXN001506,CUST00981,51.93,grocery,GB,2,desktop,291.85,4,28,0
TXN001507,CUST01110,16.32,restaurant,US,0,tablet,155.01,1,39,0
TXN001508,CUST00250,19.32,restaurant,US,18,mobile,133.23,0,21,0
TXN001509,CUST00391,16.12,travel,US,14,mobile,62.83,2,38,0
TXN001510,CUST00335,10.74,restaurant,US,0,mobile,432.6,8,46,0
TXN001511,CUST00629,31.78,fuel,ET,4,desktop,252.8,4,37,0
TXN001512,CUST00137,7.58,restaurant,GB,19,desktop,117.81,3,22,0
TXN001513,CUST00883,85.35,fuel,GB,10,mobile,193.71,4,68,0
TXN001514,CUST00688,34.99,online,US,13,tablet,73.94,5,44,0
TXN001515,CUST00827,50.52,retail,IN,21,desktop,11.1,4,60,0
TXN001516,CUST00727,20.78,retail,GB,17,mobile,41.05,2,71,0
TXN001517,CUST00594,22.94,retail,US,19,desktop,14.91,2,50,0
TXN001518,CUST01247,44.15,fuel,FR,8,mobile,127.73,3,35,0
TXN001519,CUST00990,10.34,electronics,US,14,desktop,175.15,2,39,0
TXN001520,CUST00372,23.15,fuel,US,10,mobile,86.18,1,61,0
TXN001521,CUST00935,14.02,retail,US,4,desktop,135.96,1,58,0
TXN001522,CUST00995,13.59,grocery,CA,14,desktop,16.08,3,54,0
TXN001523,CUST00402,4.02,online,US,23,desktop,264.51,1,63,0
TXN001524,CUST01467,126.38,restaurant,US,1,mobile,6.0,1,35,0
TXN001525,CUST00615,16.67,online,IN,11,tablet,181.13,3,38,0
TXN001526,CUST01297,105.99,travel,US,22,mobile,102.24,5,23,0
TXN001527,CUST01183,96.43,online,US,6,tablet,36.56,1,45,0
TXN001528,CUST01176,9.15,online,IN,1,mobile,133.26,6,19,0
TXN001529,CUST00995,11.15,retail,US,7,tablet,273.32,2,32,0
TXN001530,CUST00620,428.59,online,GB,8,desktop,96.05,1,63,0
TXN001531,CUST00188,190.74,entertainment,US,4,tablet,82.51,3,28,0
TXN001532,CUST01122,32.09,restaurant,CA,14,mobile,27.66,4,28,0
TXN001533,CUST00131,42.84,travel,US,18,mobile,162.51,5,43,0
TXN001534,CUST00805,17.62,travel,IN,18,mobile,316.86,3,44,0
TXN001535,CUST01195,51.03,restaurant,US,12,mobile,148.33,4,60,0
TXN001536,CUST00936,16.16,electronics,CA,12,mobile,32.48,0,40,0
TXN001537,CUST00986,4.34,online,IN,5,tablet,194.84,2,73,0
TXN001538,CUST00183,8.83,online,IN,0,desktop,5.51,0,25,0
TXN001539,CUST00983,33.82,online,US,9,mobile,327.69,2,71,0
TXN001540,CUST00364,10.69,electronics,AE,5,tablet,458.03,3,63,1
TXN001541,CUST00039,30.96,restaurant,US,2,desktop,163.6,4,37,0
TXN001542,CUST00497,11.31,online,CA,12,tablet,384.34,5,51,0
TXN001543,CUST01373,15.14,grocery,US,18,tablet,15.89,3,43,0
TXN001544,CUST00982,77.72,restaurant,US,9,desktop,46.66,2,18,0
TXN001545,CUST00921,42.41,grocery,US,12,mobile,68.7,0,62,0
TXN001546,CUST01421,32.8,grocery,CA,6,tablet,267.04,1,41,0
TXN001547,CUST00722,79.76,restaurant,US,14,mobile,119.18,1,70,0
TXN001548,CUST01185,53.55,grocery,US,22,desktop,77.08,7,58,0
TXN001549,CUST00016,140.69,restaurant,US,3,desktop,30.97,1,46,0
TXN001550,CUST00493,20.91,online,IN,10,mobile,299.54,3,28,0
TXN001551,CUST01450,21.55,grocery,DE,7,desktop,3.73,3,25,0
TXN001552,CUST01132,9.02,travel,US,1,mobile,74.05,3,47,0
TXN001553,CUST00894,21.56,retail,NG,0,mobile,50.06,3,32,0
TXN001554,CUST01474,86.9,entertainment,CA,0,mobile,24.86,5,35,0
TXN001555,CUST00311,121.51,restaurant,US,15,desktop,33.98,10,42,0
TXN001556,CUST00739,86.51,retail,US,17,mobile,122.55,3,64,0
TXN001557,CUST01194,5.51,restaurant,US,10,desktop,99.94,1,28,0
TXN001558,CUST00546,97.82,grocery,FR,21,desktop,131.5,5,69,0
TXN001559,CUST00414,5.27,retail,IN,7,desktop,234.1,3,65,0
TXN001560,CUST00251,81.3,retail,US,18,desktop,401.16,5,68,0
TXN001561,CUST00759,22.92,travel,US,11,mobile,22.7,5,63,0
TXN001562,CUST01165,66.86,fuel,US,5,mobile,15.53,8,26,0
TXN001563,CUST01298,8.74,fuel,US,23,mobile,69.51,1,67,0
TXN001564,CUST01440,106.82,restaurant,ET,15,desktop,142.26,6,49,0
TXN001565,CUST01063,7.65,restaurant,CA,7,desktop,18.94,1,29,0
TXN001566,CUST00814,16.97,travel,US,6,mobile,226.56,1,71,0
TXN001567,CUST00029,12.21,retail,AE,19,desktop,146.19,3,64,0
TXN001568,CUST00958,5.73,grocery,US,2,mobile,248.43,2,59,0
TXN001569,CUST00477,36.4,entertainment,IN,22,desktop,79.75,1,40,0
TXN001570,CUST00318,201.56,grocery,US,0,desktop,92.28,2,41,0
TXN001571,CUST00245,476.71,travel,CA,22,tablet,296.65,1,36,0
TXN001572,CUST00748,36.49,online,US,5,mobile,55.91,2,27,0
TXN001573,CUST00697,101.16,fuel,US,2,desktop,86.46,5,35,0
TXN001574,CUST00272,41.77,grocery,ET,18,mobile,2.45,3,32,0
TXN001575,CUST01464,54.54,electronics,US,1,desktop,145.87,1,47,0
TXN001576,CUST01263,23.52,online,NG,16,mobile,343.25,3,64,0
TXN001577,CUST00377,40.25,grocery,CA,15,mobile,5.09,4,67,0
TXN001578,CUST00266,56.68,grocery,IN,20,tablet,171.25,4,51,0
TXN001579,CUST00926,18.57,fuel,IN,6,mobile,336.1,2,59,0
TXN001580,CUST00921,30.65,online,US,22,mobile,122.6,3,56,0
TXN001581,CUST01383,31.24,grocery,CA,5,desktop,67.58,2,30,0
TXN001582,CUST00340,75.67,online,AE,10,desktop,1022.26,4,59,1
TXN001583,CUST00389,11.4,retail,US,14,mobile,12.07,4,69,0
TXN001584,CUST00577,31.45,grocery,AE,21,mobile,42.53,2,40,0
TXN001585,CUST00003,224.08,online,CA,10,mobile,389.69,3,62,0
TXN001586,CUST01453,106.07,grocery,DE,6,desktop,63.51,1,39,0
TXN001587,CUST01166,127.64,grocery,US,14,desktop,308.51,1,44,0
TXN001588,CUST00376,33.93,grocery,FR,15,mobile,72.95,0,69,0
TXN001589,CUST00324,45.65,electronics,US,7,desktop,300.82,5,22,0
TXN001590,CUST00146,90.22,entertainment,ET,4,desktop,208.35,3,28,0
TXN001591,CUST00293,157.63,restaurant,US,16,desktop,113.78,2,57,0
TXN001592,CUST00432,4.7,online,US,22,mobile,133.22,4,23,0
TXN001593,CUST00705,8.89,electronics,IN,1,mobile,35.21,3,20,0
TXN001594,CUST00949,122.66,restaurant,FR,20,desktop,22.17,2,49,0
TXN001595,CUST00585,25.11,online,IN,6,desktop,227.18,3,27,0
TXN001596,CUST00399,16.92,entertainment,US,22,desktop,339.78,4,57,0
TXN001597,CUST00817,9.45,entertainment,GB,20,desktop,230.41,4,72,0
TXN001598,CUST01368,19.01,entertainment,CA,5,tablet,439.25,6,37,0
TXN001599,CUST00964,8.15,electronics,GB,11,mobile,397.44,2,35,0
TXN001600,CUST01164,268.03,entertainment,US,15,desktop,271.07,1,51,0
TXN001601,CUST00187,32.38,restaurant,US,10,desktop,411.12,5,35,0
TXN001602,CUST00061,31.25,fuel,NG,21,tablet,32.94,1,19,0
TXN001603,CUST00939,59.63,retail,US,16,tablet,236.59,4,30,0
TXN001604,CUST01404,86.69,grocery,IN,9,mobile,252.2,1,73,0
TXN001605,CUST00710,85.28,travel,US,22,mobile,30.1,4,63,0
TXN001606,CUST00807,96.89,online,IN,15,mobile,432.6,3,70,0
TXN001607,CUST01464,17.62,fuel,DE,15,desktop,1.59,3,30,0
TXN001608,CUST01343,24.58,grocery,FR,14,desktop,102.64,2,64,0
TXN001609,CUST01326,71.45,retail,US,14,mobile,3.91,2,43,0
TXN001610,CUST01368,19.54,online,NG,22,mobile,133.38,5,29,0
TXN001611,CUST00011,32.95,grocery,US,19,mobile,95.63,5,29,0
TXN001612,CUST01086,49.34,grocery,GB,3,mobile,175.62,6,29,0
TXN001613,CUST00226,72.62,entertainment,US,21,mobile,261.78,1,72,0
TXN001614,CUST01177,5.6,grocery,GB,2,desktop,263.43,0,61,0
TXN001615,CUST00564,67.68,grocery,NG,13,mobile,230.57,4,40,0
TXN001616,CUST00772,26.21,online,US,9,desktop,19.34,3,35,0
TXN001617,CUST01334,67.19,online,DE,5,mobile,97.26,2,41,0
TXN001618,CUST00885,72.02,fuel,US,10,desktop,304.66,3,64,0
TXN001619,CUST01267,165.33,electronics,IN,3,desktop,191.19,4,44,0
TXN001620,CUST01390,128.18,fuel,IN,9,mobile,205.68,1,23,0
TXN001621,CUST01354,127.3,retail,US,15,desktop,46.33,0,57,0
TXN001622,CUST01131,140.28,restaurant,US,23,mobile,70.76,5,62,0
TXN001623,CUST00226,44.32,fuel,GB,20,tablet,561.47,6,20,0
TXN001624,CUST00825,34.2,retail,US,7,desktop,337.83,2,68,0
TXN001625,CUST00218,79.27,fuel,US,8,desktop,32.44,1,75,0
TXN001626,CUST00937,68.86,fuel,US,3,mobile,141.62,4,68,0
TXN001627,CUST00753,24.31,restaurant,US,16,mobile,121.38,3,48,0
TXN001628,CUST00506,49.64,online,US,9,desktop,105.55,1,63,0
TXN001629,CUST00259,31.97,online,US,22,mobile,114.49,2,74,0
TXN001630,CUST00054,14.1,fuel,US,12,desktop,185.35,3,49,0
TXN001631,CUST01071,120.36,retail,CA,22,mobile,614.84,2,45,0
TXN001632,CUST00727,34.99,grocery,CA,20,mobile,374.77,1,71,0
TXN001633,CUST00689,256.91,grocery,US,20,mobile,374.48,0,26,0
TXN001634,CUST01123,6.52,grocery,GB,16,tablet,218.75,5,51,0
TXN001635,CUST01044,18.98,fuel,NG,18,tablet,3.19,2,44,1
TXN001636,CUST00419,34.21,grocery,US,16,mobile,104.52,4,44,0
TXN001637,CUST00690,103.27,online,AE,22,mobile,128.82,1,75,0
TXN001638,CUST00850,49.38,restaurant,GB,20,mobile,332.69,4,42,0
TXN001639,CUST00062,45.17,travel,US,3,mobile,461.14,4,59,0
TXN001640,CUST01169,10.73,restaurant,US,22,tablet,108.12,4,36,0
TXN001641,CUST00216,10.41,retail,US,5,desktop,64.32,1,75,0
TXN001642,CUST00003,45.72,online,DE,13,tablet,74.07,2,31,0
TXN001643,CUST00160,8.46,retail,US,8,desktop,155.58,3,75,0
TXN001644,CUST00781,19.46,online,IN,5,desktop,57.88,1,57,0
TXN001645,CUST01144,54.65,grocery,GB,9,desktop,434.91,4,36,0
TXN001646,CUST00893,12.4,grocery,US,5,desktop,97.63,2,29,0
TXN001647,CUST01113,164.9,retail,US,8,desktop,830.09,3,48,0
TXN001648,CUST00329,112.61,fuel,US,12,mobile,20.88,3,53,0
TXN001649,CUST00580,6.88,grocery,US,15,desktop,37.46,1,42,0
TXN001650,CUST01381,13.03,fuel,US,15,mobile,128.99,3,75,0
TXN001651,CUST01291,3.37,electronics,FR,18,tablet,364.91,1,69,0
TXN001652,CUST00952,15.14,restaurant,DE,4,mobile,78.64,5,23,0
TXN001653,CUST01347,71.26,grocery,US,10,mobile,327.04,1,31,0
TXN001654,CUST00635,21.89,entertainment,CA,20,mobile,99.75,4,24,0
TXN001655,CUST00988,52.5,grocery,US,14,tablet,345.11,4,46,0
TXN001656,CUST01219,7.23,restaurant,US,7,tablet,58.49,2,43,0
TXN001657,CUST00921,73.55,restaurant,FR,14,desktop,114.92,2,51,0
TXN001658,CUST00738,19.01,grocery,US,10,mobile,58.81,1,56,0
TXN001659,CUST01356,33.52,travel,AE,12,mobile,43.62,3,53,0
TXN001660,CUST00170,30.18,grocery,IN,22,mobile,98.41,5,72,0
TXN001661,CUST00521,9.29,restaurant,CA,1,tablet,73.35,3,68,0
TXN001662,CUST01487,10.45,retail,US,1,desktop,278.49,3,28,0
TXN001663,CUST00040,87.16,restaurant,US,22,tablet,247.84,2,29,0
TXN001664,CUST01285,49.35,electronics,US,11,desktop,79.93,5,34,0
TXN001665,CUST01419,94.64,travel,CA,19,desktop,875.37,5,60,0
TXN001666,CUST00955,45.82,online,AE,21,mobile,655.82,6,58,0
TXN001667,CUST01250,38.21,entertainment,CA,8,mobile,449.82,2,40,0
TXN001668,CUST00984,5.89,restaurant,ET,19,tablet,158.96,5,48,0
TXN001669,CUST01148,25.27,retail,ET,14,mobile,95.68,0,35,0
TXN001670,CUST00975,32.22,fuel,AE,6,desktop,67.58,2,70,0
TXN001671,CUST00038,233.48,fuel,US,13,desktop,2.73,3,69,0
TXN001672,CUST00328,65.82,grocery,NG,16,mobile,179.85,7,43,0
TXN001673,CUST01275,153.86,grocery,GB,1,mobile,145.0,5,40,0
TXN001674,CUST01200,60.19,online,US,8,mobile,178.9,3,67,0
TXN001675,CUST00914,16.26,retail,IN,12,desktop,154.42,3,25,0
TXN001676,CUST00454,37.23,online,IN,4,mobile,26.67,0,40,0
TXN001677,CUST00037,41.94,restaurant,CA,3,mobile,213.96,4,28,0
TXN001678,CUST01340,12.95,grocery,AE,22,desktop,80.45,6,48,0
TXN001679,CUST00973,22.55,fuel,US,20,mobile,130.73,1,36,0
TXN001680,CUST00796,26.96,fuel,US,0,mobile,81.93,3,39,0
TXN001681,CUST00973,164.95,grocery,US,8,mobile,4.0,2,58,0
TXN001682,CUST00593,4.13,grocery,US,23,mobile,376.55,5,34,0
TXN001683,CUST01138,110.59,electronics,US,15,desktop,28.99,4,66,0
TXN001684,CUST01064,12.98,online,US,18,tablet,157.08,3,74,0
TXN001685,CUST01325,8.4,fuel,GB,2,mobile,386.41,1,44,0
TXN001686,CUST00224,107.76,entertainment,US,2,tablet,45.03,4,48,0
TXN001687,CUST00318,68.85,online,US,6,mobile,95.59,1,34,0
TXN001688,CUST00349,116.11,grocery,US,17,desktop,85.39,1,34,0
TXN001689,CUST00115,73.75,fuel,US,19,desktop,16.82,2,61,0
TXN001690,CUST00698,259.78,retail,US,6,desktop,99.15,0,51,0
TXN001691,CUST01347,57.9,retail,US,23,mobile,117.53,1,52,0
TXN001692,CUST01064,28.32,retail,US,15,mobile,4.85,4,28,0
TXN001693,CUST00040,46.66,restaurant,US,20,desktop,120.55,2,37,0
TXN001694,CUST01313,114.83,fuel,US,23,mobile,17.74,2,21,0
TXN001695,CUST01286,15.19,retail,NG,3,desktop,401.39,2,75,1
TXN001696,CUST00216,17.26,fuel,US,12,mobile,189.05,3,20,0
TXN001697,CUST01171,24.31,restaurant,GB,9,mobile,10.45,2,25,0
TXN001698,CUST00336,4.04,retail,US,1,desktop,315.85,4,69,0
TXN001699,CUST01192,38.02,travel,US,18,desktop,80.78,4,74,0
TXN001700,CUST00092,5.02,grocery,US,13,desktop,46.02,5,74,0
TXN001701,CUST00353,34.92,grocery,IN,5,mobile,52.73,4,53,0
TXN001702,CUST00571,78.67,online,US,12,mobile,163.91,4,53,0
TXN001703,CUST00816,20.56,travel,DE,21,mobile,15.31,2,60,0
TXN001704,CUST00781,177.17,grocery,CA,11,desktop,10.9,5,36,0
TXN001705,CUST00363,7.69,fuel,US,11,desktop,177.76,4,37,1
TXN001706,CUST00557,108.99,entertainment,IN,22,tablet,722.23,4,22,0
TXN001707,CUST01369,65.05,fuel,US,11,mobile,118.9,3,43,0
TXN001708,CUST01194,5.95,restaurant,US,10,tablet,95.98,3,67,0
TXN001709,CUST00356,498.1,fuel,US,13,desktop,529.42,1,39,0
TXN001710,CUST00191,31.07,grocery,US,3,desktop,49.63,7,72,0
TXN001711,CUST00422,13.77,restaurant,US,12,mobile,49.53,3,43,0
TXN001712,CUST00700,8.11,electronics,CA,7,mobile,423.92,2,67,0
TXN001713,CUST00007,26.58,entertainment,US,23,desktop,187.4,4,27,0
TXN001714,CUST00133,29.15,electronics,CA,22,desktop,9.95,3,41,0
TXN001715,CUST00557,36.7,grocery,US,2,mobile,201.74,2,69,0
TXN001716,CUST00826,24.59,electronics,IN,13,mobile,308.7,2,53,0
TXN001717,CUST00761,62.38,travel,US,18,desktop,57.63,5,49,0
TXN001718,CUST01055,22.47,retail,GB,17,tablet,86.89,7,72,0
TXN001719,CUST00535,4.78,retail,DE,10,mobile,39.64,2,42,0
TXN001720,CUST00426,28.52,restaurant,US,12,mobile,180.6,6,59,0
TXN001721,CUST01418,3.1,restaurant,US,22,desktop,196.42,8,32,0
TXN001722,CUST00672,47.17,grocery,US,5,desktop,12.78,5,56,0
TXN001723,CUST00363,12.44,entertainment,US,22,mobile,203.81,5,70,0
TXN001724,CUST01461,38.99,grocery,US,17,mobile,193.37,3,51,0
TXN001725,CUST00082,123.23,grocery,GB,19,desktop,6.44,3,61,0
TXN001726,CUST00356,12.82,online,US,0,mobile,145.89,2,33,0
TXN001727,CUST01282,95.7,restaurant,US,1,mobile,171.32,1,64,0
TXN001728,CUST00589,21.47,grocery,US,6,desktop,101.23,3,61,0
TXN001729,CUST00295,191.18,electronics,AE,4,mobile,416.85,3,27,1
TXN001730,CUST01248,22.99,restaurant,US,18,mobile,71.65,4,67,0
TXN001731,CUST01070,14.29,online,US,1,mobile,12.52,5,23,0
TXN001732,CUST01137,65.84,retail,US,2,desktop,200.57,5,63,0
TXN001733,CUST01257,21.42,grocery,US,19,mobile,167.3,2,54,0
TXN001734,CUST00017,14.28,electronics,GB,9,mobile,812.73,1,61,0
TXN001735,CUST00360,20.54,retail,DE,9,mobile,47.35,8,75,0
TXN001736,CUST01247,31.67,retail,GB,20,mobile,90.6,5,64,0
TXN001737,CUST00866,126.75,electronics,CA,7,desktop,111.31,0,58,0
TXN001738,CUST00700,4.79,fuel,IN,8,tablet,355.85,5,38,0
TXN001739,CUST00448,33.89,grocery,US,1,desktop,96.37,2,62,0
TXN001740,CUST00856,61.86,fuel,US,2,mobile,266.23,5,19,0
TXN001741,CUST00365,40.18,retail,US,15,mobile,30.73,2,66,0
TXN001742,CUST00675,122.72,online,US,3,mobile,94.91,4,55,0
TXN001743,CUST01008,30.74,travel,US,22,mobile,30.31,4,36,0
TXN001744,CUST01350,27.53,restaurant,US,5,mobile,538.08,1,71,0
TXN001745,CUST00467,59.88,online,US,12,mobile,35.23,5,58,0
TXN001746,CUST00414,36.57,online,US,5,desktop,97.76,2,55,0
TXN001747,CUST01479,22.41,online,AE,9,desktop,15.45,2,40,0
TXN001748,CUST00586,55.49,grocery,IN,22,desktop,457.77,2,60,0
TXN001749,CUST01257,17.24,online,US,16,mobile,175.98,1,62,0
TXN001750,CUST01248,17.97,online,AE,7,desktop,590.8,1,34,0
TXN001751,CUST00994,19.53,restaurant,NG,8,mobile,7.77,9,23,0
TXN001752,CUST01436,128.13,restaurant,IN,1,mobile,34.62,2,71,0
TXN001753,CUST00572,1.32,restaurant,US,16,mobile,86.06,3,65,1
TXN001754,CUST00335,49.19,fuel,FR,19,mobile,174.81,2,61,0
TXN001755,CUST01246,34.27,online,US,10,mobile,71.96,6,66,0
TXN001756,CUST00037,6.17,entertainment,CA,17,mobile,223.98,5,51,0
TXN001757,CUST00989,45.14,restaurant,DE,21,mobile,32.49,2,32,0
TXN001758,CUST00278,53.29,retail,FR,2,desktop,165.22,3,44,0
TXN001759,CUST01220,59.72,fuel,US,8,mobile,91.34,8,39,0
TXN001760,CUST00916,2.34,electronics,AE,7,mobile,127.76,6,52,0
TXN001761,CUST00484,129.85,grocery,US,6,mobile,151.76,3,36,0
TXN001762,CUST01266,15.84,restaurant,US,6,mobile,11.12,0,19,0
TXN001763,CUST01348,65.8,retail,US,22,desktop,463.92,3,61,0
TXN001764,CUST00731,69.48,restaurant,AE,20,mobile,277.6,2,37,0
TXN001765,CUST00192,13.78,restaurant,IN,7,desktop,105.16,1,62,0
TXN001766,CUST01041,64.1,restaurant,FR,19,desktop,142.72,3,50,1
TXN001767,CUST00524,22.52,entertainment,US,4,desktop,5.95,2,34,0
TXN001768,CUST00918,4.17,restaurant,US,2,mobile,124.03,6,57,0
TXN001769,CUST00401,106.46,electronics,US,18,mobile,100.02,2,73,0
TXN001770,CUST00886,15.26,electronics,US,1,tablet,84.45,2,58,0
TXN001771,CUST00705,14.09,travel,US,13,desktop,304.07,7,73,0
TXN001772,CUST00022,22.13,electronics,US,20,tablet,36.14,4,19,0
TXN001773,CUST00474,43.48,travel,US,1,tablet,34.91,4,29,0
TXN001774,CUST01144,31.27,entertainment,NG,9,desktop,132.74,3,67,0
TXN001775,CUST00210,57.29,entertainment,CA,19,mobile,209.16,3,35,0
TXN001776,CUST00306,8.68,entertainment,ET,9,desktop,4.09,4,40,0
TXN001777,CUST01294,15.76,grocery,US,16,desktop,142.08,4,36,0
TXN001778,CUST00704,29.49,entertainment,US,1,desktop,63.87,3,71,0
TXN001779,CUST00687,220.94,grocery,US,0,desktop,254.56,4,22,0
TXN001780,CUST00285,29.55,grocery,US,17,desktop,113.9,1,38,0
TXN001781,CUST00716,98.02,retail,CA,3,mobile,323.32,3,63,0
TXN001782,CUST00763,34.42,entertainment,US,0,mobile,91.04,3,37,0
TXN001783,CUST01251,20.42,online,AE,21,mobile,315.9,5,33,0
TXN001784,CUST00948,25.87,retail,NG,16,desktop,226.9,4,23,0
TXN001785,CUST00381,27.98,retail,US,2,desktop,317.12,3,60,0
TXN001786,CUST00460,60.56,online,US,1,desktop,301.24,1,43,0
TXN001787,CUST01031,130.92,online,IN,17,mobile,119.92,3,49,0
TXN001788,CUST00029,47.45,fuel,DE,3,mobile,82.62,7,52,0
TXN001789,CUST00907,108.54,restaurant,GB,2,mobile,260.78,2,40,0
TXN001790,CUST01057,12.62,grocery,FR,11,mobile,80.76,1,54,0
TXN001791,CUST00879,21.88,fuel,US,21,mobile,16.86,3,71,0
TXN001792,CUST00079,16.05,electronics,US,15,mobile,352.42,3,66,0
TXN001793,CUST00947,45.35,grocery,US,10,mobile,91.11,3,74,0
TXN001794,CUST00459,23.13,restaurant,US,9,desktop,25.61,5,35,0
TXN001795,CUST00570,68.7,electronics,US,18,tablet,187.17,3,59,0
TXN001796,CUST01454,13.05,retail,US,9,mobile,396.94,3,38,0
TXN001797,CUST00738,34.57,fuel,AE,20,mobile,355.15,1,75,0
TXN001798,CUST01309,65.82,online,CA,2,tablet,145.52,7,65,0
TXN001799,CUST00516,4.2,retail,US,23,tablet,16.59,2,30,0
TXN001800,CUST01123,276.34,retail,US,5,mobile,214.69,0,45,1
TXN001801,CUST00397,24.95,online,CA,13,mobile,168.95,2,31,0
TXN001802,CUST00039,4.37,retail,US,11,mobile,42.46,2,58,0
TXN001803,CUST01295,38.79,electronics,FR,7,mobile,415.44,0,47,0
TXN001804,CUST00887,34.24,restaurant,ET,1,mobile,16.32,2,54,0
TXN001805,CUST00797,30.51,restaurant,US,8,mobile,84.04,3,73,0
TXN001806,CUST00157,89.23,fuel,US,13,desktop,17.87,4,52,0
TXN001807,CUST01099,69.93,travel,ET,0,mobile,437.36,4,64,0
TXN001808,CUST00884,44.61,online,US,2,desktop,6.48,8,70,0
TXN001809,CUST01154,51.94,fuel,US,19,mobile,99.85,2,58,0
TXN001810,CUST00974,29.83,grocery,US,5,desktop,356.2,2,58,0
TXN001811,CUST01108,195.49,grocery,IN,19,desktop,52.11,5,57,0
TXN001812,CUST01046,7.54,online,US,12,desktop,19.97,4,39,0
TXN001813,CUST01483,38.08,restaurant,NG,10,mobile,24.45,2,52,0
TXN001814,CUST00849,35.34,online,US,14,mobile,93.44,2,55,0
TXN001815,CUST01406,74.69,online,US,17,mobile,100.73,5,30,0
TXN001816,CUST00748,14.24,online,DE,18,desktop,227.9,3,26,0
TXN001817,CUST01464,5.79,restaurant,US,18,mobile,48.91,0,33,0
TXN001818,CUST00989,38.74,online,US,5,mobile,217.82,3,30,0
TXN001819,CUST00021,43.87,entertainment,US,14,mobile,1239.12,4,35,0
TXN001820,CUST00303,146.88,retail,US,20,mobile,359.45,7,70,0
TXN001821,CUST00869,9.3,entertainment,US,13,desktop,181.7,0,26,0
TXN001822,CUST00084,105.08,online,DE,4,mobile,506.15,3,25,0
TXN001823,CUST01477,353.33,restaurant,DE,10,mobile,850.09,5,36,0
TXN001824,CUST01411,22.7,fuel,IN,19,desktop,152.03,2,67,0
TXN001825,CUST01281,9.11,retail,DE,12,desktop,57.55,1,33,0
TXN001826,CUST00570,22.04,restaurant,DE,12,mobile,443.68,4,28,0
TXN001827,CUST00934,33.58,restaurant,DE,3,mobile,334.65,3,60,0
TXN001828,CUST01186,58.19,grocery,NG,8,desktop,15.91,3,45,0
TXN001829,CUST01187,18.33,fuel,US,22,tablet,495.85,4,49,0
TXN001830,CUST01009,156.84,electronics,US,12,mobile,82.09,0,36,0
TXN001831,CUST00793,10.86,grocery,FR,7,desktop,69.97,1,24,0
TXN001832,CUST00792,5.82,retail,US,19,tablet,75.69,5,41,0
TXN001833,CUST01295,100.15,online,NG,10,mobile,69.42,2,40,0
TXN001834,CUST00492,3.41,electronics,US,18,mobile,130.63,3,24,0
TXN001835,CUST00208,27.0,electronics,US,0,desktop,156.05,6,57,0
TXN001836,CUST01084,748.21,restaurant,FR,8,mobile,99.81,3,57,0
TXN001837,CUST00430,32.72,travel,US,1,mobile,95.76,6,54,0
TXN001838,CUST00985,10.8,electronics,IN,3,mobile,240.62,3,32,0
TXN001839,CUST01333,31.27,online,IN,3,mobile,0.55,4,40,1
TXN001840,CUST00520,31.48,fuel,GB,0,mobile,528.36,0,32,0
TXN001841,CUST00591,38.89,fuel,US,17,desktop,225.59,0,74,0
TXN001842,CUST01051,64.22,restaurant,US,13,tablet,221.12,3,25,0
TXN001843,CUST00199,11.72,online,US,12,mobile,98.66,2,26,0
TXN001844,CUST00387,179.03,entertainment,AE,7,mobile,607.53,4,54,0
TXN001845,CUST00349,42.31,grocery,US,5,desktop,0.06,4,44,1
TXN001846,CUST00960,68.5,grocery,US,16,mobile,14.32,6,69,0
TXN001847,CUST00693,17.67,online,US,22,desktop,293.39,3,39,0
TXN001848,CUST00378,119.87,online,US,10,desktop,241.58,2,39,0
TXN001849,CUST00899,25.61,restaurant,NG,14,tablet,56.98,2,37,0
TXN001850,CUST00916,43.71,fuel,US,6,mobile,162.59,4,38,0
TXN001851,CUST00527,13.03,online,US,21,mobile,136.69,2,31,0
TXN001852,CUST01177,12.22,retail,DE,7,mobile,134.8,2,38,0
TXN001853,CUST00734,65.9,grocery,AE,10,mobile,162.95,1,39,0
TXN001854,CUST00206,21.25,fuel,ET,20,tablet,913.11,2,50,0
TXN001855,CUST00455,14.1,grocery,ET,1,tablet,786.55,2,31,0
TXN001856,CUST01297,17.41,online,US,19,desktop,719.97,3,30,0
TXN001857,CUST01260,66.62,online,US,10,mobile,143.21,4,67,0
TXN001858,CUST00521,17.65,electronics,IN,13,desktop,68.92,1,39,0
TXN001859,CUST01017,29.44,entertainment,IN,23,mobile,147.82,6,43,0
TXN001860,CUST00956,33.62,grocery,CA,12,tablet,175.44,3,38,0
TXN001861,CUST00726,4.87,online,DE,7,mobile,67.17,1,32,0
TXN001862,CUST01014,7.61,restaurant,IN,11,mobile,180.32,6,28,0
TXN001863,CUST00501,46.35,fuel,US,20,desktop,175.11,1,29,0
TXN001864,CUST00117,15.85,grocery,US,21,desktop,420.82,1,23,0
TXN001865,CUST00386,95.27,entertainment,GB,8,desktop,48.83,2,49,0
TXN001866,CUST01368,87.08,entertainment,IN,9,mobile,215.29,1,41,0
TXN001867,CUST00584,67.98,entertainment,DE,10,desktop,107.86,1,72,0
TXN001868,CUST00395,204.34,grocery,ET,10,desktop,25.05,4,34,0
TXN001869,CUST01088,30.48,online,US,15,desktop,68.41,1,56,0
TXN001870,CUST00721,63.36,grocery,US,17,desktop,10.62,1,51,0
TXN001871,CUST00072,18.46,entertainment,US,20,desktop,69.24,4,41,0
TXN001872,CUST00274,384.66,fuel,IN,8,mobile,12.87,3,42,0
TXN001873,CUST01344,240.72,online,US,2,mobile,467.32,1,39,0
TXN001874,CUST00338,33.51,fuel,US,21,mobile,19.31,4,40,0
TXN001875,CUST01390,48.74,grocery,IN,3,desktop,306.02,0,39,0
TXN001876,CUST00607,128.93,online,US,19,mobile,425.85,4,37,0
TXN001877,CUST00166,28.58,restaurant,AE,18,mobile,113.49,6,62,0
TXN001878,CUST00011,17.17,retail,US,9,desktop,9.98,3,29,0
TXN001879,CUST01325,79.36,retail,US,12,mobile,163.05,3,34,0
TXN001880,CUST00729,35.82,fuel,CA,0,mobile,48.16,3,70,0
TXN001881,CUST00801,39.77,retail,IN,11,desktop,34.99,2,44,0
TXN001882,CUST00102,14.38,electronics,US,10,mobile,150.57,3,18,0
TXN001883,CUST01449,5.94,retail,AE,23,mobile,79.32,5,57,0
TXN001884,CUST01416,41.94,restaurant,US,4,mobile,235.93,5,62,0
TXN001885,CUST00779,81.86,fuel,US,1,mobile,161.04,3,73,0
TXN001886,CUST00214,26.42,fuel,US,16,mobile,318.26,0,18,0
TXN001887,CUST01112,139.27,grocery,NG,16,tablet,10.83,1,54,0
TXN001888,CUST00401,16.38,electronics,US,19,desktop,48.2,4,31,0
TXN001889,CUST00588,11.53,grocery,US,14,mobile,150.66,2,69,0
TXN001890,CUST00889,30.96,retail,ET,3,mobile,382.29,2,71,0
TXN001891,CUST01070,30.49,grocery,US,21,mobile,302.21,5,60,0
TXN001892,CUST01487,71.52,online,US,10,mobile,204.83,4,43,0
TXN001893,CUST00592,15.26,entertainment,US,22,tablet,153.63,1,20,0
TXN001894,CUST01334,130.07,restaurant,GB,0,mobile,179.68,2,64,0
TXN001895,CUST01110,236.73,travel,US,9,desktop,43.25,2,39,0
TXN001896,CUST00092,31.84,online,NG,17,desktop,162.78,2,56,0
TXN001897,CUST00673,115.55,grocery,US,14,desktop,122.53,3,33,0
TXN001898,CUST00714,11.51,fuel,US,18,mobile,87.34,2,25,0
TXN001899,CUST00936,97.05,restaurant,ET,3,mobile,393.63,6,28,0
TXN001900,CUST00242,94.38,restaurant,US,5,mobile,318.33,1,42,0
TXN001901,CUST00002,78.53,online,IN,1,desktop,14.37,2,34,0
TXN001902,CUST00225,32.6,electronics,US,12,mobile,764.92,0,67,0
TXN001903,CUST00801,1.73,retail,US,1,mobile,47.04,3,42,0
TXN001904,CUST00589,17.43,retail,US,12,desktop,43.65,4,37,0
TXN001905,CUST00116,17.71,travel,US,14,mobile,518.24,2,32,0
TXN001906,CUST00918,12.45,electronics,US,17,mobile,105.92,5,24,0
TXN001907,CUST01127,37.42,restaurant,US,10,mobile,294.59,1,39,0
TXN001908,CUST00194,21.78,restaurant,US,4,mobile,61.19,4,49,0
TXN001909,CUST01190,14.52,online,US,13,tablet,371.68,5,42,0
TXN001910,CUST00871,11.49,entertainment,US,21,mobile,321.41,1,32,0
TXN001911,CUST00090,16.19,restaurant,US,15,desktop,131.92,1,73,0
TXN001912,CUST00122,101.65,restaurant,US,13,tablet,219.77,4,27,0
TXN001913,CUST00143,17.1,travel,US,8,mobile,598.5,2,22,0
TXN001914,CUST00994,19.79,grocery,CA,5,mobile,108.28,3,34,0
TXN001915,CUST00106,20.97,fuel,DE,8,mobile,122.69,3,23,0
TXN001916,CUST00887,46.48,online,GB,4,tablet,230.95,6,20,1
TXN001917,CUST00428,52.26,travel,US,10,desktop,87.92,4,48,0
TXN001918,CUST01329,1.58,restaurant,US,11,mobile,585.02,1,60,0
TXN001919,CUST00317,91.99,retail,US,16,mobile,7.43,1,25,0
TXN001920,CUST00635,139.26,grocery,NG,5,tablet,92.96,3,50,1
TXN001921,CUST00009,11.59,retail,US,19,mobile,225.22,2,40,0
TXN001922,CUST00774,12.52,electronics,US,5,desktop,100.99,2,60,0
TXN001923,CUST01097,21.11,retail,US,14,desktop,54.02,5,29,0
TXN001924,CUST01383,15.55,fuel,IN,16,desktop,96.03,2,27,0
TXN001925,CUST00223,41.43,grocery,FR,21,tablet,383.94,3,50,0
TXN001926,CUST01440,4.73,entertainment,US,2,desktop,142.54,1,30,0
TXN001927,CUST00553,10.83,fuel,US,18,tablet,73.46,3,68,0
TXN001928,CUST01394,154.35,grocery,NG,22,desktop,200.39,2,65,0
TXN001929,CUST00716,13.09,grocery,US,1,mobile,170.34,2,70,0
TXN001930,CUST01288,114.83,online,US,8,mobile,147.96,4,23,0
TXN001931,CUST01342,47.24,fuel,DE,8,desktop,89.32,1,41,0
TXN001932,CUST01108,5.42,fuel,US,6,mobile,13.49,4,44,0
TXN001933,CUST01342,62.51,fuel,US,15,desktop,174.51,4,45,0
TXN001934,CUST00111,29.44,online,US,5,desktop,97.99,3,52,0
TXN001935,CUST00251,21.0,fuel,NG,8,mobile,100.79,4,41,0
TXN001936,CUST00383,42.31,online,US,12,mobile,48.0,2,72,0
TXN001937,CUST00007,53.23,restaurant,ET,1,mobile,51.64,0,27,0
TXN001938,CUST00459,67.19,retail,CA,13,mobile,278.75,2,37,0
TXN001939,CUST01108,107.58,grocery,IN,4,desktop,117.49,6,39,0
TXN001940,CUST00208,49.81,electronics,NG,10,mobile,20.83,5,62,0
TXN001941,CUST00900,8.37,fuel,US,14,tablet,8.45,4,69,0
TXN001942,CUST01414,20.62,electronics,US,5,mobile,45.81,1,36,0
TXN001943,CUST01338,628.32,grocery,CA,5,desktop,120.3,5,35,1
TXN001944,CUST00022,68.34,grocery,GB,15,mobile,172.87,4,67,0
TXN001945,CUST00410,354.0,online,US,19,mobile,27.92,2,33,0
TXN001946,CUST00895,133.68,retail,AE,3,mobile,102.4,3,27,1
TXN001947,CUST00515,42.17,online,US,4,mobile,13.56,1,65,0
TXN001948,CUST01151,44.76,travel,US,5,desktop,6.92,4,23,0
TXN001949,CUST00809,31.93,restaurant,GB,12,tablet,358.26,3,63,0
TXN001950,CUST00874,5.83,restaurant,US,13,mobile,193.31,0,64,0
TXN001951,CUST00014,33.72,grocery,US,23,mobile,273.44,4,30,0
TXN001952,CUST00971,111.13,restaurant,IN,12,desktop,36.13,2,25,0
TXN001953,CUST00978,18.18,travel,CA,9,desktop,69.99,3,41,0
TXN001954,CUST01014,50.0,restaurant,IN,16,mobile,105.59,2,37,0
TXN001955,CUST01036,77.6,grocery,DE,23,mobile,193.15,4,42,0
TXN001956,CUST00087,13.33,fuel,DE,17,mobile,137.77,3,22,0
TXN001957,CUST00909,21.09,retail,CA,6,mobile,144.32,3,21,0
TXN001958,CUST01325,11.97,retail,US,3,mobile,30.73,1,43,0
TXN001959,CUST01267,14.55,online,US,23,mobile,115.91,4,52,0
TXN001960,CUST00122,9.14,grocery,US,21,mobile,312.5,2,32,0
TXN001961,CUST01171,13.46,fuel,IN,20,mobile,128.21,1,52,0
TXN001962,CUST00750,136.93,grocery,US,15,mobile,40.11,4,68,0
TXN001963,CUST01380,13.26,fuel,US,9,mobile,96.01,4,71,0
TXN001964,CUST00685,37.58,fuel,CA,20,mobile,253.03,2,28,0
TXN001965,CUST00309,20.03,fuel,US,19,mobile,26.1,3,50,0
TXN001966,CUST00695,107.65,retail,US,18,mobile,156.35,2,57,0
TXN001967,CUST00288,122.87,fuel,US,2,mobile,605.06,0,21,0
TXN001968,CUST00307,78.58,fuel,ET,18,desktop,86.13,4,38,0
TXN001969,CUST00914,44.98,restaurant,US,22,mobile,8.03,5,20,0
TXN001970,CUST00662,26.28,retail,US,23,desktop,180.48,2,70,0
TXN001971,CUST00549,10.06,grocery,US,12,mobile,8.68,3,49,0
TXN001972,CUST01376,231.26,retail,US,7,mobile,38.29,4,52,0
TXN001973,CUST00312,15.49,restaurant,US,17,desktop,8.93,9,18,0
TXN001974,CUST00873,64.31,grocery,IN,18,mobile,33.68,4,74,0
TXN001975,CUST01083,95.54,entertainment,US,17,mobile,347.5,6,35,0
TXN001976,CUST00924,19.01,grocery,US,21,mobile,238.94,1,23,0
TXN001977,CUST00755,93.5,entertainment,IN,18,mobile,75.3,4,36,0
TXN001978,CUST00035,71.11,restaurant,ET,21,mobile,409.39,5,48,0
TXN001979,CUST00445,186.41,retail,US,3,desktop,196.95,4,65,0
TXN001980,CUST00093,20.71,fuel,US,12,mobile,106.87,3,73,0
TXN001981,CUST01231,9.15,fuel,AE,11,tablet,12.74,2,66,0
TXN001982,CUST00353,19.98,electronics,US,14,mobile,236.16,1,25,0
TXN001983,CUST00903,40.81,grocery,CA,14,mobile,84.75,4,23,0
TXN001984,CUST01356,35.1,entertainment,US,9,tablet,64.93,8,56,0
TXN001985,CUST00862,22.34,grocery,US,21,mobile,61.21,2,40,0
TXN001986,CUST00159,4.91,electronics,GB,18,tablet,1.39,3,21,0
TXN001987,CUST00957,53.01,online,US,20,mobile,244.31,0,62,0
TXN001988,CUST00024,238.02,travel,US,7,mobile,28.26,4,29,0
TXN001989,CUST00404,52.68,restaurant,ET,18,mobile,132.36,3,32,0
TXN001990,CUST00805,60.89,grocery,US,8,mobile,2.92,1,68,0
TXN001991,CUST00516,58.7,grocery,US,6,mobile,177.94,4,21,0
TXN001992,CUST00732,49.26,retail,CA,7,mobile,83.02,0,27,0
TXN001993,CUST01388,84.07,grocery,DE,8,mobile,179.33,1,47,0
TXN001994,CUST01406,49.17,retail,US,16,mobile,16.96,2,56,0
TXN001995,CUST00532,24.22,restaurant,DE,14,mobile,55.75,0,63,0
TXN001996,CUST00956,14.94,grocery,US,15,tablet,21.04,2,29,0
TXN001997,CUST00152,25.82,online,GB,6,mobile,186.96,1,59,0
TXN001998,CUST00947,45.34,grocery,AE,9,desktop,20.68,0,56,0
TXN001999,CUST00608,24.14,online,NG,18,mobile,172.8,6,25,0
TXN002000,CUST00420,45.35,retail,CA,5,mobile,26.04,6,23,0
TXN002001,CUST01274,51.37,grocery,US,11,desktop,516.77,4,34,0
TXN002002,CUST01141,76.19,entertainment,US,14,desktop,96.93,2,40,0
TXN002003,CUST00866,119.44,electronics,US,9,desktop,24.36,1,67,0
TXN002004,CUST00578,35.8,grocery,US,23,mobile,7.69,3,24,0
TXN002005,CUST00335,8.96,grocery,US,17,mobile,71.93,4,50,0
TXN002006,CUST01442,23.45,retail,IN,3,mobile,399.59,2,70,0
TXN002007,CUST00932,34.61,grocery,NG,10,desktop,27.95,1,24,0
TXN002008,CUST00295,5.28,retail,US,4,mobile,281.63,2,49,0
TXN002009,CUST00755,132.78,online,CA,12,desktop,97.24,4,69,0
TXN002010,CUST01395,38.18,grocery,ET,9,desktop,292.35,4,46,0
TXN002011,CUST00186,48.49,travel,US,21,desktop,373.28,2,47,0
TXN002012,CUST01270,129.74,entertainment,US,6,desktop,1102.92,1,73,0
TXN002013,CUST00637,17.63,fuel,US,10,desktop,12.71,3,30,0
TXN002014,CUST01292,58.79,travel,US,3,mobile,286.4,3,71,0
TXN002015,CUST01261,29.67,retail,CA,3,mobile,13.0,2,55,0
TXN002016,CUST00530,27.55,grocery,IN,4,mobile,68.05,1,64,0
TXN002017,CUST00021,15.3,retail,US,8,desktop,187.04,2,35,0
TXN002018,CUST00911,175.14,entertainment,CA,0,mobile,106.73,1,47,0
TXN002019,CUST00867,22.75,fuel,US,15,desktop,149.94,4,38,0
TXN002020,CUST00794,66.65,entertainment,NG,4,desktop,609.67,4,55,1
TXN002021,CUST00100,5.08,online,AE,4,desktop,307.33,1,47,1
TXN002022,CUST00752,107.77,fuel,US,6,mobile,81.37,4,35,0
TXN002023,CUST00478,94.84,online,NG,7,tablet,164.91,2,51,0
TXN002024,CUST01322,36.5,electronics,US,18,mobile,8.95,4,46,0
TXN002025,CUST00940,26.39,online,US,0,desktop,108.56,0,66,0
TXN002026,CUST00526,49.4,restaurant,GB,17,mobile,168.75,3,62,0
TXN002027,CUST00334,326.62,travel,US,21,desktop,225.77,3,68,0
TXN002028,CUST00002,5.68,restaurant,US,10,mobile,417.22,3,37,0
TXN002029,CUST00375,72.39,grocery,GB,21,desktop,59.9,4,48,0
TXN002030,CUST00293,13.31,restaurant,US,15,mobile,418.42,3,64,0
TXN002031,CUST00837,32.46,retail,US,20,desktop,194.99,1,53,0
TXN002032,CUST01005,25.85,electronics,US,10,mobile,14.55,6,36,0
TXN002033,CUST00553,21.58,fuel,US,20,desktop,86.14,1,30,0
TXN002034,CUST00318,32.77,grocery,US,8,mobile,116.53,3,30,0
TXN002035,CUST00381,10.65,electronics,US,6,desktop,78.23,3,62,0
TXN002036,CUST00014,92.68,grocery,ET,21,mobile,22.18,5,23,0
TXN002037,CUST00504,5.51,grocery,NG,14,mobile,144.37,6,74,0
TXN002038,CUST00231,56.81,online,US,10,desktop,25.43,5,40,0
TXN002039,CUST01108,23.89,online,US,22,desktop,443.78,1,45,0
TXN002040,CUST00130,10.27,restaurant,GB,18,desktop,360.78,3,18,0
TXN002041,CUST00838,40.54,travel,IN,6,tablet,116.06,4,64,0
TXN002042,CUST01169,6.98,retail,US,15,mobile,12.63,1,72,0
TXN002043,CUST00891,34.46,grocery,AE,2,mobile,144.62,3,72,1
TXN002044,CUST00028,7.98,grocery,US,15,mobile,161.47,4,67,0
TXN002045,CUST00066,52.52,online,IN,7,mobile,394.75,0,23,0
TXN002046,CUST01187,13.14,grocery,US,9,mobile,12.58,1,56,0
TXN002047,CUST01253,21.09,retail,IN,8,desktop,212.04,6,59,0
TXN002048,CUST00261,44.43,online,US,2,mobile,148.93,4,73,0
TXN002049,CUST01473,15.29,travel,IN,6,mobile,34.58,4,60,0
TXN002050,CUST01448,31.25,electronics,US,7,desktop,23.36,5,73,0
TXN002051,CUST00460,7.29,online,US,2,mobile,213.12,4,57,0
TXN002052,CUST00301,62.23,grocery,ET,15,mobile,74.74,4,50,0
TXN002053,CUST00919,193.43,retail,DE,21,mobile,1748.9,1,65,0
TXN002054,CUST01327,540.35,online,CA,13,tablet,403.98,1,38,0
TXN002055,CUST00287,36.28,restaurant,US,6,mobile,150.13,1,30,0
TXN002056,CUST01419,72.84,online,ET,3,desktop,184.77,4,34,0
TXN002057,CUST01034,5.58,grocery,IN,5,mobile,31.15,2,48,0
TXN002058,CUST00630,148.82,grocery,US,6,mobile,403.98,3,33,0
TXN002059,CUST00270,71.97,online,CA,11,mobile,110.56,3,65,0
TXN002060,CUST00592,20.41,online,AE,6,desktop,132.62,1,57,0
TXN002061,CUST00844,114.11,online,GB,0,tablet,371.63,2,62,0
TXN002062,CUST00862,25.68,restaurant,ET,17,mobile,1.13,3,62,0
TXN002063,CUST01385,20.95,online,NG,10,mobile,122.74,0,34,0
TXN002064,CUST01281,53.27,grocery,FR,10,mobile,177.4,3,25,0
TXN002065,CUST00133,11.43,online,DE,16,mobile,31.24,0,59,0
TXN002066,CUST01300,91.98,online,IN,11,desktop,12.73,6,42,0
TXN002067,CUST00972,11.52,online,AE,22,mobile,137.8,2,48,0
TXN002068,CUST00513,11.59,retail,ET,22,mobile,142.75,6,72,0
TXN002069,CUST00313,13.33,retail,US,18,tablet,72.15,3,45,0
TXN002070,CUST00576,70.77,retail,US,20,mobile,385.03,4,69,0
TXN002071,CUST00886,17.87,retail,CA,17,desktop,64.48,1,57,0
TXN002072,CUST01308,8.6,fuel,DE,20,desktop,130.8,2,55,0
TXN002073,CUST01145,18.07,retail,US,23,mobile,37.2,5,25,0
TXN002074,CUST01131,32.07,retail,US,12,mobile,2.02,3,65,0
TXN002075,CUST00687,10.17,fuel,US,9,mobile,99.93,2,61,0
TXN002076,CUST01228,10.47,grocery,FR,18,tablet,134.74,3,68,0
TXN002077,CUST00165,273.5,grocery,NG,3,desktop,260.43,1,68,1
TXN002078,CUST00305,14.01,entertainment,NG,23,mobile,107.21,2,19,0
TXN002079,CUST00156,23.97,travel,US,14,desktop,58.81,2,26,0
TXN002080,CUST01391,22.94,entertainment,US,17,desktop,166.85,3,67,0
TXN002081,CUST00620,21.73,restaurant,US,0,mobile,86.39,3,37,0
TXN002082,CUST01275,61.64,electronics,US,18,mobile,47.85,5,21,0
TXN002083,CUST00957,85.47,fuel,GB,1,desktop,434.13,2,52,0
TXN002084,CUST00334,24.39,retail,US,9,mobile,138.48,1,71,0
TXN002085,CUST00969,9.62,grocery,US,17,desktop,40.27,0,60,0
TXN002086,CUST00511,118.44,retail,US,3,desktop,200.06,5,49,0
TXN002087,CUST01317,30.1,entertainment,US,21,mobile,292.49,2,75,0
TXN002088,CUST01044,186.85,restaurant,US,9,desktop,255.78,4,26,0
TXN002089,CUST00282,3.51,electronics,US,20,mobile,164.72,3,72,0
TXN002090,CUST00797,40.26,grocery,US,3,desktop,131.97,6,47,0
TXN002091,CUST01025,225.56,grocery,US,23,mobile,270.37,1,66,0
TXN002092,CUST00119,23.26,travel,US,20,desktop,221.66,2,18,0
TXN002093,CUST01059,26.43,grocery,CA,17,desktop,152.53,3,66,0
TXN002094,CUST00198,44.5,restaurant,IN,19,mobile,192.98,4,49,0
TXN002095,CUST00485,18.94,entertainment,US,22,mobile,33.24,5,54,0
TXN002096,CUST01083,24.24,online,GB,3,mobile,3.62,2,35,1
TXN002097,CUST00837,23.62,online,NG,14,desktop,481.61,3,55,0
TXN002098,CUST01185,17.68,restaurant,US,21,mobile,492.8,4,39,0
TXN002099,CUST01009,113.17,entertainment,US,17,tablet,279.19,2,72,0
TXN002100,CUST00691,52.51,retail,US,8,desktop,83.83,2,36,0
TXN002101,CUST01230,42.55,online,US,19,mobile,29.41,1,75,0
TXN002102,CUST01036,74.33,retail,GB,16,desktop,79.58,2,33,0
TXN002103,CUST00490,25.42,entertainment,US,2,mobile,233.19,3,59,0
TXN002104,CUST00276,15.27,fuel,AE,12,desktop,73.49,2,70,0
TXN002105,CUST00693,18.13,fuel,US,6,mobile,286.06,2,38,0
TXN002106,CUST00242,33.17,grocery,NG,13,mobile,201.21,2,66,0
TXN002107,CUST01240,11.48,restaurant,IN,5,mobile,178.96,5,74,0
TXN002108,CUST01275,20.08,grocery,IN,13,tablet,479.28,5,56,0
TXN002109,CUST00126,19.76,grocery,ET,13,mobile,402.99,6,21,0
TXN002110,CUST00217,277.15,grocery,US,13,mobile,223.85,3,32,0
TXN002111,CUST01330,2.07,retail,DE,19,mobile,40.0,3,29,0
TXN002112,CUST01209,27.67,restaurant,US,17,mobile,503.22,0,33,0
TXN002113,CUST01063,185.99,retail,NG,8,mobile,46.37,4,46,0
TXN002114,CUST01247,37.41,online,US,11,desktop,83.91,3,42,0
TXN002115,CUST01208,70.35,restaurant,US,13,mobile,315.58,5,68,0
TXN002116,CUST00495,36.59,travel,NG,23,mobile,42.12,3,30,0
TXN002117,CUST00427,16.99,restaurant,US,22,mobile,183.2,2,37,0
TXN002118,CUST01202,3.52,retail,US,15,mobile,110.19,3,51,0
TXN002119,CUST00919,40.67,entertainment,US,1,mobile,176.09,1,36,0
TXN002120,CUST01452,15.25,grocery,DE,15,desktop,570.83,4,72,0
TXN002121,CUST01318,14.87,retail,GB,17,mobile,297.39,3,28,0
TXN002122,CUST00151,20.11,fuel,GB,23,mobile,63.13,4,46,0
TXN002123,CUST00384,189.59,grocery,NG,8,mobile,10.62,4,45,0
TXN002124,CUST00308,366.81,fuel,US,7,mobile,614.27,3,36,0
TXN002125,CUST01360,41.15,online,US,0,mobile,158.38,4,35,0
TXN002126,CUST00746,20.81,restaurant,DE,4,desktop,34.21,4,66,0
TXN002127,CUST00892,10.2,fuel,GB,6,desktop,177.56,6,46,0
TXN002128,CUST00375,52.91,grocery,US,9,mobile,7.76,1,37,0
TXN002129,CUST01032,196.94,travel,US,21,mobile,37.38,2,45,0
TXN002130,CUST01365,25.86,grocery,US,10,desktop,180.25,5,25,0
TXN002131,CUST00129,3.07,retail,US,11,tablet,92.69,4,57,0
TXN002132,CUST01015,64.72,fuel,US,0,mobile,70.77,4,57,0
TXN002133,CUST00669,88.71,grocery,US,5,mobile,191.82,1,63,0
TXN002134,CUST01376,6.78,electronics,US,3,mobile,362.33,1,73,0
TXN002135,CUST01382,39.51,grocery,US,2,mobile,204.31,4,52,0
TXN002136,CUST00517,52.0,fuel,FR,3,mobile,112.06,4,22,0
TXN002137,CUST00086,30.78,grocery,NG,23,desktop,193.59,4,58,0
TXN002138,CUST01199,15.02,entertainment,US,5,mobile,214.13,0,42,0
TXN002139,CUST01217,91.46,retail,US,4,mobile,268.54,0,37,0
TXN002140,CUST00311,22.12,fuel,IN,8,tablet,66.02,3,24,0
TXN002141,CUST01143,7.5,restaurant,US,3,mobile,21.88,2,45,0
TXN002142,CUST01242,4.27,electronics,IN,13,mobile,206.16,2,42,0
TXN002143,CUST00427,116.85,travel,US,14,mobile,23.23,0,73,0
TXN002144,CUST01438,61.35,online,AE,3,mobile,111.59,4,75,1
TXN002145,CUST00114,36.16,fuel,US,21,desktop,47.21,4,45,0
TXN002146,CUST01169,21.32,online,US,13,mobile,72.64,3,71,0
TXN002147,CUST00303,19.51,electronics,IN,9,desktop,114.49,3,55,0
TXN002148,CUST00744,11.29,retail,IN,6,desktop,407.71,3,30,0
TXN002149,CUST00588,21.51,grocery,US,17,mobile,205.34,4,47,0
TXN002150,CUST00987,3.97,travel,IN,19,mobile,33.89,4,56,0
TXN002151,CUST00345,15.86,fuel,US,14,mobile,380.82,4,25,0
TXN002152,CUST00814,24.27,grocery,GB,7,desktop,124.96,3,20,0
TXN002153,CUST00801,60.94,fuel,US,8,mobile,41.13,3,33,0
TXN002154,CUST01025,31.82,entertainment,US,4,mobile,134.93,4,33,0
TXN002155,CUST01171,73.33,fuel,FR,5,desktop,38.14,2,69,0
TXN002156,CUST01311,127.63,grocery,US,11,mobile,82.4,3,40,0
TXN002157,CUST01077,95.41,restaurant,US,6,mobile,294.74,3,27,0
TXN002158,CUST01328,53.01,electronics,US,6,desktop,193.45,1,23,0
TXN002159,CUST01093,33.51,restaurant,US,14,mobile,117.0,2,36,0
TXN002160,CUST00361,12.42,retail,GB,18,mobile,46.22,4,55,0
TXN002161,CUST01244,69.4,online,US,12,desktop,59.67,4,43,0
TXN002162,CUST01010,177.64,restaurant,AE,17,mobile,688.95,4,35,0
TXN002163,CUST00704,46.62,retail,US,9,mobile,75.6,3,44,0
TXN002164,CUST00575,225.26,fuel,US,7,mobile,172.34,2,37,0
TXN002165,CUST01185,7.2,restaurant,US,10,desktop,124.68,3,63,0
TXN002166,CUST01113,10.44,electronics,GB,7,desktop,4.21,3,23,0
TXN002167,CUST00688,77.88,restaurant,US,7,mobile,521.01,1,34,0
TXN002168,CUST00781,43.13,retail,US,14,mobile,16.57,3,47,0
TXN002169,CUST00585,123.2,online,US,1,desktop,193.5,0,68,0
TXN002170,CUST00589,32.61,retail,NG,19,mobile,299.9,6,33,0
TXN002171,CUST01183,13.9,electronics,US,21,mobile,248.62,3,42,0
TXN002172,CUST00489,26.75,retail,AE,23,mobile,298.22,2,68,0
TXN002173,CUST00971,7.15,grocery,US,12,mobile,242.28,5,33,0
TXN002174,CUST01348,10.71,retail,US,17,mobile,106.17,6,23,0
TXN002175,CUST01405,87.57,retail,US,11,desktop,407.88,4,54,0
TXN002176,CUST01126,79.26,electronics,US,7,mobile,438.38,4,24,0
TXN002177,CUST00494,47.61,fuel,US,16,mobile,103.39,1,58,0
TXN002178,CUST00019,5.92,fuel,IN,5,mobile,119.37,5,49,0
TXN002179,CUST01478,23.14,retail,US,15,mobile,119.67,3,72,0
TXN002180,CUST00397,9.73,restaurant,US,23,mobile,58.86,2,69,0
TXN002181,CUST01001,107.4,travel,US,23,mobile,21.98,4,73,0
TXN002182,CUST01303,18.47,retail,US,22,mobile,54.68,4,34,0
TXN002183,CUST00851,11.18,fuel,US,22,mobile,334.54,2,44,0
TXN002184,CUST01389,34.12,electronics,NG,13,mobile,140.98,5,20,0
TXN002185,CUST01355,17.46,entertainment,US,9,tablet,341.72,6,45,0
TXN002186,CUST01368,146.02,grocery,FR,1,mobile,246.08,3,72,0
TXN002187,CUST00822,15.88,entertainment,US,12,desktop,77.16,3,51,0
TXN002188,CUST00455,8.17,restaurant,US,0,mobile,36.89,2,46,0
TXN002189,CUST00725,3.85,restaurant,US,17,mobile,150.75,3,73,0
TXN002190,CUST01089,32.11,travel,US,13,desktop,494.39,2,21,0
TXN002191,CUST01100,18.88,travel,US,2,mobile,329.21,7,44,0
TXN002192,CUST00711,7.93,online,US,14,mobile,259.78,0,37,0
TXN002193,CUST00143,108.77,online,US,8,mobile,260.04,6,29,0
TXN002194,CUST00917,64.54,electronics,AE,12,mobile,135.05,4,52,0
TXN002195,CUST00828,32.19,grocery,US,22,mobile,33.44,1,27,0
TXN002196,CUST00605,129.58,fuel,FR,4,desktop,60.52,5,31,0
TXN002197,CUST01497,64.23,electronics,US,4,mobile,155.25,3,73,0
TXN002198,CUST01441,14.54,travel,NG,21,mobile,68.46,5,39,0
TXN002199,CUST00305,11.71,online,US,1,desktop,273.83,4,58,0
TXN002200,CUST00736,75.04,retail,US,0,mobile,84.09,3,41,0
TXN002201,CUST00291,49.22,fuel,IN,16,desktop,21.77,5,43,0
TXN002202,CUST00102,39.24,grocery,US,18,tablet,274.64,1,28,0
TXN002203,CUST01291,14.2,entertainment,CA,16,mobile,215.6,1,37,0
TXN002204,CUST00867,60.82,retail,CA,8,mobile,52.54,6,25,0
TXN002205,CUST00968,15.56,travel,US,9,tablet,714.49,2,46,0
TXN002206,CUST00974,29.9,retail,IN,14,mobile,92.91,3,26,0
TXN002207,CUST00842,140.74,online,AE,12,mobile,205.36,4,55,0
TXN002208,CUST00962,17.1,travel,AE,20,mobile,434.33,2,23,0
TXN002209,CUST00942,6.87,electronics,IN,20,mobile,30.53,3,45,0
TXN002210,CUST01027,11.56,online,US,16,tablet,380.19,3,43,0
TXN002211,CUST00085,89.51,restaurant,US,22,mobile,219.08,2,26,0
TXN002212,CUST00328,42.72,grocery,FR,6,mobile,33.01,2,62,0
TXN002213,CUST00816,29.11,grocery,US,3,mobile,196.59,3,43,0
TXN002214,CUST01474,19.9,restaurant,US,2,mobile,373.69,3,42,1
TXN002215,CUST00454,53.8,electronics,US,0,mobile,288.81,6,69,0
TXN002216,CUST00629,14.17,online,IN,6,tablet,257.34,2,23,0
TXN002217,CUST01245,44.96,restaurant,US,4,desktop,31.67,4,38,0
TXN002218,CUST01178,15.94,retail,AE,16,mobile,38.07,0,38,0
TXN002219,CUST00665,13.5,restaurant,US,16,desktop,142.82,1,64,0
TXN002220,CUST00012,17.51,travel,US,14,mobile,156.21,8,58,0
TXN002221,CUST01157,22.75,grocery,AE,2,mobile,517.63,5,44,1
TXN002222,CUST00304,31.54,restaurant,IN,2,mobile,113.83,4,73,0
TXN002223,CUST01317,41.91,grocery,US,1,desktop,64.85,1,28,0
TXN002224,CUST00975,0.83,online,US,7,mobile,38.1,3,37,0
TXN002225,CUST01324,14.77,fuel,US,12,desktop,10.02,2,34,0
TXN002226,CUST00783,22.39,restaurant,ET,23,mobile,12.8,0,51,0
TXN002227,CUST00043,149.17,electronics,US,5,tablet,153.67,6,68,0
TXN002228,CUST00944,11.25,grocery,US,4,mobile,34.9,2,72,0
TXN002229,CUST00343,38.97,entertainment,DE,12,desktop,343.43,0,39,0
TXN002230,CUST01350,147.68,fuel,US,21,desktop,163.35,2,33,0
TXN002231,CUST00498,8.91,grocery,US,0,tablet,360.3,6,38,0
TXN002232,CUST00364,49.11,electronics,NG,17,desktop,100.38,2,30,0
TXN002233,CUST00891,14.85,retail,NG,6,desktop,163.04,1,51,0
TXN002234,CUST00427,19.99,electronics,IN,16,mobile,134.16,2,71,0
TXN002235,CUST01005,14.83,online,US,7,mobile,777.28,2,60,0
TXN002236,CUST00021,15.93,electronics,NG,18,mobile,286.86,7,71,0
TXN002237,CUST00407,503.67,online,DE,15,mobile,162.87,5,75,0
TXN002238,CUST00619,77.05,retail,US,13,desktop,167.92,1,73,0
TXN002239,CUST01015,99.66,retail,CA,19,mobile,51.5,4,73,0
TXN002240,CUST00336,54.16,fuel,US,22,mobile,238.88,6,62,0
TXN002241,CUST01141,6.64,electronics,DE,9,mobile,731.66,2,24,0
TXN002242,CUST01148,49.15,travel,DE,22,mobile,24.95,3,49,0
TXN002243,CUST00399,96.83,electronics,ET,1,mobile,182.53,4,30,0
TXN002244,CUST00793,14.11,retail,US,20,mobile,131.32,2,49,0
TXN002245,CUST00715,86.95,fuel,CA,23,mobile,341.98,3,74,0
TXN002246,CUST00051,66.98,travel,US,15,mobile,0.01,3,36,0
TXN002247,CUST00324,211.04,grocery,IN,12,mobile,26.43,2,41,0
TXN002248,CUST00789,21.81,online,GB,4,tablet,6.8,4,61,0
TXN002249,CUST00141,11.05,retail,US,17,tablet,32.01,2,57,0
TXN002250,CUST00470,23.07,online,US,19,mobile,221.54,2,22,0
TXN002251,CUST00787,139.15,restaurant,GB,10,mobile,27.08,6,45,0
TXN002252,CUST01358,5.32,grocery,US,4,mobile,175.27,2,34,0
TXN002253,CUST00964,4.19,electronics,DE,21,tablet,364.77,1,57,0
TXN002254,CUST01008,36.21,retail,US,21,desktop,6.34,4,47,0
TXN002255,CUST00373,21.27,retail,GB,12,desktop,4.89,1,67,0
TXN002256,CUST00494,33.37,retail,US,0,desktop,826.22,1,28,0
TXN002257,CUST00751,85.23,fuel,US,5,tablet,201.35,2,62,0
TXN002258,CUST01180,19.06,online,IN,10,desktop,27.29,6,32,0
TXN002259,CUST00291,5.09,online,CA,9,desktop,65.93,3,53,0
TXN002260,CUST01168,255.82,online,US,0,desktop,756.01,1,27,0
TXN002261,CUST00106,12.22,fuel,IN,15,desktop,46.4,4,37,0
TXN002262,CUST01444,11.48,electronics,US,12,mobile,251.58,5,47,0
TXN002263,CUST00670,99.86,fuel,DE,20,tablet,49.68,3,52,0
TXN002264,CUST00002,22.54,grocery,US,15,desktop,91.49,7,52,0
TXN002265,CUST00589,31.08,restaurant,US,14,mobile,382.71,2,49,0
TXN002266,CUST00644,53.67,entertainment,US,6,mobile,5.19,3,68,0
TXN002267,CUST00090,97.86,retail,US,13,desktop,66.07,1,75,0
TXN002268,CUST01369,23.73,online,AE,23,mobile,120.21,4,29,0
TXN002269,CUST00350,151.4,grocery,NG,10,desktop,176.79,2,63,0
TXN002270,CUST01483,3.91,retail,US,12,mobile,5.16,1,24,0
TXN002271,CUST01287,70.79,fuel,US,4,tablet,95.18,4,35,0
TXN002272,CUST01375,14.3,electronics,NG,17,mobile,75.97,7,45,0
TXN002273,CUST01132,130.62,online,US,2,mobile,4.9,4,62,1
TXN002274,CUST01063,38.17,electronics,US,11,desktop,79.03,2,28,0
TXN002275,CUST00909,16.9,travel,US,6,mobile,483.06,2,51,0
TXN002276,CUST00159,64.25,retail,US,19,desktop,57.79,4,52,0
TXN002277,CUST00959,80.9,grocery,US,14,mobile,158.56,2,29,1
TXN002278,CUST00312,62.92,grocery,CA,0,tablet,63.71,4,29,0
TXN002279,CUST01265,11.83,grocery,US,18,mobile,20.3,2,32,0
TXN002280,CUST00445,20.41,restaurant,NG,9,mobile,61.58,3,71,0
TXN002281,CUST00298,32.98,grocery,US,13,tablet,114.54,4,57,0
TXN002282,CUST00952,31.78,restaurant,CA,14,mobile,63.23,5,36,0
TXN002283,CUST00036,70.09,grocery,US,1,tablet,176.15,0,57,0
TXN002284,CUST01108,4.42,restaurant,FR,16,desktop,535.98,2,70,0
TXN002285,CUST01476,46.26,electronics,US,9,mobile,12.92,1,27,0
TXN002286,CUST01409,24.78,grocery,US,4,mobile,227.22,2,25,0
TXN002287,CUST01196,14.32,online,ET,5,mobile,0.23,3,39,1
TXN002288,CUST01400,15.76,online,US,5,mobile,0.18,1,38,1
TXN002289,CUST01386,26.72,grocery,CA,5,mobile,25.67,1,37,0
TXN002290,CUST00559,0.9,online,IN,13,desktop,117.68,4,22,0
TXN002291,CUST00891,16.42,retail,US,12,tablet,8.86,1,59,0
TXN002292,CUST00141,13.79,retail,US,12,mobile,230.52,1,18,0
TXN002293,CUST00887,56.42,grocery,US,9,mobile,5.35,4,74,0
TXN002294,CUST01142,14.8,entertainment,AE,15,desktop,123.13,6,74,0
TXN002295,CUST01301,26.71,electronics,US,6,mobile,202.92,4,44,0
TXN002296,CUST00726,154.82,grocery,DE,2,desktop,48.82,5,53,0
TXN002297,CUST01244,89.51,restaurant,FR,14,mobile,155.85,1,60,0
TXN002298,CUST01050,81.64,restaurant,US,22,tablet,54.63,4,50,0
TXN002299,CUST00521,20.09,online,ET,4,desktop,43.37,3,43,0
TXN002300,CUST00010,57.0,fuel,US,7,mobile,307.06,3,72,0
TXN002301,CUST00984,26.21,fuel,US,21,desktop,72.87,3,31,0
TXN002302,CUST00378,27.22,restaurant,GB,4,desktop,302.74,4,39,0
TXN002303,CUST00682,49.88,restaurant,US,1,desktop,44.01,3,61,0
TXN002304,CUST00584,18.23,restaurant,US,18,mobile,79.17,2,49,0
TXN002305,CUST00152,147.38,electronics,GB,10,mobile,19.5,3,28,0
TXN002306,CUST00720,28.22,retail,GB,10,mobile,123.51,5,46,0
TXN002307,CUST01073,61.46,fuel,US,2,mobile,86.51,0,71,0
TXN002308,CUST01178,141.97,retail,ET,12,mobile,1.08,0,55,0
TXN002309,CUST00859,92.91,fuel,US,19,desktop,112.54,2,46,0
TXN002310,CUST01317,8.09,electronics,NG,18,mobile,13.92,4,27,0
TXN002311,CUST00050,51.67,electronics,DE,22,mobile,326.47,6,68,0
TXN002312,CUST00664,77.53,travel,US,14,mobile,122.51,4,69,0
TXN002313,CUST00531,80.79,electronics,US,5,mobile,210.84,0,18,0
TXN002314,CUST01084,10.88,entertainment,GB,12,mobile,309.8,2,66,0
TXN002315,CUST01191,17.17,travel,NG,23,desktop,9.46,1,56,0
TXN002316,CUST01226,89.53,restaurant,US,17,tablet,74.03,5,37,0
TXN002317,CUST00857,15.46,fuel,US,17,mobile,4.58,4,47,0
TXN002318,CUST00146,24.54,retail,US,0,mobile,9.16,3,51,0
TXN002319,CUST00915,160.11,electronics,US,20,desktop,6.94,2,73,0
TXN002320,CUST00993,31.57,fuel,GB,22,mobile,116.98,3,48,0
TXN002321,CUST01463,16.01,grocery,US,20,mobile,107.83,1,56,0
TXN002322,CUST00242,13.77,online,GB,10,mobile,11.38,4,59,0
TXN002323,CUST00581,46.19,grocery,NG,15,mobile,54.78,1,67,0
TXN002324,CUST00687,8.73,grocery,IN,0,desktop,50.47,4,61,0
TXN002325,CUST00483,25.86,online,US,18,tablet,63.33,3,60,0
TXN002326,CUST01132,46.21,restaurant,FR,7,mobile,184.28,7,72,0
TXN002327,CUST01250,121.41,fuel,IN,18,mobile,214.96,2,47,0
TXN002328,CUST00673,64.56,retail,US,22,mobile,74.54,3,65,0
TXN002329,CUST00631,16.21,grocery,US,15,mobile,279.41,5,56,0
TXN002330,CUST00661,107.6,fuel,NG,2,tablet,97.39,3,31,1
TXN002331,CUST00662,24.54,online,US,1,mobile,133.02,2,52,0
TXN002332,CUST01456,9.62,grocery,IN,11,mobile,28.31,1,42,0
TXN002333,CUST00805,27.88,online,US,9,mobile,47.72,1,70,0
TXN002334,CUST00419,139.51,online,US,21,mobile,234.06,2,73,0
TXN002335,CUST00988,39.07,online,US,1,desktop,679.34,3,46,0
TXN002336,CUST01479,33.53,retail,US,20,mobile,219.53,0,57,0
TXN002337,CUST01184,170.24,online,US,4,desktop,10.03,6,18,0
TXN002338,CUST00650,7.91,retail,US,4,desktop,27.75,0,70,0
TXN002339,CUST00969,9.16,travel,US,5,desktop,106.23,1,70,0
TXN002340,CUST00590,6.58,grocery,US,2,desktop,237.4,5,52,0
TXN002341,CUST01101,48.07,travel,US,9,desktop,32.66,2,38,0
TXN002342,CUST00509,39.11,restaurant,ET,4,mobile,250.13,2,34,0
TXN002343,CUST00441,154.89,online,US,23,desktop,146.08,2,31,0
TXN002344,CUST01278,42.24,fuel,AE,19,desktop,268.13,3,27,0
TXN002345,CUST00921,22.11,travel,AE,4,mobile,146.81,7,27,1
TXN002346,CUST00770,33.17,grocery,US,14,desktop,166.07,4,18,0
TXN002347,CUST01344,37.25,travel,US,16,mobile,51.48,3,29,0
TXN002348,CUST00263,6.22,grocery,NG,16,desktop,229.26,2,32,0
TXN002349,CUST01398,497.87,fuel,FR,23,mobile,334.44,1,32,0
TXN002350,CUST00637,55.69,entertainment,US,17,desktop,369.04,1,59,0
TXN002351,CUST01191,40.85,retail,DE,9,mobile,5.38,3,50,0
TXN002352,CUST00459,61.26,grocery,US,22,mobile,176.36,10,23,0
TXN002353,CUST00999,67.32,online,US,6,mobile,820.81,2,63,0
TXN002354,CUST01304,28.77,online,US,10,mobile,159.14,2,47,0
TXN002355,CUST00700,17.62,retail,US,13,tablet,33.81,3,71,0
TXN002356,CUST00302,60.31,online,IN,8,mobile,378.09,2,45,0
TXN002357,CUST01242,48.7,grocery,NG,16,mobile,55.25,0,59,0
TXN002358,CUST01126,14.73,travel,GB,1,desktop,8.29,8,48,0
TXN002359,CUST00554,136.87,online,US,16,mobile,101.35,3,34,0
TXN002360,CUST00288,44.4,fuel,US,16,mobile,19.02,3,50,0
TXN002361,CUST01191,68.7,retail,US,19,mobile,22.04,4,38,0
TXN002362,CUST00621,133.21,restaurant,US,23,desktop,112.01,3,67,0
TXN002363,CUST01006,33.85,retail,US,9,tablet,170.73,2,68,0
TXN002364,CUST00036,45.47,grocery,CA,23,desktop,424.44,2,40,0
TXN002365,CUST00744,74.44,retail,US,11,tablet,219.89,3,20,0
TXN002366,CUST00353,16.04,retail,IN,11,desktop,332.82,4,66,0
TXN002367,CUST00073,34.95,fuel,IN,14,tablet,95.52,1,45,0
TXN002368,CUST00648,37.55,fuel,CA,8,mobile,69.05,3,45,0
TXN002369,CUST01377,12.73,grocery,GB,17,mobile,161.74,2,34,0
TXN002370,CUST01094,336.18,grocery,US,15,mobile,214.03,4,54,0
TXN002371,CUST00425,8.11,grocery,US,6,mobile,151.18,3,31,0
TXN002372,CUST00999,9.04,grocery,NG,13,desktop,55.3,3,33,0
TXN002373,CUST00708,123.25,online,DE,3,mobile,83.09,5,42,0
TXN002374,CUST00561,67.58,restaurant,US,2,desktop,107.06,2,20,0
TXN002375,CUST00828,11.87,retail,CA,11,mobile,2.57,4,22,0
TXN002376,CUST00956,60.78,travel,IN,15,mobile,381.41,1,23,0
TXN002377,CUST00517,143.72,fuel,US,3,mobile,128.92,4,48,0
TXN002378,CUST00428,32.13,online,US,3,mobile,250.28,2,72,0
TXN002379,CUST00160,445.33,restaurant,IN,2,tablet,33.95,2,21,1
TXN002380,CUST00149,5.91,restaurant,US,8,desktop,146.41,2,72,0
TXN002381,CUST00776,66.28,electronics,US,23,mobile,468.98,1,20,0
TXN002382,CUST01254,106.33,entertainment,US,13,mobile,43.41,3,21,0
TXN002383,CUST00067,80.75,online,NG,11,mobile,76.4,3,56,0
TXN002384,CUST01014,26.99,restaurant,AE,9,mobile,88.48,2,52,0
TXN002385,CUST00381,24.77,entertainment,US,13,desktop,87.01,4,73,0
TXN002386,CUST00058,51.63,grocery,US,11,mobile,165.21,5,61,0
TXN002387,CUST01283,74.87,fuel,US,11,desktop,90.09,3,27,0
TXN002388,CUST00342,60.49,travel,US,1,desktop,201.78,3,72,0
TXN002389,CUST01154,93.7,fuel,US,18,mobile,119.29,3,22,0
TXN002390,CUST00727,11.95,retail,US,12,desktop,30.88,2,31,0
TXN002391,CUST01196,26.37,fuel,US,9,desktop,534.15,1,51,0
TXN002392,CUST00770,12.94,travel,IN,22,mobile,49.28,7,72,0
TXN002393,CUST00614,22.51,grocery,US,20,desktop,148.79,4,19,0
TXN002394,CUST01233,91.4,entertainment,US,0,desktop,11.27,1,32,0
TXN002395,CUST00354,36.89,travel,US,0,mobile,451.56,4,51,0
TXN002396,CUST01495,448.93,grocery,GB,7,mobile,473.59,5,21,0
TXN002397,CUST00116,40.18,fuel,US,5,mobile,81.61,5,59,0
TXN002398,CUST01288,35.15,restaurant,US,19,tablet,23.21,1,29,0
TXN002399,CUST00662,36.83,grocery,FR,2,mobile,264.53,3,30,0
TXN002400,CUST01466,17.5,retail,IN,12,mobile,54.75,2,26,0
TXN002401,CUST00453,31.25,travel,DE,11,mobile,217.08,1,21,0
TXN002402,CUST00287,102.29,restaurant,US,19,mobile,444.03,3,48,0
TXN002403,CUST01327,37.11,fuel,US,15,mobile,160.59,4,61,0
TXN002404,CUST01017,14.98,retail,DE,10,mobile,355.5,5,73,0
TXN002405,CUST00311,13.13,grocery,US,23,mobile,45.8,3,23,0
TXN002406,CUST00208,21.11,fuel,US,3,desktop,434.29,4,24,0
TXN002407,CUST00618,35.65,fuel,IN,7,desktop,46.26,4,35,0
TXN002408,CUST00446,109.24,restaurant,ET,6,mobile,46.07,4,67,0
TXN002409,CUST00670,8.67,travel,AE,15,desktop,381.45,2,55,0
TXN002410,CUST00633,24.05,grocery,AE,11,mobile,145.7,6,68,0
TXN002411,CUST00055,38.26,fuel,CA,5,desktop,289.2,1,47,0
TXN002412,CUST00912,5.29,entertainment,FR,22,mobile,291.95,3,39,0
TXN002413,CUST01036,14.39,grocery,US,5,mobile,187.41,2,31,0
TXN002414,CUST00657,16.78,entertainment,IN,10,mobile,37.72,3,53,0
TXN002415,CUST01424,14.94,fuel,US,11,mobile,212.03,2,69,0
TXN002416,CUST00980,40.12,electronics,CA,15,desktop,11.83,3,29,0
TXN002417,CUST00515,28.2,fuel,US,21,mobile,40.32,2,65,0
TXN002418,CUST00237,19.01,grocery,US,15,mobile,185.36,5,63,0
TXN002419,CUST01303,50.8,retail,CA,22,tablet,429.1,2,25,0
TXN002420,CUST00348,185.5,online,US,15,desktop,265.87,4,42,0
TXN002421,CUST00627,170.59,online,CA,3,mobile,72.75,3,59,0
TXN002422,CUST01128,4.84,fuel,CA,11,mobile,312.4,1,28,0
TXN002423,CUST00630,58.97,online,US,4,desktop,611.84,5,72,0
TXN002424,CUST01272,27.72,retail,US,8,mobile,72.61,2,42,1
TXN002425,CUST00364,38.67,online,US,17,desktop,37.23,1,33,0
TXN002426,CUST00321,22.24,retail,ET,8,desktop,39.61,5,34,0
TXN002427,CUST00286,37.25,online,US,15,mobile,92.05,2,71,0
TXN002428,CUST00149,38.53,grocery,US,20,tablet,9.67,3,59,0
TXN002429,CUST01108,18.56,retail,US,0,mobile,120.41,2,45,0
TXN002430,CUST00406,13.51,fuel,AE,22,desktop,237.22,2,21,0
TXN002431,CUST00978,21.14,fuel,GB,4,desktop,136.08,1,65,0
TXN002432,CUST00456,41.86,retail,US,18,desktop,631.48,4,51,0
TXN002433,CUST00800,60.28,grocery,AE,2,tablet,111.48,3,43,1
TXN002434,CUST01185,77.74,electronics,AE,0,desktop,2.4,1,65,1
TXN002435,CUST01013,20.2,restaurant,FR,22,desktop,114.32,2,67,0
TXN002436,CUST00784,43.98,online,US,13,mobile,478.36,4,23,0
TXN002437,CUST00460,86.7,entertainment,FR,17,desktop,18.14,4,69,0
TXN002438,CUST00738,106.23,retail,US,7,desktop,45.41,1,38,0
TXN002439,CUST00509,31.22,travel,DE,13,tablet,226.3,7,75,0
TXN002440,CUST00481,26.55,entertainment,NG,19,tablet,62.69,4,74,0
TXN002441,CUST00114,40.09,retail,NG,19,mobile,260.86,0,25,0
TXN002442,CUST00749,10.49,fuel,US,12,mobile,97.84,7,21,0
TXN002443,CUST00361,27.29,restaurant,AE,20,tablet,286.19,4,28,0
TXN002444,CUST00341,69.73,online,US,15,desktop,144.35,4,51,0
TXN002445,CUST00770,62.93,retail,US,8,mobile,15.49,3,19,0
TXN002446,CUST00761,25.27,retail,US,6,mobile,87.84,7,36,0
TXN002447,CUST00969,41.17,online,GB,2,mobile,72.96,3,72,0
TXN002448,CUST00449,14.52,retail,US,19,desktop,299.01,5,56,0
TXN002449,CUST00835,66.92,restaurant,US,0,desktop,176.49,6,72,0
TXN002450,CUST01204,30.64,restaurant,US,23,mobile,270.43,2,20,0
TXN002451,CUST01431,25.13,retail,CA,7,mobile,83.78,6,26,0
TXN002452,CUST01220,23.06,grocery,AE,13,desktop,211.83,4,48,0
TXN002453,CUST01490,31.1,restaurant,DE,12,tablet,12.14,5,65,0
TXN002454,CUST00311,21.16,electronics,US,6,mobile,6.73,1,56,0
TXN002455,CUST00262,63.95,online,IN,12,tablet,61.01,2,63,0
TXN002456,CUST01443,22.3,online,GB,21,mobile,267.46,1,29,0
TXN002457,CUST00406,162.87,restaurant,ET,6,desktop,137.48,3,29,0
TXN002458,CUST00143,143.34,retail,GB,19,desktop,94.61,0,74,0
TXN002459,CUST00342,13.58,retail,IN,19,tablet,408.51,3,26,0
TXN002460,CUST01340,35.51,electronics,AE,4,desktop,123.82,3,56,1
TXN002461,CUST01125,17.28,travel,US,3,mobile,171.06,4,49,0
TXN002462,CUST00244,23.89,fuel,US,3,tablet,766.18,2,22,0
TXN002463,CUST00490,245.29,fuel,GB,5,desktop,133.01,4,25,0
TXN002464,CUST00012,24.35,electronics,CA,13,mobile,275.43,3,59,0
TXN002465,CUST01263,47.48,electronics,CA,2,mobile,96.14,3,49,0
TXN002466,CUST00561,56.9,electronics,US,2,mobile,6.66,5,68,0
TXN002467,CUST00042,12.17,restaurant,US,23,desktop,323.75,1,39,0
TXN002468,CUST00678,14.08,travel,CA,2,desktop,520.14,6,41,0
TXN002469,CUST00594,9.91,fuel,AE,3,mobile,102.57,6,68,1
TXN002470,CUST01453,13.65,fuel,FR,21,mobile,126.08,7,44,0
TXN002471,CUST01182,1.92,fuel,US,8,mobile,99.34,3,58,0
TXN002472,CUST01240,57.09,electronics,US,21,mobile,1040.08,0,67,0
TXN002473,CUST01486,258.32,fuel,US,15,mobile,420.62,4,34,0
TXN002474,CUST00134,38.39,grocery,US,18,tablet,7.55,4,62,0
TXN002475,CUST01091,8.03,travel,US,15,desktop,271.74,1,61,0
TXN002476,CUST01031,17.41,entertainment,ET,11,mobile,165.31,3,49,0
TXN002477,CUST00948,20.93,online,NG,5,desktop,4.58,5,59,1
TXN002478,CUST00073,11.97,travel,US,19,mobile,105.89,5,71,0
TXN002479,CUST00399,78.27,online,CA,20,mobile,29.19,4,55,0
TXN002480,CUST01429,74.46,retail,DE,20,tablet,371.51,2,62,0
TXN002481,CUST00578,10.43,online,IN,2,mobile,2.3,2,65,1
TXN002482,CUST00859,68.38,entertainment,NG,20,mobile,371.59,3,47,0
TXN002483,CUST00130,152.45,retail,US,4,desktop,508.95,2,53,0
TXN002484,CUST00931,221.97,fuel,US,6,mobile,13.64,4,45,0
TXN002485,CUST01490,581.27,online,US,4,mobile,229.03,3,67,1
TXN002486,CUST01230,13.44,grocery,CA,8,mobile,143.29,3,36,0
TXN002487,CUST00266,557.92,electronics,DE,14,mobile,555.33,3,35,0
TXN002488,CUST00793,23.24,online,US,20,mobile,288.04,5,61,0
TXN002489,CUST00253,18.31,entertainment,AE,19,tablet,213.39,1,37,0
TXN002490,CUST00822,45.93,travel,US,5,desktop,467.48,0,27,0
TXN002491,CUST01313,18.5,retail,IN,7,desktop,31.46,4,28,0
TXN002492,CUST00164,49.36,restaurant,US,19,desktop,84.88,3,57,0
TXN002493,CUST00095,8.85,fuel,US,4,desktop,333.21,4,64,0
TXN002494,CUST00833,26.08,electronics,US,16,mobile,19.28,2,51,0
TXN002495,CUST01134,119.77,travel,US,9,desktop,493.25,6,56,0
TXN002496,CUST00336,31.28,entertainment,ET,0,mobile,246.08,0,69,0
TXN002497,CUST00822,38.15,restaurant,US,15,mobile,104.15,2,55,0
TXN002498,CUST00238,53.26,grocery,FR,23,desktop,74.44,2,34,0
TXN002499,CUST00381,106.77,online,US,22,desktop,28.75,7,66,0
TXN002500,CUST01460,6.33,online,US,20,mobile,17.7,4,40,0
TXN002501,CUST00899,59.41,entertainment,AE,0,mobile,99.17,2,72,0
TXN002502,CUST00483,25.33,retail,IN,2,mobile,333.38,3,24,0
TXN002503,CUST00902,39.12,grocery,US,5,desktop,136.61,1,68,0
TXN002504,CUST01049,95.58,online,IN,16,tablet,107.99,3,23,0
TXN002505,CUST01141,10.03,fuel,CA,21,desktop,69.17,3,59,0
TXN002506,CUST00482,12.03,retail,US,1,desktop,30.73,0,73,0
TXN002507,CUST01416,4.78,retail,ET,4,mobile,830.73,3,41,0
TXN002508,CUST00917,19.12,fuel,US,10,mobile,4.69,1,25,0
TXN002509,CUST00994,125.27,online,US,9,desktop,67.27,3,75,0
TXN002510,CUST00964,29.35,grocery,GB,14,mobile,264.06,2,72,0
TXN002511,CUST00537,8.67,electronics,US,17,mobile,132.32,2,21,0
TXN002512,CUST01103,20.38,online,US,16,desktop,67.8,2,70,0
TXN002513,CUST01197,7.48,fuel,US,13,tablet,886.55,3,71,1
TXN002514,CUST01036,10.75,online,ET,12,mobile,173.77,2,34,0
TXN002515,CUST00128,48.85,fuel,GB,19,tablet,62.96,4,19,0
TXN002516,CUST00092,10.24,electronics,US,1,mobile,339.04,4,39,0
TXN002517,CUST00543,100.75,fuel,NG,11,mobile,29.29,5,68,0
TXN002518,CUST00846,30.84,grocery,US,10,mobile,112.11,5,68,0
TXN002519,CUST00989,36.07,grocery,DE,18,desktop,329.4,2,53,0
TXN002520,CUST00447,25.07,grocery,NG,11,mobile,740.52,4,33,0
TXN002521,CUST00390,71.73,retail,AE,3,desktop,86.94,3,66,1
TXN002522,CUST00672,72.47,grocery,US,9,mobile,26.75,3,38,0
TXN002523,CUST00043,46.3,entertainment,GB,11,mobile,150.63,4,57,0
TXN002524,CUST00254,58.25,restaurant,US,6,mobile,518.81,3,25,0
TXN002525,CUST01154,26.79,travel,GB,22,mobile,197.18,3,24,0
TXN002526,CUST01084,56.95,retail,US,5,mobile,165.91,2,24,0
TXN002527,CUST00663,23.62,online,US,7,mobile,66.61,0,21,0
TXN002528,CUST00467,33.19,restaurant,US,10,desktop,167.81,3,42,0
TXN002529,CUST00287,25.16,restaurant,US,5,desktop,388.8,3,23,0
TXN002530,CUST01011,20.96,retail,CA,20,mobile,84.75,1,35,0
TXN002531,CUST01491,16.62,electronics,AE,2,desktop,49.89,2,60,1
TXN002532,CUST00778,52.86,online,US,20,mobile,118.04,5,32,0
TXN002533,CUST00345,122.81,travel,US,19,desktop,84.94,1,38,0
TXN002534,CUST00642,106.82,electronics,US,18,desktop,114.25,5,33,0
TXN002535,CUST00382,9.43,restaurant,GB,0,mobile,18.11,1,72,0
TXN002536,CUST00690,120.21,fuel,US,23,tablet,73.76,1,61,0
TXN002537,CUST01277,24.09,fuel,US,3,tablet,315.33,5,41,0
TXN002538,CUST01080,60.38,restaurant,US,18,mobile,92.04,3,28,0
TXN002539,CUST01487,13.38,entertainment,ET,19,desktop,618.97,1,24,0
TXN002540,CUST00457,38.17,retail,US,16,mobile,222.1,6,59,0
TXN002541,CUST00983,45.32,retail,US,21,mobile,82.04,0,20,0
TXN002542,CUST00083,7.5,grocery,GB,18,tablet,52.18,3,54,1
TXN002543,CUST01123,60.84,restaurant,US,23,desktop,208.14,3,58,0
TXN002544,CUST00149,127.22,retail,US,13,mobile,64.83,5,39,0
TXN002545,CUST01353,27.81,restaurant,US,9,desktop,470.85,3,43,0
TXN002546,CUST01180,129.05,grocery,IN,20,desktop,22.26,2,21,0
TXN002547,CUST00190,27.39,retail,US,8,desktop,5.25,6,71,0
TXN002548,CUST00883,77.45,restaurant,US,15,mobile,44.96,3,33,0
TXN002549,CUST00263,3.6,electronics,US,14,desktop,167.94,1,34,0
TXN002550,CUST01104,371.96,travel,NG,15,desktop,324.28,2,36,1
TXN002551,CUST00400,147.74,entertainment,US,17,desktop,33.57,3,69,0
TXN002552,CUST00764,24.91,electronics,CA,20,mobile,158.19,4,32,0
TXN002553,CUST00609,4.61,retail,AE,22,mobile,28.02,2,24,0
TXN002554,CUST01284,44.17,online,IN,22,mobile,149.08,3,19,0
TXN002555,CUST00785,7.82,online,DE,9,mobile,3.3,1,72,0
TXN002556,CUST00101,51.67,restaurant,US,2,desktop,146.88,3,57,0
TXN002557,CUST01383,49.98,restaurant,US,6,desktop,132.78,1,62,0
TXN002558,CUST01404,12.92,online,US,6,mobile,7.88,0,62,0
TXN002559,CUST00820,101.59,travel,CA,19,desktop,210.47,2,73,0
TXN002560,CUST01245,74.11,retail,DE,10,desktop,152.86,2,40,0
TXN002561,CUST00820,87.87,travel,ET,22,desktop,175.64,2,25,0
TXN002562,CUST00420,33.41,online,US,23,mobile,135.82,7,73,0
TXN002563,CUST00124,8.04,electronics,DE,2,mobile,230.42,2,18,0
TXN002564,CUST00422,88.05,entertainment,NG,17,mobile,134.0,0,34,0
TXN002565,CUST01255,25.27,electronics,IN,11,mobile,459.81,4,56,0
TXN002566,CUST01087,8.25,restaurant,DE,22,mobile,517.26,4,25,0
TXN002567,CUST00768,128.0,retail,GB,16,desktop,233.48,2,74,0
TXN002568,CUST00483,270.27,online,US,8,mobile,436.99,4,38,0
TXN002569,CUST00519,31.78,online,US,4,mobile,461.87,3,67,0
TXN002570,CUST00155,286.9,online,US,17,tablet,54.69,4,59,0
TXN002571,CUST00092,36.28,fuel,US,22,desktop,918.78,3,72,0
TXN002572,CUST00982,22.64,restaurant,US,8,desktop,56.02,2,69,0
TXN002573,CUST00455,17.63,grocery,CA,12,mobile,3.37,5,43,0
TXN002574,CUST00598,170.22,entertainment,GB,2,desktop,589.7,3,48,0
TXN002575,CUST00510,15.18,grocery,US,3,mobile,45.58,6,70,0
TXN002576,CUST01207,69.08,fuel,US,17,desktop,157.92,1,50,0
TXN002577,CUST00386,18.93,grocery,US,19,mobile,635.23,4,47,0
TXN002578,CUST00405,20.9,electronics,US,20,mobile,9.13,1,47,0
TXN002579,CUST00246,92.78,grocery,US,14,tablet,56.48,3,53,0
TXN002580,CUST00742,22.65,online,IN,19,mobile,168.95,3,38,0
TXN002581,CUST00661,22.09,online,US,22,mobile,258.81,2,58,0
TXN002582,CUST00650,102.8,grocery,US,5,mobile,296.45,4,54,0
TXN002583,CUST01495,163.6,electronics,US,8,mobile,387.51,4,38,0
TXN002584,CUST01447,63.1,retail,GB,10,mobile,33.2,3,46,0
TXN002585,CUST00901,17.21,travel,GB,12,desktop,83.18,2,25,0
TXN002586,CUST00065,19.87,entertainment,US,3,mobile,225.48,5,69,0
TXN002587,CUST01037,35.87,retail,NG,14,mobile,226.14,3,56,0
TXN002588,CUST00213,45.65,retail,ET,16,desktop,66.28,4,22,0
TXN002589,CUST00242,12.33,retail,US,11,desktop,65.29,3,31,0
TXN002590,CUST00493,68.24,restaurant,US,5,tablet,69.59,3,38,0
TXN002591,CUST01237,36.07,retail,US,6,mobile,400.75,4,55,0
TXN002592,CUST00338,5.96,entertainment,US,16,mobile,432.45,2,73,0
TXN002593,CUST00173,13.08,entertainment,ET,10,mobile,2.69,2,32,0
TXN002594,CUST00672,20.0,grocery,US,11,desktop,70.75,0,47,0
TXN002595,CUST00164,30.79,retail,US,12,mobile,89.57,2,24,0
TXN002596,CUST00465,219.05,fuel,US,0,desktop,727.03,2,44,0
TXN002597,CUST00995,42.02,fuel,US,17,tablet,519.37,5,25,0
TXN002598,CUST00497,14.29,grocery,AE,21,desktop,178.15,4,52,0
TXN002599,CUST00700,41.29,restaurant,US,18,mobile,8.44,6,58,0
TXN002600,CUST00395,23.29,retail,US,10,mobile,38.2,3,70,0
TXN002601,CUST00703,45.82,travel,CA,21,mobile,102.51,5,56,0
TXN002602,CUST00308,59.18,electronics,US,17,desktop,575.11,2,48,0
TXN002603,CUST00183,110.97,entertainment,US,9,mobile,17.91,5,62,0
TXN002604,CUST00629,32.32,grocery,US,5,desktop,282.08,1,47,0
TXN002605,CUST00510,170.54,electronics,US,22,mobile,38.19,5,44,0
TXN002606,CUST00546,82.11,electronics,US,21,mobile,127.62,3,18,0
TXN002607,CUST00624,16.32,electronics,US,1,mobile,262.19,3,50,0
TXN002608,CUST00594,301.83,restaurant,US,4,desktop,212.27,5,31,1
TXN002609,CUST00744,45.92,restaurant,CA,9,mobile,269.1,2,24,0
TXN002610,CUST01251,14.37,grocery,US,14,desktop,302.37,2,60,0
TXN002611,CUST01460,172.93,online,IN,13,desktop,65.68,2,39,0
TXN002612,CUST01446,264.48,retail,US,5,tablet,81.47,7,68,1
TXN002613,CUST00554,32.04,travel,DE,13,desktop,304.46,3,22,0
TXN002614,CUST00021,20.01,restaurant,ET,23,desktop,7.09,2,38,0
TXN002615,CUST00554,27.87,grocery,US,20,desktop,130.05,7,72,0
TXN002616,CUST00397,67.68,entertainment,FR,13,mobile,455.54,1,67,0
TXN002617,CUST00625,118.85,retail,AE,11,desktop,389.31,5,48,0
TXN002618,CUST00105,58.59,electronics,US,22,mobile,293.61,4,71,0
TXN002619,CUST00192,36.66,restaurant,IN,3,mobile,3.92,2,44,1
TXN002620,CUST00017,148.12,online,US,11,desktop,393.56,2,61,0
TXN002621,CUST01144,24.22,fuel,US,20,mobile,436.79,3,32,0
TXN002622,CUST00393,92.84,travel,ET,16,mobile,196.14,0,40,0
TXN002623,CUST00425,24.83,online,US,18,mobile,63.92,2,70,0
TXN002624,CUST00129,50.96,fuel,DE,15,desktop,121.18,1,34,0
TXN002625,CUST01154,29.56,retail,AE,17,mobile,258.86,4,47,0
TXN002626,CUST00572,31.32,grocery,IN,5,mobile,301.82,2,53,0
TXN002627,CUST00029,22.71,retail,US,8,desktop,75.71,5,19,0
TXN002628,CUST01121,127.08,electronics,IN,18,mobile,71.03,2,19,0
TXN002629,CUST01034,15.91,fuel,US,11,tablet,239.85,5,50,0
TXN002630,CUST00242,15.8,online,US,10,desktop,208.71,2,70,0
TXN002631,CUST00232,276.16,travel,US,15,mobile,129.58,3,66,0
TXN002632,CUST00789,88.04,fuel,GB,1,desktop,98.13,2,37,0
TXN002633,CUST01308,3.05,electronics,US,17,tablet,192.69,1,27,0
TXN002634,CUST00715,18.82,grocery,CA,5,desktop,5.93,3,22,0
TXN002635,CUST00759,5.41,travel,US,21,mobile,14.17,2,75,0
TXN002636,CUST00802,12.8,online,US,4,desktop,153.21,2,34,0
TXN002637,CUST00776,1.44,restaurant,IN,8,mobile,42.49,1,64,0
TXN002638,CUST00726,28.88,retail,US,12,mobile,268.33,2,68,0
TXN002639,CUST00200,10.57,restaurant,US,6,desktop,266.4,4,56,0
TXN002640,CUST00945,35.16,electronics,FR,22,mobile,222.79,4,35,0
TXN002641,CUST00079,6.52,grocery,US,0,desktop,421.07,1,70,0
TXN002642,CUST00956,35.98,online,ET,9,mobile,27.32,2,26,0
TXN002643,CUST00856,21.87,restaurant,US,17,desktop,54.01,3,27,0
TXN002644,CUST01197,148.7,travel,US,11,mobile,52.34,1,49,0
TXN002645,CUST00467,135.82,restaurant,US,2,mobile,274.51,1,56,0
TXN002646,CUST00581,72.63,grocery,US,4,mobile,132.62,4,35,0
TXN002647,CUST01440,23.89,fuel,GB,13,mobile,52.43,2,41,0
TXN002648,CUST00940,241.14,online,US,14,mobile,26.4,6,19,0
TXN002649,CUST00449,7.01,electronics,NG,11,mobile,402.31,1,33,0
TXN002650,CUST00087,8.14,grocery,US,3,tablet,212.05,3,32,0
TXN002651,CUST00101,30.45,retail,US,23,mobile,135.34,1,68,0
TXN002652,CUST01032,315.46,grocery,DE,15,mobile,605.87,1,37,0
TXN002653,CUST00845,27.05,retail,CA,10,mobile,340.99,3,71,0
TXN002654,CUST01224,27.57,travel,ET,3,tablet,35.31,4,73,0
TXN002655,CUST00087,7.83,electronics,GB,5,desktop,127.72,3,57,0
TXN002656,CUST00043,85.28,fuel,US,15,desktop,119.82,1,64,0
TXN002657,CUST01409,85.9,retail,GB,1,mobile,334.75,6,57,0
TXN002658,CUST01459,72.9,electronics,US,12,mobile,29.06,4,24,0
TXN002659,CUST00408,17.65,electronics,US,7,mobile,108.2,2,35,0
TXN002660,CUST00664,16.33,travel,IN,11,desktop,182.18,4,42,0
TXN002661,CUST01041,9.09,retail,US,20,mobile,522.91,0,30,0
TXN002662,CUST00148,36.01,fuel,CA,5,desktop,413.15,2,28,0
TXN002663,CUST00277,11.24,restaurant,US,2,mobile,137.38,2,54,0
TXN002664,CUST00232,10.2,restaurant,US,14,mobile,167.98,3,25,0
TXN002665,CUST00366,21.68,restaurant,US,7,mobile,344.39,3,44,0
TXN002666,CUST01252,20.3,restaurant,CA,1,mobile,245.54,6,37,0
TXN002667,CUST00436,19.34,restaurant,US,15,mobile,380.65,3,73,0
TXN002668,CUST00399,52.8,online,US,12,mobile,407.29,6,51,0
TXN002669,CUST01235,35.84,grocery,AE,0,mobile,321.71,6,21,0
TXN002670,CUST01415,24.82,electronics,US,10,desktop,1.7,3,32,0
TXN002671,CUST00499,39.77,online,US,0,mobile,67.04,2,30,0
TXN002672,CUST00540,12.29,restaurant,ET,7,mobile,93.01,3,66,0
TXN002673,CUST00563,36.79,grocery,IN,1,mobile,203.93,1,39,0
TXN002674,CUST00442,38.5,grocery,US,12,mobile,65.97,1,43,0
TXN002675,CUST01285,7.37,grocery,NG,20,mobile,70.36,4,67,0
TXN002676,CUST00773,89.63,entertainment,US,1,mobile,92.01,7,69,0
TXN002677,CUST00350,13.72,online,US,3,mobile,559.54,1,26,0
TXN002678,CUST01376,36.25,grocery,AE,1,mobile,103.46,2,22,1
TXN002679,CUST00520,106.1,electronics,NG,12,desktop,27.29,3,47,0
TXN002680,CUST01344,83.57,restaurant,US,3,desktop,1.15,4,21,1
TXN002681,CUST00138,34.27,online,US,20,mobile,48.6,7,48,0
TXN002682,CUST00992,23.05,online,US,14,mobile,502.88,5,31,0
TXN002683,CUST00368,85.41,travel,US,20,mobile,558.17,3,42,0
TXN002684,CUST01244,65.02,restaurant,FR,11,mobile,135.52,2,66,0
TXN002685,CUST01361,17.84,grocery,US,11,mobile,187.11,4,45,0
TXN002686,CUST01247,14.96,fuel,US,4,mobile,286.06,4,32,0
TXN002687,CUST00360,4.17,retail,CA,9,desktop,10.35,3,65,0
TXN002688,CUST00921,38.63,retail,NG,1,mobile,84.4,1,20,1
TXN002689,CUST00329,30.49,grocery,US,7,desktop,185.02,4,48,0
TXN002690,CUST00962,103.15,fuel,DE,4,desktop,411.35,3,30,0
TXN002691,CUST00463,47.42,fuel,IN,21,desktop,233.58,2,26,0
TXN002692,CUST00946,125.74,retail,US,7,tablet,77.56,2,19,0
TXN002693,CUST00963,16.49,restaurant,AE,23,mobile,433.39,4,40,0
TXN002694,CUST01406,103.35,fuel,DE,12,mobile,196.65,4,65,0
TXN002695,CUST00836,19.51,grocery,US,12,desktop,319.2,4,50,0
TXN002696,CUST00169,72.07,online,US,22,mobile,87.65,1,45,0
TXN002697,CUST00217,7.7,electronics,CA,14,tablet,0.39,0,25,0
TXN002698,CUST00378,41.89,fuel,US,14,mobile,32.71,0,53,0
TXN002699,CUST00119,4.55,retail,US,23,mobile,471.55,4,19,0
TXN002700,CUST00190,25.35,electronics,US,10,desktop,6.06,3,41,0
TXN002701,CUST00767,51.44,online,GB,22,mobile,163.16,2,39,0
TXN002702,CUST00370,19.67,grocery,US,9,mobile,94.71,2,32,0
TXN002703,CUST00149,11.58,electronics,US,5,tablet,101.05,1,41,0
TXN002704,CUST00652,77.18,electronics,US,4,mobile,92.19,2,22,0
TXN002705,CUST00770,29.86,restaurant,GB,4,mobile,12.57,2,44,0
TXN002706,CUST00374,20.3,retail,US,7,mobile,23.49,0,50,0
TXN002707,CUST00781,34.53,grocery,US,0,mobile,11.7,3,70,0
TXN002708,CUST00160,462.51,online,US,1,mobile,9.97,5,38,1
TXN002709,CUST00351,104.95,retail,US,16,mobile,16.11,1,34,0
TXN002710,CUST01312,105.91,retail,US,6,mobile,214.7,3,75,0
TXN002711,CUST01312,51.19,entertainment,CA,22,tablet,21.83,2,52,0
TXN002712,CUST00892,39.11,grocery,DE,8,desktop,54.56,6,72,0
TXN002713,CUST01250,3.02,entertainment,GB,3,desktop,192.58,2,72,0
TXN002714,CUST00523,16.79,restaurant,US,6,mobile,21.43,5,43,0
TXN002715,CUST00522,20.48,retail,US,9,mobile,433.94,2,63,0
TXN002716,CUST00783,5.08,fuel,IN,15,desktop,116.84,3,42,0
TXN002717,CUST00273,10.41,entertainment,US,9,desktop,593.71,2,38,0
TXN002718,CUST00936,4.57,grocery,GB,6,mobile,38.49,1,73,0
TXN002719,CUST01426,31.87,online,NG,1,mobile,5.6,5,28,1
TXN002720,CUST00183,75.1,entertainment,DE,1,mobile,160.61,5,41,0
TXN002721,CUST00488,100.16,retail,US,7,mobile,71.75,4,31,0
TXN002722,CUST00846,50.14,grocery,US,13,desktop,152.92,2,41,0
TXN002723,CUST00124,12.64,retail,US,17,mobile,115.52,2,26,0
TXN002724,CUST00985,4.8,grocery,CA,0,mobile,109.97,4,19,0
TXN002725,CUST00790,5.72,online,CA,16,desktop,342.9,2,23,0
TXN002726,CUST00414,9.31,fuel,DE,16,mobile,38.34,2,42,0
TXN002727,CUST01196,13.61,grocery,US,21,desktop,124.64,2,34,0
TXN002728,CUST01312,28.23,grocery,ET,4,desktop,96.82,3,20,0
TXN002729,CUST01459,12.01,entertainment,DE,15,mobile,201.63,2,22,0
TXN002730,CUST00686,46.48,electronics,US,6,desktop,9.26,2,49,0
TXN002731,CUST00113,26.25,grocery,US,14,mobile,135.68,4,65,0
TXN002732,CUST00888,33.47,fuel,GB,18,mobile,117.2,1,72,0
TXN002733,CUST00122,103.57,entertainment,US,20,desktop,654.06,2,46,0
TXN002734,CUST01246,10.17,online,US,1,desktop,253.77,3,53,0
TXN002735,CUST00039,50.34,grocery,US,15,desktop,30.31,3,53,0
TXN002736,CUST00497,32.66,grocery,ET,8,desktop,128.11,3,72,0
TXN002737,CUST00780,23.72,fuel,US,19,mobile,275.63,4,42,0
TXN002738,CUST01257,80.26,online,US,17,desktop,133.84,2,73,0
TXN002739,CUST00943,79.76,online,AE,9,desktop,79.41,6,45,0
TXN002740,CUST00149,12.85,entertainment,CA,23,mobile,85.08,2,52,0
TXN002741,CUST01421,27.6,travel,CA,19,tablet,82.31,5,69,0
TXN002742,CUST01022,43.87,grocery,US,20,mobile,3.63,3,30,0
TXN002743,CUST00661,25.2,retail,CA,3,desktop,236.08,2,32,0
TXN002744,CUST00302,59.44,online,CA,1,desktop,169.9,3,66,0
TXN002745,CUST01384,43.87,online,IN,13,mobile,56.32,3,44,0
TXN002746,CUST00238,206.97,retail,US,21,mobile,178.98,5,28,0
TXN002747,CUST00647,7.17,retail,US,0,mobile,66.46,2,23,0
TXN002748,CUST00663,29.3,online,US,7,mobile,50.2,2,73,0
TXN002749,CUST00236,13.35,restaurant,GB,10,mobile,243.27,3,44,0
TXN002750,CUST00203,60.59,retail,US,0,mobile,298.09,4,59,0
TXN002751,CUST00256,6.57,fuel,US,4,mobile,176.89,3,47,0
TXN002752,CUST00598,46.82,electronics,US,12,mobile,275.97,1,50,0
TXN002753,CUST00662,17.64,online,US,16,mobile,81.94,3,55,0
TXN002754,CUST00235,15.89,electronics,US,9,mobile,13.41,4,72,0
TXN002755,CUST01369,7.8,retail,IN,22,desktop,167.14,1,36,0
TXN002756,CUST00534,20.8,travel,GB,6,desktop,53.22,5,70,0
TXN002757,CUST00860,97.95,entertainment,US,12,mobile,270.49,3,62,0
TXN002758,CUST01490,32.29,entertainment,US,20,mobile,79.8,2,39,0
TXN002759,CUST00770,62.03,entertainment,US,3,tablet,199.93,1,56,0
TXN002760,CUST00541,174.97,fuel,DE,20,mobile,144.88,4,30,0
TXN002761,CUST00213,43.11,retail,US,12,desktop,306.17,3,21,0
TXN002762,CUST00463,18.94,electronics,IN,0,mobile,321.41,3,23,0
TXN002763,CUST00436,52.84,grocery,DE,10,mobile,12.73,2,46,0
TXN002764,CUST00283,19.22,entertainment,US,20,desktop,62.95,4,47,0
TXN002765,CUST01487,20.0,travel,ET,8,tablet,368.46,5,42,0
TXN002766,CUST01431,7.24,grocery,DE,12,desktop,93.15,0,32,0
TXN002767,CUST00088,83.62,grocery,US,10,desktop,130.2,4,29,0
TXN002768,CUST01068,22.51,grocery,US,7,mobile,36.46,3,38,0
TXN002769,CUST00461,39.73,fuel,CA,6,mobile,144.81,7,35,0
TXN002770,CUST00278,11.75,fuel,US,21,mobile,55.32,7,42,0
TXN002771,CUST00421,51.21,restaurant,US,19,mobile,318.14,4,55,0
TXN002772,CUST01377,15.46,entertainment,US,14,tablet,40.22,4,22,0
TXN002773,CUST00696,28.74,restaurant,US,14,mobile,80.29,1,29,0
TXN002774,CUST00515,79.66,entertainment,US,20,mobile,17.98,4,66,0
TXN002775,CUST00703,73.02,travel,NG,11,mobile,159.6,7,46,0
TXN002776,CUST00019,32.39,fuel,GB,16,mobile,512.43,6,59,0
TXN002777,CUST00023,5.65,electronics,GB,22,mobile,34.23,5,39,0
TXN002778,CUST00413,660.38,electronics,CA,5,mobile,3.59,4,57,1
TXN002779,CUST01054,189.78,entertainment,GB,12,mobile,98.82,5,48,0
TXN002780,CUST00108,68.22,grocery,IN,15,desktop,248.4,5,65,0
TXN002781,CUST01391,15.59,retail,US,22,desktop,664.72,2,45,0
TXN002782,CUST01305,29.56,online,DE,0,mobile,9.48,5,64,0
TXN002783,CUST01152,19.23,travel,US,12,desktop,277.49,4,40,0
TXN002784,CUST01253,117.2,online,AE,6,desktop,82.79,4,70,0
TXN002785,CUST01135,43.06,grocery,AE,12,mobile,30.05,2,70,0
TXN002786,CUST00136,15.12,online,NG,6,mobile,38.44,7,63,0
TXN002787,CUST00362,20.68,retail,US,7,desktop,463.59,3,67,0
TXN002788,CUST01210,101.61,restaurant,US,17,mobile,298.32,3,33,0
TXN002789,CUST00129,164.04,fuel,US,16,mobile,67.24,3,57,0
TXN002790,CUST01285,152.68,travel,US,15,mobile,506.99,4,72,0
TXN002791,CUST00515,70.6,online,US,16,desktop,20.02,3,50,0
TXN002792,CUST00449,25.72,restaurant,US,7,desktop,70.09,6,56,0
TXN002793,CUST01128,1.29,travel,DE,6,tablet,190.48,2,21,0
TXN002794,CUST01248,44.57,retail,US,17,mobile,1341.16,1,23,0
TXN002795,CUST00874,33.05,restaurant,AE,3,mobile,112.8,1,64,1
TXN002796,CUST00473,38.09,online,US,23,desktop,299.61,3,28,0
TXN002797,CUST01034,34.95,online,US,21,mobile,445.56,3,27,0
TXN002798,CUST01429,8.79,online,CA,1,mobile,1.74,3,48,1
TXN002799,CUST00302,57.82,online,CA,15,mobile,61.38,2,24,0
TXN002800,CUST00231,62.32,travel,US,17,mobile,19.04,3,31,0
TXN002801,CUST00923,65.52,grocery,AE,22,desktop,269.35,3,71,0
TXN002802,CUST01090,85.33,retail,CA,7,desktop,150.68,2,23,0
TXN002803,CUST00937,60.59,entertainment,AE,13,mobile,18.08,4,54,0
TXN002804,CUST00112,21.98,grocery,AE,17,desktop,98.28,4,75,0
TXN002805,CUST01037,30.85,electronics,US,18,desktop,129.87,3,69,0
TXN002806,CUST01417,36.27,fuel,NG,23,desktop,215.37,2,64,0
TXN002807,CUST00500,36.88,retail,AE,3,desktop,272.12,4,35,1
TXN002808,CUST00932,89.86,retail,IN,21,mobile,16.56,4,50,0
TXN002809,CUST00598,63.03,retail,AE,13,desktop,120.37,3,47,0
TXN002810,CUST00234,264.37,grocery,AE,1,mobile,31.62,2,37,1
TXN002811,CUST00602,300.81,retail,US,16,mobile,251.89,3,45,0
TXN002812,CUST00314,35.86,retail,US,5,mobile,192.96,4,60,0
TXN002813,CUST00566,0.71,electronics,NG,7,mobile,231.07,5,18,0
TXN002814,CUST01036,114.07,electronics,DE,15,desktop,14.03,3,74,0
TXN002815,CUST00209,19.29,travel,US,20,desktop,128.52,2,34,0
TXN002816,CUST01038,14.86,online,US,0,desktop,330.52,4,43,0
TXN002817,CUST01442,22.23,restaurant,GB,17,tablet,224.9,4,70,0
TXN002818,CUST01461,21.19,grocery,US,2,mobile,356.16,4,35,0
TXN002819,CUST01401,61.09,grocery,US,17,mobile,41.54,1,55,0
TXN002820,CUST01044,6.96,travel,US,9,desktop,60.86,0,41,0
TXN002821,CUST00587,11.27,restaurant,FR,1,desktop,104.78,3,35,0
TXN002822,CUST01015,46.67,fuel,US,18,tablet,133.34,2,56,0
TXN002823,CUST01094,61.74,grocery,US,10,mobile,52.3,4,64,0
TXN002824,CUST01235,62.9,retail,FR,18,desktop,86.41,5,32,0
TXN002825,CUST01125,15.07,retail,FR,23,desktop,209.1,2,53,0
TXN002826,CUST00698,12.45,retail,US,23,mobile,186.61,3,43,0
TXN002827,CUST00132,19.95,fuel,US,2,desktop,21.07,2,49,0
TXN002828,CUST01405,42.09,grocery,CA,9,mobile,764.58,3,37,0
TXN002829,CUST01156,146.27,travel,FR,15,mobile,148.9,5,23,0
TXN002830,CUST01044,4.27,grocery,US,2,desktop,118.94,4,44,0
TXN002831,CUST00536,26.56,retail,US,23,desktop,615.38,0,25,1
TXN002832,CUST01014,8.73,electronics,NG,18,desktop,27.22,4,56,0
TXN002833,CUST00227,6.35,online,IN,19,desktop,141.22,6,39,0
TXN002834,CUST01178,87.09,fuel,US,20,mobile,294.33,6,54,0
TXN002835,CUST01493,57.09,retail,US,6,mobile,91.62,5,55,0
TXN002836,CUST00822,51.91,fuel,US,16,mobile,239.93,4,24,0
TXN002837,CUST00871,83.18,fuel,US,7,desktop,412.96,0,26,0
TXN002838,CUST00405,20.5,travel,US,2,desktop,54.6,5,51,1
TXN002839,CUST00202,21.49,online,US,6,desktop,49.74,2,65,0
TXN002840,CUST00038,294.63,grocery,CA,9,tablet,80.52,2,51,0
TXN002841,CUST00942,25.88,retail,US,18,desktop,97.57,3,45,0
TXN002842,CUST00188,69.07,online,NG,14,desktop,21.19,3,26,0
TXN002843,CUST01081,33.33,grocery,CA,14,desktop,47.35,3,47,0
TXN002844,CUST00941,5.22,retail,CA,4,desktop,371.77,0,55,0
TXN002845,CUST01044,4.29,travel,IN,2,mobile,150.49,5,58,0
TXN002846,CUST00273,18.56,retail,CA,2,mobile,56.11,2,75,0
TXN002847,CUST01143,95.21,retail,IN,3,mobile,517.53,2,48,0
TXN002848,CUST00583,72.84,entertainment,US,14,desktop,267.95,4,25,0
TXN002849,CUST00516,82.61,grocery,US,15,tablet,81.02,0,25,0
TXN002850,CUST01245,12.34,restaurant,US,4,mobile,261.01,3,54,0
TXN002851,CUST00526,166.65,retail,US,20,tablet,163.16,4,31,0
TXN002852,CUST00336,12.62,retail,US,7,mobile,207.26,3,26,0
TXN002853,CUST00698,40.97,travel,DE,9,mobile,69.8,5,60,0
TXN002854,CUST01079,32.77,travel,US,21,desktop,42.32,4,51,0
TXN002855,CUST00500,27.83,grocery,DE,20,mobile,52.64,6,42,0
TXN002856,CUST00900,126.29,retail,US,1,mobile,15.74,2,26,0
TXN002857,CUST00766,16.36,restaurant,GB,13,mobile,114.63,4,20,0
TXN002858,CUST00536,8.59,restaurant,US,4,mobile,93.83,3,74,0
TXN002859,CUST00162,33.78,fuel,IN,6,desktop,0.46,3,55,0
TXN002860,CUST00594,22.2,restaurant,US,10,mobile,349.29,3,49,0
TXN002861,CUST00159,970.08,retail,IN,2,desktop,206.15,5,44,1
TXN002862,CUST01212,65.14,grocery,US,11,desktop,106.55,3,68,0
TXN002863,CUST00060,21.99,grocery,GB,13,mobile,614.14,8,27,0
TXN002864,CUST00915,11.52,travel,US,22,desktop,508.05,6,19,0
TXN002865,CUST01343,5.05,travel,AE,0,tablet,17.99,2,70,0
TXN002866,CUST00211,11.88,grocery,ET,21,mobile,171.88,2,35,0
TXN002867,CUST00406,37.15,travel,ET,15,desktop,305.71,6,57,0
TXN002868,CUST00664,138.01,electronics,US,14,desktop,34.18,3,41,0
TXN002869,CUST01133,101.67,retail,AE,0,mobile,24.65,2,40,0
TXN002870,CUST01100,41.64,grocery,US,22,mobile,54.14,2,58,0
TXN002871,CUST00542,23.97,retail,US,21,mobile,59.05,3,70,0
TXN002872,CUST01338,43.33,online,US,12,desktop,603.35,2,66,0
TXN002873,CUST00998,19.71,grocery,US,14,mobile,272.93,3,19,0
TXN002874,CUST01141,184.63,grocery,FR,16,mobile,11.09,3,58,0
TXN002875,CUST00927,27.41,online,US,8,mobile,277.93,2,51,0
TXN002876,CUST00868,30.38,restaurant,US,4,mobile,33.46,5,44,0
TXN002877,CUST00019,3.61,restaurant,GB,22,desktop,79.56,5,64,1
TXN002878,CUST00432,27.24,restaurant,IN,11,desktop,69.03,2,52,0
TXN002879,CUST00740,76.44,online,CA,16,mobile,57.24,5,70,0
TXN002880,CUST01374,11.38,online,DE,10,mobile,66.47,3,25,0
TXN002881,CUST00183,15.63,grocery,CA,10,desktop,252.58,0,75,0
TXN002882,CUST00113,73.16,online,ET,23,desktop,55.8,4,24,0
TXN002883,CUST01207,7.56,entertainment,IN,7,desktop,290.35,5,75,0
TXN002884,CUST00481,95.37,grocery,US,14,mobile,17.18,1,30,0
TXN002885,CUST01170,19.45,retail,US,1,desktop,162.77,3,29,0
TXN002886,CUST00831,22.45,online,AE,21,mobile,357.8,2,68,0
TXN002887,CUST01137,10.76,retail,IN,9,desktop,14.87,4,30,0
TXN002888,CUST00763,48.33,grocery,US,20,mobile,181.36,1,70,0
TXN002889,CUST00476,387.56,retail,CA,21,desktop,129.0,5,34,0
TXN002890,CUST00763,72.35,online,ET,13,mobile,72.61,1,74,0
TXN002891,CUST01327,13.95,online,US,4,mobile,19.1,6,32,0
TXN002892,CUST00971,103.09,online,US,16,mobile,203.13,3,31,0
TXN002893,CUST01020,24.13,grocery,GB,17,mobile,66.63,5,72,0
TXN002894,CUST01142,130.91,retail,US,18,mobile,74.5,1,36,0
TXN002895,CUST00161,74.19,online,US,6,mobile,227.59,2,52,0
TXN002896,CUST00401,1.75,grocery,IN,17,mobile,523.24,1,35,0
TXN002897,CUST00198,12.13,grocery,GB,11,mobile,73.07,2,34,0
TXN002898,CUST01284,85.15,grocery,NG,14,desktop,247.2,2,37,0
TXN002899,CUST00660,38.54,online,ET,13,desktop,564.75,2,42,0
TXN002900,CUST01071,11.9,online,GB,9,mobile,18.53,5,54,0
TXN002901,CUST00399,17.57,travel,AE,16,mobile,135.6,1,40,0
TXN002902,CUST00078,4.92,restaurant,US,0,mobile,2.02,6,40,0
TXN002903,CUST00124,30.31,online,GB,3,mobile,313.92,4,28,0
TXN002904,CUST00075,302.08,online,CA,8,mobile,60.86,2,63,0
TXN002905,CUST00137,74.06,grocery,CA,3,mobile,72.83,3,37,0
TXN002906,CUST00602,296.02,restaurant,US,18,desktop,209.24,2,24,0
TXN002907,CUST01424,80.03,grocery,US,23,desktop,280.21,2,40,0
TXN002908,CUST00837,92.53,retail,US,4,mobile,91.95,3,40,0
TXN002909,CUST00500,238.43,fuel,CA,17,desktop,197.13,4,44,0
TXN002910,CUST00138,48.29,retail,IN,14,mobile,563.7,1,38,0
TXN002911,CUST00050,27.46,restaurant,IN,19,mobile,392.31,2,38,0
TXN002912,CUST00973,93.01,retail,US,7,desktop,217.49,1,75,0
TXN002913,CUST00254,141.72,online,US,1,mobile,515.85,2,49,0
TXN002914,CUST00710,20.49,travel,US,12,desktop,375.66,1,67,0
TXN002915,CUST00563,16.09,restaurant,US,12,mobile,235.02,7,45,0
TXN002916,CUST00757,38.05,fuel,AE,13,desktop,448.54,3,54,0
TXN002917,CUST01450,76.06,retail,NG,14,mobile,306.07,4,19,0
TXN002918,CUST00547,73.56,restaurant,US,20,desktop,125.58,3,46,0
TXN002919,CUST01326,7.97,grocery,US,11,mobile,125.59,2,67,0
TXN002920,CUST00922,223.99,fuel,US,22,mobile,1.59,1,26,0
TXN002921,CUST00581,17.44,retail,US,4,desktop,5.53,5,52,0
TXN002922,CUST01373,25.4,fuel,ET,2,desktop,246.84,3,55,0
TXN002923,CUST00049,13.43,restaurant,GB,17,desktop,145.65,2,56,0
TXN002924,CUST00917,491.93,electronics,ET,2,mobile,257.6,5,64,1
TXN002925,CUST01098,42.19,electronics,CA,13,mobile,538.02,4,21,0
TXN002926,CUST00704,14.14,retail,US,1,mobile,108.44,3,39,0
TXN002927,CUST00261,78.56,fuel,US,17,mobile,16.67,2,40,0
TXN002928,CUST00356,71.46,online,US,12,desktop,177.3,2,23,0
TXN002929,CUST01284,27.45,restaurant,ET,1,desktop,18.91,2,53,0
TXN002930,CUST00638,76.75,retail,AE,11,tablet,174.78,2,37,0
TXN002931,CUST00743,14.51,online,FR,1,mobile,135.04,5,68,0
TXN002932,CUST01319,20.23,retail,US,7,mobile,224.2,3,22,0
TXN002933,CUST01010,4.44,online,FR,4,desktop,77.81,3,29,0
TXN002934,CUST00931,8.81,entertainment,US,10,desktop,27.96,2,18,0
TXN002935,CUST00641,201.87,entertainment,US,12,desktop,48.5,2,56,0
TXN002936,CUST00792,170.96,electronics,US,20,desktop,207.15,3,58,0
TXN002937,CUST01337,35.37,retail,US,16,desktop,117.07,2,20,0
TXN002938,CUST00612,174.68,grocery,ET,23,mobile,140.1,1,59,0
TXN002939,CUST00809,28.22,fuel,GB,15,desktop,70.21,1,60,0
TXN002940,CUST01206,25.96,retail,US,18,mobile,326.19,5,73,0
TXN002941,CUST00686,35.04,electronics,US,14,desktop,1352.68,6,38,0
TXN002942,CUST01388,29.23,online,US,17,desktop,67.37,1,19,0
TXN002943,CUST00188,26.7,online,US,5,mobile,228.27,6,49,0
TXN002944,CUST00985,103.9,fuel,US,3,desktop,33.78,4,46,0
TXN002945,CUST00548,38.48,retail,DE,3,mobile,244.16,0,64,0
TXN002946,CUST00725,67.52,online,US,12,mobile,101.45,3,45,0
TXN002947,CUST00926,92.89,entertainment,AE,8,mobile,167.34,5,50,0
TXN002948,CUST01432,48.82,restaurant,US,9,mobile,48.82,4,43,0
TXN002949,CUST00876,12.55,restaurant,US,13,mobile,343.48,2,32,0
TXN002950,CUST00618,8.56,travel,US,7,mobile,34.26,4,62,0
TXN002951,CUST00414,38.43,fuel,DE,2,mobile,475.12,4,43,0
TXN002952,CUST01366,27.9,restaurant,US,8,mobile,11.38,2,26,0
TXN002953,CUST01244,36.14,fuel,US,0,mobile,61.14,3,38,0
TXN002954,CUST00903,32.59,electronics,IN,14,desktop,148.99,4,37,0
TXN002955,CUST00163,438.59,entertainment,US,14,desktop,351.94,1,66,0
TXN002956,CUST01244,8.76,grocery,IN,6,tablet,154.88,4,44,0
TXN002957,CUST00270,4.53,fuel,US,14,mobile,43.83,4,59,0
TXN002958,CUST00632,46.17,online,FR,6,desktop,352.66,2,18,0
TXN002959,CUST00906,22.73,retail,US,12,mobile,163.21,5,26,0
TXN002960,CUST01424,45.43,fuel,US,11,mobile,47.6,2,75,0
TXN002961,CUST01206,59.38,entertainment,US,17,mobile,148.53,2,68,0
TXN002962,CUST00205,119.59,retail,US,6,mobile,202.47,5,55,0
TXN002963,CUST00582,7.34,fuel,FR,6,mobile,205.4,2,37,0
TXN002964,CUST00841,18.98,restaurant,NG,14,desktop,231.73,0,74,0
TXN002965,CUST01252,50.84,retail,US,8,desktop,406.95,2,36,0
TXN002966,CUST00596,71.55,fuel,US,5,tablet,313.55,2,61,0
TXN002967,CUST00250,296.92,electronics,US,8,desktop,168.43,6,28,0
TXN002968,CUST00875,86.12,fuel,GB,18,desktop,5.88,2,31,0
TXN002969,CUST01465,31.29,retail,US,23,mobile,249.19,3,42,0
TXN002970,CUST00196,13.59,retail,US,19,desktop,663.71,8,29,0
TXN002971,CUST00690,18.83,retail,GB,15,desktop,65.64,5,62,0
TXN002972,CUST01094,18.31,restaurant,US,15,mobile,168.06,3,24,0
TXN002973,CUST00639,63.77,electronics,US,0,desktop,263.5,2,20,0
TXN002974,CUST01423,42.82,grocery,US,22,mobile,183.44,0,56,0
TXN002975,CUST00672,8.81,restaurant,DE,12,desktop,460.46,3,33,0
TXN002976,CUST01227,21.42,retail,US,18,desktop,115.42,5,18,0
TXN002977,CUST01172,79.64,electronics,AE,3,desktop,136.61,3,32,1
TXN002978,CUST01496,47.07,online,US,18,tablet,7.02,2,61,0
TXN002979,CUST00944,58.48,fuel,US,21,desktop,414.86,1,28,0
TXN002980,CUST00199,48.57,entertainment,FR,9,mobile,54.76,6,18,0
TXN002981,CUST01450,168.41,restaurant,US,12,mobile,690.49,6,20,0
TXN002982,CUST00492,41.93,restaurant,US,0,mobile,40.64,6,39,0
TXN002983,CUST00896,22.51,travel,US,12,desktop,52.61,3,60,0
TXN002984,CUST00142,13.25,electronics,US,9,mobile,119.32,2,23,0
TXN002985,CUST01337,42.5,retail,GB,14,desktop,194.45,1,39,0
TXN002986,CUST00165,2.88,entertainment,US,14,mobile,104.58,1,62,0
TXN002987,CUST00314,27.54,travel,DE,6,desktop,78.04,3,67,0
TXN002988,CUST00021,26.95,retail,CA,13,mobile,139.81,4,45,0
TXN002989,CUST01106,8.46,electronics,GB,7,mobile,571.9,2,31,0
TXN002990,CUST01155,13.09,entertainment,ET,18,mobile,588.4,5,63,0
TXN002991,CUST00984,74.41,restaurant,GB,17,mobile,71.56,5,49,0
TXN002992,CUST00305,41.71,fuel,US,14,mobile,205.19,3,75,0
TXN002993,CUST00371,36.66,travel,US,8,desktop,230.37,2,46,1
TXN002994,CUST00853,44.99,grocery,US,11,mobile,190.73,4,22,0
TXN002995,CUST00384,36.33,restaurant,FR,20,desktop,21.59,3,61,0
TXN002996,CUST00445,114.76,electronics,FR,21,tablet,139.57,1,52,0
TXN002997,CUST00425,37.47,fuel,US,13,desktop,259.34,4,28,0
TXN002998,CUST00161,7.7,grocery,AE,1,mobile,40.35,1,18,1
TXN002999,CUST01202,169.04,online,CA,4,desktop,77.05,0,65,0
TXN003000,CUST00629,47.96,fuel,US,21,mobile,41.02,1,24,0
TXN003001,CUST00895,18.37,online,US,4,mobile,392.35,2,20,0
TXN003002,CUST00490,9.46,fuel,US,13,mobile,352.02,4,39,0
TXN003003,CUST01017,49.2,grocery,GB,3,mobile,33.37,3,48,0
TXN003004,CUST00327,29.45,online,US,23,desktop,257.29,1,20,0
TXN003005,CUST00598,159.84,retail,US,1,desktop,81.45,5,34,0
TXN003006,CUST01015,23.43,online,IN,0,mobile,208.6,3,35,0
TXN003007,CUST00289,14.33,online,DE,1,mobile,122.39,2,32,0
TXN003008,CUST00593,81.11,fuel,US,12,mobile,114.95,2,72,0
TXN003009,CUST00573,83.54,electronics,US,19,mobile,383.59,4,70,0
TXN003010,CUST01378,39.2,fuel,US,16,mobile,182.39,5,55,0
TXN003011,CUST00028,65.13,retail,IN,12,mobile,48.4,7,52,0
TXN003012,CUST00954,31.89,grocery,IN,16,desktop,21.13,6,33,0
TXN003013,CUST00043,41.84,retail,GB,4,desktop,487.65,5,58,0
TXN003014,CUST00423,106.16,restaurant,US,23,mobile,29.97,0,47,0
TXN003015,CUST00177,61.89,travel,US,7,tablet,238.42,3,52,0
TXN003016,CUST00529,27.96,retail,US,21,mobile,123.28,3,69,0
TXN003017,CUST00966,128.04,entertainment,US,21,desktop,27.16,6,34,0
TXN003018,CUST00198,3.11,retail,US,11,mobile,269.83,2,32,0
TXN003019,CUST00610,257.77,retail,DE,8,desktop,422.72,2,59,0
TXN003020,CUST00842,6.01,travel,US,17,mobile,23.32,2,67,0
TXN003021,CUST00853,17.69,online,US,15,desktop,12.5,5,44,0
TXN003022,CUST00022,31.79,electronics,FR,18,mobile,341.3,5,18,0
TXN003023,CUST01136,28.6,electronics,US,21,mobile,125.11,4,47,0
TXN003024,CUST01081,90.6,travel,AE,7,desktop,202.05,5,47,0
TXN003025,CUST01090,11.5,fuel,US,6,desktop,104.84,6,22,0
TXN003026,CUST00842,42.98,travel,US,23,mobile,95.72,4,18,0
TXN003027,CUST00098,18.57,entertainment,US,20,mobile,64.11,3,21,0
TXN003028,CUST01168,44.48,fuel,IN,8,mobile,148.98,0,28,0
TXN003029,CUST00435,31.04,grocery,CA,21,mobile,31.34,4,75,0
TXN003030,CUST00637,36.34,online,US,11,mobile,227.36,4,30,0
TXN003031,CUST01110,19.11,travel,US,13,mobile,143.5,1,27,0
TXN003032,CUST00588,19.88,travel,DE,9,desktop,338.53,5,61,0
TXN003033,CUST00344,44.14,entertainment,US,15,mobile,456.93,2,70,0
TXN003034,CUST01318,85.09,online,IN,1,desktop,415.52,2,41,0
TXN003035,CUST00571,18.21,retail,IN,5,desktop,165.49,1,37,0
TXN003036,CUST00611,13.89,fuel,DE,10,desktop,69.08,4,35,0
TXN003037,CUST00243,61.16,online,IN,3,mobile,79.54,0,40,0
TXN003038,CUST00561,32.06,fuel,US,4,tablet,190.28,4,58,0
TXN003039,CUST00960,75.98,grocery,US,4,desktop,224.04,3,59,0
TXN003040,CUST00032,13.39,grocery,US,16,mobile,31.66,5,60,0
TXN003041,CUST00391,5.59,grocery,US,4,desktop,1114.13,3,52,0
TXN003042,CUST00277,19.43,travel,IN,10,mobile,20.47,3,61,0
TXN003043,CUST00532,15.39,restaurant,US,8,desktop,168.15,2,44,0
TXN003044,CUST01178,30.61,retail,AE,14,mobile,136.3,2,32,0
TXN003045,CUST00383,17.52,online,FR,23,desktop,160.92,2,41,0
TXN003046,CUST01092,69.48,fuel,US,23,desktop,137.35,0,47,0
TXN003047,CUST00884,24.82,restaurant,US,2,mobile,10.74,3,18,0
TXN003048,CUST00214,38.49,restaurant,US,15,desktop,990.54,3,58,0
TXN003049,CUST00376,38.77,electronics,US,8,desktop,716.04,3,20,0
TXN003050,CUST00744,40.24,fuel,US,22,mobile,133.75,5,56,0
TXN003051,CUST00213,32.33,travel,US,5,tablet,42.05,2,41,0
TXN003052,CUST00079,55.18,online,CA,8,mobile,36.37,1,49,0
TXN003053,CUST00628,14.94,online,FR,21,desktop,10.57,1,21,0
TXN003054,CUST00604,134.21,fuel,US,18,desktop,170.35,1,51,0
TXN003055,CUST00782,26.14,grocery,US,5,mobile,117.1,2,18,0
TXN003056,CUST01405,8.92,fuel,ET,10,mobile,96.91,5,38,0
TXN003057,CUST01001,39.97,online,US,1,mobile,134.08,3,25,0
TXN003058,CUST00680,14.14,fuel,US,17,desktop,371.23,8,63,0
TXN003059,CUST00058,64.41,restaurant,FR,6,mobile,13.2,2,29,0
TXN003060,CUST01050,301.75,electronics,IN,23,mobile,141.38,5,18,0
TXN003061,CUST00881,15.08,restaurant,NG,22,mobile,217.33,5,39,0
TXN003062,CUST00447,46.17,retail,US,20,mobile,635.36,1,31,0
TXN003063,CUST00066,5.72,travel,US,3,mobile,242.26,0,42,0
TXN003064,CUST01278,52.14,retail,US,23,mobile,142.98,6,45,0
TXN003065,CUST01068,13.66,travel,IN,6,tablet,262.03,3,25,0
TXN003066,CUST01121,17.73,restaurant,US,16,desktop,1049.17,1,57,0
TXN003067,CUST01012,11.01,travel,US,3,desktop,395.25,3,54,0
TXN003068,CUST00227,68.87,grocery,NG,12,desktop,16.8,5,42,1
TXN003069,CUST00774,90.68,retail,IN,19,mobile,153.95,5,72,0
TXN003070,CUST00679,33.9,entertainment,DE,18,desktop,277.92,3,40,0
TXN003071,CUST01460,13.95,fuel,US,3,mobile,200.59,1,61,0
TXN003072,CUST00601,162.31,online,US,12,mobile,97.11,1,54,0
TXN003073,CUST00379,15.64,online,ET,0,mobile,70.07,2,58,0
TXN003074,CUST01202,3.81,retail,CA,1,mobile,177.51,6,33,0
TXN003075,CUST01451,52.37,restaurant,US,6,mobile,95.7,4,21,0
TXN003076,CUST00709,10.97,fuel,US,22,desktop,89.56,4,55,0
TXN003077,CUST00307,89.0,online,AE,16,tablet,326.24,3,53,0
TXN003078,CUST00779,22.62,retail,US,6,desktop,68.27,3,50,0
TXN003079,CUST00504,60.56,entertainment,DE,21,mobile,186.38,3,62,0
TXN003080,CUST00268,134.49,retail,US,12,desktop,372.06,1,62,0
TXN003081,CUST00008,9.89,online,US,16,desktop,175.01,3,66,0
TXN003082,CUST00508,18.8,restaurant,IN,0,mobile,122.19,4,47,0
TXN003083,CUST00476,30.7,travel,US,1,mobile,6.47,3,62,0
TXN003084,CUST01321,154.09,fuel,GB,5,mobile,205.98,2,74,0
TXN003085,CUST00164,17.14,fuel,US,11,mobile,1080.35,1,28,0
TXN003086,CUST00485,18.27,grocery,US,12,desktop,297.45,2,67,0
TXN003087,CUST01096,53.42,travel,ET,19,desktop,181.15,4,64,0
TXN003088,CUST00567,18.59,restaurant,AE,19,mobile,113.99,3,30,0
TXN003089,CUST00905,38.57,retail,GB,21,desktop,45.72,1,72,0
TXN003090,CUST00559,7.02,grocery,US,8,desktop,212.04,5,61,0
TXN003091,CUST00238,303.18,fuel,US,16,desktop,35.13,3,21,0
TXN003092,CUST01128,8.6,restaurant,NG,17,mobile,392.54,2,41,0
TXN003093,CUST01234,24.0,electronics,US,7,mobile,78.65,4,50,0
TXN003094,CUST00554,32.06,retail,ET,7,mobile,91.89,5,50,0
TXN003095,CUST00828,224.23,restaurant,US,10,desktop,43.81,0,29,0
TXN003096,CUST00468,8.8,grocery,IN,21,desktop,118.28,4,38,0
TXN003097,CUST01478,240.74,grocery,NG,21,mobile,205.35,1,50,0
TXN003098,CUST01292,70.61,travel,US,7,mobile,64.92,7,63,0
TXN003099,CUST00386,50.25,online,FR,17,desktop,217.82,2,50,0
TXN003100,CUST00775,12.37,restaurant,US,17,mobile,174.44,3,26,0
TXN003101,CUST00848,58.62,fuel,US,12,mobile,83.85,3,48,0
TXN003102,CUST00387,16.06,grocery,US,0,mobile,67.52,2,75,0
TXN003103,CUST00877,117.53,retail,CA,14,mobile,355.62,3,47,0
TXN003104,CUST00259,12.54,entertainment,US,21,mobile,2.16,5,33,0
TXN003105,CUST00283,29.57,retail,CA,5,mobile,226.52,4,29,0
TXN003106,CUST00040,19.01,retail,US,5,desktop,97.2,3,71,0
TXN003107,CUST00486,12.34,electronics,US,12,tablet,227.66,2,65,0
TXN003108,CUST00929,69.5,electronics,CA,1,mobile,127.49,4,26,0
TXN003109,CUST00220,56.57,fuel,US,22,mobile,15.77,6,52,0
TXN003110,CUST01153,110.94,grocery,GB,18,mobile,723.65,2,70,0
TXN003111,CUST01015,5.59,restaurant,GB,16,mobile,16.2,4,60,0
TXN003112,CUST01024,95.98,grocery,NG,0,desktop,31.05,6,23,0
TXN003113,CUST00613,405.63,travel,US,13,mobile,98.15,6,42,0
TXN003114,CUST00928,21.08,online,US,15,mobile,520.85,1,73,0
TXN003115,CUST00688,220.33,restaurant,GB,14,desktop,62.43,4,45,0
TXN003116,CUST00613,25.45,grocery,GB,8,desktop,151.36,4,40,0
TXN003117,CUST00260,8.39,fuel,US,18,mobile,132.65,2,46,0
TXN003118,CUST00990,24.39,grocery,GB,7,mobile,72.13,3,39,0
TXN003119,CUST00966,94.46,retail,US,14,mobile,214.53,2,75,0
TXN003120,CUST00366,14.32,restaurant,US,9,mobile,125.29,1,75,0
TXN003121,CUST00544,18.17,fuel,GB,22,mobile,155.42,1,41,0
TXN003122,CUST00649,59.95,travel,US,1,desktop,42.47,2,37,0
TXN003123,CUST00814,33.22,grocery,US,17,mobile,470.0,1,44,0
TXN003124,CUST01040,59.42,travel,US,19,desktop,21.09,1,56,0
TXN003125,CUST01153,42.01,online,US,1,desktop,210.97,1,50,0
TXN003126,CUST00575,53.5,retail,CA,20,mobile,390.72,1,36,0
TXN003127,CUST01133,21.49,fuel,US,11,mobile,15.8,3,43,0
TXN003128,CUST01013,41.75,grocery,IN,9,desktop,5.25,0,55,0
TXN003129,CUST00670,13.1,restaurant,DE,11,mobile,72.94,4,20,0
TXN003130,CUST00269,120.11,restaurant,US,6,mobile,280.87,2,40,0
TXN003131,CUST01186,17.56,grocery,US,1,mobile,227.45,5,62,0
TXN003132,CUST01284,102.4,travel,US,0,desktop,310.83,2,44,0
TXN003133,CUST00924,26.22,retail,GB,1,mobile,91.2,4,44,0
TXN003134,CUST01126,40.53,online,US,22,mobile,913.79,3,27,0
TXN003135,CUST00247,20.19,fuel,US,20,tablet,82.06,3,41,0
TXN003136,CUST00131,11.99,fuel,US,16,desktop,294.61,4,73,0
TXN003137,CUST00353,5.78,entertainment,CA,19,desktop,77.76,0,66,0
TXN003138,CUST00196,11.53,restaurant,GB,7,desktop,44.36,1,69,0
TXN003139,CUST00930,23.95,fuel,GB,20,mobile,73.89,1,54,0
TXN003140,CUST01406,40.93,retail,AE,11,tablet,38.53,3,58,0
TXN003141,CUST01022,90.96,grocery,US,1,mobile,24.88,4,19,0
TXN003142,CUST00645,21.21,electronics,GB,8,desktop,81.45,3,51,0
TXN003143,CUST00227,13.71,retail,US,16,mobile,28.58,1,39,0
TXN003144,CUST00701,7.82,entertainment,US,16,desktop,125.61,1,66,0
TXN003145,CUST01500,53.52,restaurant,CA,9,desktop,6.49,3,67,0
TXN003146,CUST00265,132.05,online,US,12,desktop,101.6,3,19,0
TXN003147,CUST01396,117.49,electronics,US,4,tablet,570.64,2,45,0
TXN003148,CUST01458,67.35,travel,AE,13,tablet,80.01,4,58,0
TXN003149,CUST00646,62.71,electronics,US,13,mobile,26.66,1,57,0
TXN003150,CUST00211,180.84,restaurant,US,14,mobile,65.54,1,59,0
TXN003151,CUST01401,46.16,fuel,IN,21,desktop,282.02,4,41,0
TXN003152,CUST01419,63.19,fuel,US,4,tablet,67.75,4,55,0
TXN003153,CUST01474,24.03,retail,DE,21,mobile,87.06,3,57,0
TXN003154,CUST00943,8.48,grocery,AE,5,mobile,279.88,3,39,1
TXN003155,CUST01388,16.71,entertainment,US,8,desktop,54.34,2,20,0
TXN003156,CUST00457,32.81,restaurant,US,8,mobile,117.12,3,75,0
TXN003157,CUST00725,35.19,electronics,FR,20,desktop,11.75,4,59,0
TXN003158,CUST01250,227.3,retail,FR,3,mobile,34.42,6,54,0
TXN003159,CUST00982,35.92,travel,US,0,desktop,42.3,2,19,0
TXN003160,CUST01155,107.65,restaurant,US,21,tablet,112.11,5,74,0
TXN003161,CUST00588,21.43,grocery,US,22,mobile,309.65,6,40,0
TXN003162,CUST00476,24.25,travel,AE,22,mobile,78.79,1,30,0
TXN003163,CUST00986,8.77,fuel,US,14,desktop,86.19,1,32,0
TXN003164,CUST01301,15.76,retail,IN,13,mobile,64.46,2,50,0
TXN003165,CUST00156,56.09,entertainment,IN,0,desktop,69.55,4,62,0
TXN003166,CUST01242,33.37,retail,ET,5,mobile,93.0,1,70,0
TXN003167,CUST00190,85.02,fuel,GB,7,desktop,413.39,7,30,0
TXN003168,CUST01441,39.7,retail,US,2,tablet,4.44,2,37,1
TXN003169,CUST00981,23.28,grocery,US,16,mobile,176.35,6,24,0
TXN003170,CUST00546,283.81,retail,CA,22,tablet,393.56,4,73,0
TXN003171,CUST00041,30.15,electronics,US,19,mobile,97.11,5,30,0
TXN003172,CUST00307,105.95,retail,US,4,desktop,189.44,3,56,0
TXN003173,CUST00943,22.17,grocery,GB,17,mobile,158.62,0,21,0
TXN003174,CUST00338,67.33,fuel,US,6,mobile,74.42,2,63,0
TXN003175,CUST01338,83.77,fuel,FR,16,desktop,26.61,6,44,0
TXN003176,CUST01099,40.79,retail,US,14,mobile,44.63,5,49,0
TXN003177,CUST00953,3.14,fuel,US,19,mobile,10.65,3,19,0
TXN003178,CUST00279,33.73,electronics,US,23,mobile,260.46,3,32,0
TXN003179,CUST01200,113.35,online,IN,15,desktop,136.98,0,22,0
TXN003180,CUST00896,56.12,electronics,ET,12,mobile,277.21,3,20,0
TXN003181,CUST00273,51.72,restaurant,US,6,mobile,61.7,5,33,0
TXN003182,CUST00837,5.92,restaurant,US,14,desktop,293.95,1,66,0
TXN003183,CUST00620,16.11,restaurant,IN,22,mobile,66.58,3,43,0
TXN003184,CUST00862,49.97,online,US,22,mobile,23.28,2,23,0
TXN003185,CUST00931,49.92,retail,US,4,desktop,137.37,3,52,0
TXN003186,CUST00289,111.57,retail,US,11,desktop,523.05,2,55,0
TXN003187,CUST00724,28.65,grocery,CA,9,mobile,96.32,4,37,0
TXN003188,CUST00893,49.69,grocery,US,18,desktop,130.39,0,39,0
TXN003189,CUST00272,33.66,restaurant,US,9,mobile,108.03,1,38,0
TXN003190,CUST01090,12.34,restaurant,CA,6,desktop,110.06,4,49,0
TXN003191,CUST00483,3.47,grocery,US,23,mobile,43.43,1,18,0
TXN003192,CUST00936,50.96,electronics,CA,22,mobile,98.82,8,65,0
TXN003193,CUST00248,39.41,online,US,21,mobile,123.65,0,40,0
TXN003194,CUST00156,17.85,online,US,14,desktop,245.87,3,35,0
TXN003195,CUST01071,6.56,online,US,8,mobile,27.11,2,34,0
TXN003196,CUST00454,62.16,electronics,GB,5,tablet,152.59,4,54,0
TXN003197,CUST00201,25.38,fuel,US,20,tablet,195.35,5,48,0
TXN003198,CUST00124,57.79,entertainment,US,10,tablet,86.86,3,46,0
TXN003199,CUST00001,213.59,electronics,CA,5,mobile,143.4,6,71,0
TXN003200,CUST00968,3.89,grocery,CA,19,desktop,223.28,2,30,1
TXN003201,CUST00855,16.45,restaurant,US,14,mobile,112.62,2,19,0
TXN003202,CUST00640,26.86,grocery,US,12,mobile,72.99,5,26,0
TXN003203,CUST00191,141.86,travel,US,5,mobile,313.43,1,49,0
TXN003204,CUST00516,6.45,grocery,GB,19,mobile,808.8,2,39,0
TXN003205,CUST00442,229.49,travel,CA,20,desktop,43.95,6,59,0
TXN003206,CUST00143,37.93,restaurant,FR,14,tablet,396.32,1,35,0
TXN003207,CUST01215,30.08,fuel,FR,5,mobile,141.91,6,35,0
TXN003208,CUST00533,27.17,grocery,AE,15,mobile,106.93,3,36,0
TXN003209,CUST00227,21.41,online,US,0,tablet,402.56,3,62,0
TXN003210,CUST01337,94.45,grocery,US,5,mobile,434.11,0,55,0
TXN003211,CUST00949,11.38,grocery,AE,15,tablet,57.3,1,48,0
TXN003212,CUST01326,46.78,retail,US,21,desktop,79.87,1,46,0
TXN003213,CUST00460,22.55,fuel,US,0,mobile,343.81,3,41,0
TXN003214,CUST01425,15.45,grocery,US,6,desktop,121.49,1,50,0
TXN003215,CUST00551,439.65,fuel,NG,9,desktop,61.15,2,67,1
TXN003216,CUST00393,50.35,online,US,20,desktop,589.47,1,36,0
TXN003217,CUST00845,61.15,travel,US,7,mobile,44.04,5,33,0
TXN003218,CUST01231,103.31,electronics,DE,20,desktop,169.65,5,68,0
TXN003219,CUST00210,7.99,retail,US,4,mobile,100.52,9,49,0
TXN003220,CUST01139,191.0,restaurant,IN,17,desktop,108.04,1,38,0
TXN003221,CUST00646,2.69,electronics,US,3,desktop,20.17,1,47,0
TXN003222,CUST01275,15.35,restaurant,GB,19,mobile,53.5,1,24,0
TXN003223,CUST00219,20.93,fuel,US,15,desktop,32.89,0,55,0
TXN003224,CUST00407,59.25,retail,ET,9,mobile,249.26,3,29,0
TXN003225,CUST01467,41.21,entertainment,NG,15,mobile,215.37,1,45,0
TXN003226,CUST01378,28.03,entertainment,ET,7,mobile,284.47,0,31,0
TXN003227,CUST00888,32.72,retail,AE,18,mobile,216.27,3,24,0
TXN003228,CUST00558,12.45,fuel,US,0,mobile,24.8,2,34,0
TXN003229,CUST00550,7.41,fuel,IN,22,mobile,691.92,3,40,0
TXN003230,CUST00142,68.48,retail,CA,8,mobile,37.6,3,30,0
TXN003231,CUST00612,66.27,grocery,AE,5,mobile,77.67,5,37,1
TXN003232,CUST00501,161.5,online,GB,12,mobile,220.89,3,75,0
TXN003233,CUST00840,15.03,fuel,US,12,mobile,27.24,4,22,0
TXN003234,CUST00702,66.21,retail,CA,17,desktop,33.65,1,23,0
TXN003235,CUST00596,24.94,retail,US,13,mobile,376.58,3,30,0
TXN003236,CUST00281,108.9,entertainment,DE,1,desktop,72.63,4,59,0
TXN003237,CUST00424,92.02,retail,US,15,mobile,197.17,2,20,0
TXN003238,CUST00856,40.9,online,US,16,desktop,352.3,3,70,0
TXN003239,CUST00270,23.58,grocery,IN,21,desktop,651.49,3,48,0
TXN003240,CUST00154,86.57,grocery,NG,15,mobile,42.5,2,20,0
TXN003241,CUST00614,63.24,online,NG,13,mobile,23.61,4,25,0
TXN003242,CUST00662,16.7,travel,ET,12,desktop,242.98,6,24,0
TXN003243,CUST00083,8.78,travel,DE,15,mobile,37.53,2,67,0
TXN003244,CUST00947,24.82,electronics,GB,23,mobile,156.23,2,63,0
TXN003245,CUST00899,150.72,retail,US,0,desktop,136.92,3,24,0
TXN003246,CUST01450,104.22,electronics,NG,16,desktop,147.75,2,28,0
TXN003247,CUST01299,10.89,retail,NG,0,mobile,188.86,5,41,0
TXN003248,CUST00284,10.3,retail,FR,9,desktop,342.56,3,38,0
TXN003249,CUST00980,118.47,travel,IN,4,desktop,57.1,3,37,0
TXN003250,CUST00173,10.64,travel,CA,6,mobile,145.84,4,46,0
TXN003251,CUST01351,55.11,fuel,US,3,mobile,73.89,6,59,0
TXN003252,CUST01087,17.88,fuel,IN,0,desktop,69.08,2,27,0
TXN003253,CUST01097,166.84,restaurant,US,0,mobile,3.71,4,66,0
TXN003254,CUST00763,15.33,grocery,GB,9,desktop,164.66,3,33,0
TXN003255,CUST01399,103.89,restaurant,US,2,mobile,646.88,5,27,0
TXN003256,CUST00633,39.84,grocery,GB,4,mobile,257.83,2,55,0
TXN003257,CUST00787,42.61,restaurant,DE,12,mobile,50.06,1,50,0
TXN003258,CUST00943,4.62,restaurant,CA,20,tablet,226.66,4,75,0
TXN003259,CUST01012,3.66,online,US,8,desktop,63.51,6,22,0
TXN003260,CUST00398,26.56,retail,US,7,desktop,252.18,1,29,0
TXN003261,CUST01144,42.39,fuel,GB,10,desktop,347.5,2,25,0
TXN003262,CUST00934,10.75,retail,NG,23,mobile,73.25,3,23,0
TXN003263,CUST01461,11.15,entertainment,US,13,desktop,0.39,1,40,0
TXN003264,CUST00676,58.06,fuel,US,7,mobile,65.5,0,65,0
TXN003265,CUST00936,58.14,electronics,US,23,desktop,41.49,1,59,0
TXN003266,CUST00465,28.85,restaurant,IN,23,desktop,173.51,3,20,0
TXN003267,CUST00286,72.26,entertainment,GB,20,mobile,61.67,3,74,0
TXN003268,CUST00265,10.23,retail,IN,9,desktop,6.61,2,55,0
TXN003269,CUST00320,23.2,travel,CA,2,desktop,136.42,2,46,0
TXN003270,CUST00673,172.07,grocery,US,3,mobile,373.85,2,51,0
TXN003271,CUST01400,35.46,entertainment,ET,22,desktop,108.05,1,21,0
TXN003272,CUST00820,37.57,restaurant,US,11,desktop,84.97,2,24,0
TXN003273,CUST00089,332.27,grocery,US,8,desktop,35.4,3,38,0
TXN003274,CUST01227,8.17,entertainment,US,10,mobile,88.2,2,61,0
TXN003275,CUST00821,73.44,online,US,10,mobile,72.33,4,27,0
TXN003276,CUST01001,174.86,fuel,US,15,tablet,950.95,2,49,0
TXN003277,CUST00334,23.93,retail,US,12,desktop,5.57,1,42,0
TXN003278,CUST00222,78.23,online,US,13,desktop,49.13,4,30,0
TXN003279,CUST00041,12.4,travel,US,6,mobile,12.8,0,38,0
TXN003280,CUST00068,16.66,restaurant,ET,11,mobile,350.61,3,36,1
TXN003281,CUST00988,48.67,restaurant,US,23,tablet,97.22,2,25,0
TXN003282,CUST00514,73.59,entertainment,US,18,mobile,286.37,5,66,0
TXN003283,CUST01151,101.59,travel,US,7,tablet,212.07,3,57,0
TXN003284,CUST01279,159.12,grocery,CA,3,mobile,473.68,6,67,0
TXN003285,CUST00695,30.96,grocery,CA,21,mobile,4.33,3,37,0
TXN003286,CUST01040,109.25,travel,AE,16,mobile,41.83,4,25,0
TXN003287,CUST00477,23.52,travel,ET,1,mobile,217.94,5,33,0
TXN003288,CUST01086,81.62,online,US,22,desktop,158.4,4,65,0
TXN003289,CUST00881,40.75,travel,US,21,tablet,213.54,4,73,0
TXN003290,CUST00432,51.71,grocery,US,12,mobile,154.22,6,45,0
TXN003291,CUST00268,50.58,travel,IN,20,mobile,156.59,4,27,0
TXN003292,CUST01059,6.65,retail,GB,6,desktop,485.41,2,62,0
TXN003293,CUST00779,10.76,grocery,US,17,desktop,457.56,2,38,0
TXN003294,CUST00494,36.69,fuel,US,9,mobile,6.97,4,71,0
TXN003295,CUST01493,6.13,online,US,3,mobile,96.1,4,54,0
TXN003296,CUST00661,76.04,fuel,US,20,mobile,128.61,1,61,0
TXN003297,CUST01349,79.17,grocery,ET,7,desktop,79.74,3,32,0
TXN003298,CUST01328,45.93,retail,CA,21,mobile,9.15,3,23,0
TXN003299,CUST01300,10.79,online,CA,21,desktop,115.06,3,58,0
TXN003300,CUST01013,131.65,entertainment,US,20,mobile,669.08,2,52,0
TXN003301,CUST01225,253.97,restaurant,US,12,desktop,13.49,3,73,0
TXN003302,CUST01469,38.36,fuel,CA,13,mobile,305.37,2,72,0
TXN003303,CUST01348,55.18,entertainment,DE,20,mobile,39.19,5,38,0
TXN003304,CUST01059,40.52,electronics,US,16,desktop,154.78,3,34,0
TXN003305,CUST00977,56.28,electronics,US,11,desktop,88.1,4,43,0
TXN003306,CUST00482,29.38,online,AE,3,mobile,77.27,0,27,1
TXN003307,CUST00728,31.99,grocery,US,8,tablet,367.81,4,51,0
TXN003308,CUST00480,81.92,fuel,US,14,desktop,653.34,3,24,0
TXN003309,CUST01089,345.72,grocery,US,14,mobile,87.99,1,49,0
TXN003310,CUST01032,8.17,restaurant,DE,17,desktop,184.12,4,21,0
TXN003311,CUST01325,29.85,fuel,US,5,desktop,146.32,2,27,0
TXN003312,CUST00343,10.17,grocery,GB,1,desktop,14.41,5,56,0
TXN003313,CUST01455,162.72,retail,US,8,tablet,7.57,4,61,0
TXN003314,CUST01448,18.4,retail,US,4,desktop,267.23,0,32,0
TXN003315,CUST00332,7.82,online,DE,11,mobile,90.32,2,73,0
TXN003316,CUST00438,62.69,entertainment,GB,4,desktop,66.16,3,65,0
TXN003317,CUST00174,189.49,retail,NG,11,desktop,763.08,2,52,0
TXN003318,CUST00559,64.3,restaurant,US,14,desktop,16.03,5,50,0
TXN003319,CUST00527,40.64,entertainment,US,1,mobile,56.42,2,42,0
TXN003320,CUST00659,49.86,restaurant,DE,10,tablet,349.83,3,64,0
TXN003321,CUST00026,136.3,electronics,US,22,mobile,96.51,1,64,0
TXN003322,CUST00820,13.82,online,US,23,desktop,157.98,3,28,0
TXN003323,CUST00605,29.61,fuel,US,18,mobile,8.93,2,51,0
TXN003324,CUST00406,21.06,grocery,US,16,desktop,455.29,4,53,0
TXN003325,CUST00232,10.3,restaurant,US,17,mobile,26.5,3,34,0
TXN003326,CUST00533,23.85,online,IN,9,desktop,43.2,3,29,0
TXN003327,CUST00505,100.26,electronics,ET,4,mobile,30.7,3,33,0
TXN003328,CUST00179,58.36,fuel,IN,20,desktop,123.87,5,50,1
TXN003329,CUST00132,63.07,online,IN,16,mobile,305.54,3,72,0
TXN003330,CUST01479,38.34,restaurant,US,0,desktop,55.89,0,43,0
TXN003331,CUST00348,55.89,grocery,US,12,mobile,27.63,6,27,0
TXN003332,CUST00540,14.87,online,CA,1,mobile,94.95,2,30,0
TXN003333,CUST00772,24.3,travel,NG,16,mobile,719.71,1,35,0
TXN003334,CUST01430,40.13,grocery,US,14,tablet,2.0,3,38,0
TXN003335,CUST00076,43.71,restaurant,US,7,desktop,126.21,3,64,0
TXN003336,CUST00579,45.61,restaurant,US,1,mobile,199.21,4,59,0
TXN003337,CUST00854,28.84,grocery,US,7,tablet,295.85,1,40,0
TXN003338,CUST00194,22.7,online,US,4,desktop,246.81,2,64,0
TXN003339,CUST01186,778.81,fuel,US,16,mobile,13.92,0,40,0
TXN003340,CUST00347,82.01,online,NG,3,desktop,111.54,1,53,1
TXN003341,CUST00951,50.06,entertainment,US,11,mobile,14.76,1,22,0
TXN003342,CUST01385,26.23,grocery,IN,17,mobile,174.1,3,56,0
TXN003343,CUST01111,21.09,travel,US,5,desktop,14.43,0,62,0
TXN003344,CUST01286,29.06,online,IN,4,mobile,8.93,1,32,0
TXN003345,CUST00214,44.38,fuel,US,18,mobile,65.76,1,41,0
TXN003346,CUST00573,5.05,fuel,DE,4,desktop,502.94,3,29,0
TXN003347,CUST00780,6.89,fuel,US,9,tablet,222.82,3,36,0
TXN003348,CUST00262,17.52,online,GB,22,mobile,0.73,3,50,0
TXN003349,CUST00730,40.74,grocery,NG,18,mobile,60.32,3,75,0
TXN003350,CUST00283,26.07,fuel,US,3,desktop,3.18,3,42,1
TXN003351,CUST01491,145.2,fuel,US,12,desktop,62.74,2,67,0
TXN003352,CUST01404,7.52,retail,US,12,tablet,208.21,5,55,0
TXN003353,CUST00362,15.62,fuel,US,16,mobile,256.72,3,30,0
TXN003354,CUST01473,151.43,fuel,US,17,desktop,293.43,3,41,0
TXN003355,CUST00441,37.76,online,GB,18,mobile,433.41,1,56,0
TXN003356,CUST00093,80.23,retail,US,22,desktop,81.97,4,20,0
TXN003357,CUST00753,257.56,retail,GB,22,mobile,357.27,6,70,0
TXN003358,CUST00867,16.55,fuel,AE,16,desktop,234.13,2,29,0
TXN003359,CUST01448,29.98,online,GB,2,mobile,138.9,7,54,0
TXN003360,CUST00142,25.22,grocery,US,12,desktop,556.73,1,19,0
TXN003361,CUST01315,4.69,fuel,CA,12,mobile,531.28,0,37,0
TXN003362,CUST01456,24.28,fuel,US,2,desktop,410.2,2,57,0
TXN003363,CUST00749,79.92,fuel,US,1,desktop,40.67,2,51,0
TXN003364,CUST00653,56.86,grocery,US,14,mobile,41.95,3,39,0
TXN003365,CUST00701,61.5,online,IN,2,mobile,416.28,4,32,0
TXN003366,CUST00998,22.75,restaurant,FR,21,mobile,91.32,7,50,0
TXN003367,CUST00049,17.18,fuel,US,15,mobile,287.41,1,19,0
TXN003368,CUST01326,117.83,restaurant,US,9,mobile,209.05,5,52,0
TXN003369,CUST00881,20.14,fuel,US,19,mobile,258.66,3,51,0
TXN003370,CUST01214,44.44,restaurant,IN,1,desktop,4.79,3,44,1
TXN003371,CUST01160,38.99,grocery,IN,14,desktop,101.17,2,48,0
TXN003372,CUST00555,142.84,online,US,7,mobile,350.2,2,30,0
TXN003373,CUST00404,87.48,grocery,US,12,mobile,121.18,4,70,0
TXN003374,CUST00892,9.07,online,CA,0,desktop,210.89,4,47,0
TXN003375,CUST00865,10.1,retail,US,23,mobile,253.87,2,43,0
TXN003376,CUST00602,59.08,retail,US,1,mobile,23.17,4,41,0
TXN003377,CUST00341,31.05,restaurant,GB,8,mobile,30.47,1,74,0
TXN003378,CUST00704,21.01,entertainment,US,19,mobile,232.09,1,18,0
TXN003379,CUST00318,91.43,electronics,GB,19,mobile,10.1,4,68,0
TXN003380,CUST00618,39.94,retail,US,22,desktop,75.31,2,55,0
TXN003381,CUST01387,34.9,entertainment,DE,18,mobile,450.37,2,55,0
TXN003382,CUST00382,72.23,grocery,GB,11,tablet,153.75,1,56,0
TXN003383,CUST00233,22.76,electronics,US,11,desktop,434.39,1,39,0
TXN003384,CUST01368,158.94,electronics,DE,9,desktop,66.64,3,27,0
TXN003385,CUST00817,15.06,entertainment,US,18,mobile,182.22,1,63,0
TXN003386,CUST00553,63.88,electronics,US,19,mobile,60.82,6,44,0
TXN003387,CUST00856,138.91,fuel,US,9,mobile,21.2,6,59,0
TXN003388,CUST00819,8.35,online,US,18,mobile,841.9,2,19,0
TXN003389,CUST00183,23.49,retail,US,23,tablet,34.9,1,75,0
TXN003390,CUST01065,103.77,retail,DE,8,mobile,37.59,3,36,0
TXN003391,CUST00397,105.35,electronics,US,4,desktop,332.04,6,67,0
TXN003392,CUST00779,27.9,fuel,US,2,desktop,291.72,3,69,0
TXN003393,CUST00907,15.88,entertainment,ET,22,desktop,685.62,1,28,0
TXN003394,CUST01357,86.14,retail,GB,18,mobile,13.4,3,64,0
TXN003395,CUST00127,108.15,grocery,US,21,desktop,17.79,2,31,1
TXN003396,CUST00001,10.33,restaurant,US,3,tablet,107.19,3,74,0
TXN003397,CUST01192,9.94,restaurant,US,22,mobile,161.26,2,64,0
TXN003398,CUST00019,41.48,travel,US,13,mobile,6.98,4,50,0
TXN003399,CUST01356,62.14,grocery,NG,5,mobile,31.04,2,61,1
TXN003400,CUST00584,24.56,travel,US,12,mobile,218.73,3,58,0
TXN003401,CUST00456,65.32,fuel,CA,6,mobile,198.76,1,35,0
TXN003402,CUST00957,16.28,travel,IN,11,mobile,16.91,3,46,0
TXN003403,CUST01133,4.0,fuel,GB,19,mobile,483.0,5,66,0
TXN003404,CUST01292,21.67,grocery,US,13,desktop,52.93,3,47,0
TXN003405,CUST00445,35.28,retail,DE,12,mobile,392.83,3,20,0
TXN003406,CUST01264,25.13,retail,AE,10,desktop,461.48,8,49,0
TXN003407,CUST01325,10.4,online,CA,5,mobile,121.23,4,32,0
TXN003408,CUST00602,5.39,retail,NG,6,desktop,95.57,4,66,0
TXN003409,CUST00103,19.8,grocery,US,9,mobile,58.67,3,40,0
TXN003410,CUST00988,81.26,entertainment,AE,23,desktop,296.47,4,51,0
TXN003411,CUST01274,116.3,grocery,IN,14,mobile,39.4,5,63,0
TXN003412,CUST01477,108.6,electronics,US,8,mobile,175.17,3,58,0
TXN003413,CUST00520,14.64,restaurant,CA,2,tablet,150.72,3,33,0
TXN003414,CUST01177,10.45,online,CA,4,desktop,51.52,4,67,0
TXN003415,CUST00859,54.41,restaurant,ET,9,mobile,733.92,2,57,0
TXN003416,CUST00174,62.5,online,AE,14,tablet,337.12,3,23,0
TXN003417,CUST01367,49.41,electronics,US,2,mobile,3.73,4,33,1
TXN003418,CUST01005,4.42,retail,DE,20,mobile,98.75,2,63,0
TXN003419,CUST00431,13.92,online,ET,17,desktop,80.04,5,55,0
TXN003420,CUST00727,32.15,restaurant,DE,2,mobile,385.91,4,37,0
TXN003421,CUST00850,53.9,electronics,DE,6,mobile,55.3,2,66,0
TXN003422,CUST01348,71.33,entertainment,US,23,mobile,1164.59,2,45,0
TXN003423,CUST00990,38.25,electronics,US,20,mobile,40.18,2,43,0
TXN003424,CUST00639,46.1,online,ET,13,mobile,50.32,5,73,0
TXN003425,CUST00420,36.05,online,IN,15,mobile,197.43,2,56,0
TXN003426,CUST00594,65.73,electronics,US,18,tablet,31.61,2,65,0
TXN003427,CUST00485,45.28,restaurant,CA,3,mobile,395.36,4,23,0
TXN003428,CUST00412,35.37,travel,ET,2,mobile,20.96,4,70,0
TXN003429,CUST00936,25.32,restaurant,FR,2,desktop,736.81,3,62,0
TXN003430,CUST01108,35.92,restaurant,CA,8,mobile,373.79,4,67,0
TXN003431,CUST01137,53.76,grocery,US,3,mobile,329.48,3,33,0
TXN003432,CUST00332,43.27,restaurant,DE,21,tablet,94.13,2,50,0
TXN003433,CUST01402,48.46,restaurant,FR,18,tablet,129.75,1,29,0
TXN003434,CUST00655,126.81,retail,DE,23,mobile,109.7,3,31,0
TXN003435,CUST00041,43.17,online,FR,10,desktop,787.72,2,56,0
TXN003436,CUST00959,17.31,entertainment,US,14,desktop,6.38,4,69,0
TXN003437,CUST00105,80.13,grocery,IN,3,desktop,86.54,5,19,0
TXN003438,CUST00202,8.45,grocery,FR,7,mobile,621.76,3,30,0
TXN003439,CUST00450,11.23,entertainment,CA,1,mobile,82.99,5,61,0
TXN003440,CUST01290,46.33,online,IN,17,mobile,91.46,4,36,0
TXN003441,CUST00910,55.5,restaurant,NG,2,desktop,179.6,3,51,1
TXN003442,CUST00210,9.53,electronics,ET,2,desktop,428.05,6,26,0
TXN003443,CUST00563,22.58,online,CA,20,desktop,62.8,1,48,0
TXN003444,CUST01142,18.06,entertainment,US,18,mobile,530.81,6,32,0
TXN003445,CUST00713,20.35,grocery,US,11,mobile,59.77,2,21,0
TXN003446,CUST01401,85.08,online,US,23,mobile,304.12,1,64,0
TXN003447,CUST00771,67.12,fuel,US,13,desktop,58.09,5,63,0
TXN003448,CUST01108,32.49,retail,CA,22,mobile,13.64,3,49,0
TXN003449,CUST00454,19.18,entertainment,US,12,desktop,301.13,2,34,0
TXN003450,CUST00667,8.59,restaurant,IN,15,desktop,107.64,1,22,0
TXN003451,CUST00629,137.03,fuel,CA,16,mobile,89.19,3,62,0
TXN003452,CUST00387,59.87,fuel,US,21,mobile,101.14,3,56,0
TXN003453,CUST01374,16.34,fuel,US,17,mobile,170.22,0,50,0
TXN003454,CUST00296,68.01,entertainment,US,12,tablet,54.86,4,45,0
TXN003455,CUST00258,30.87,retail,NG,23,mobile,48.75,2,30,0
TXN003456,CUST01105,24.85,grocery,US,12,mobile,118.9,1,21,0
TXN003457,CUST00268,51.17,grocery,GB,7,desktop,6.53,8,45,0
TXN003458,CUST00419,15.78,entertainment,CA,6,mobile,185.33,2,30,0
TXN003459,CUST00235,23.48,restaurant,CA,7,mobile,311.53,4,45,0
TXN003460,CUST01335,37.39,grocery,US,16,desktop,233.97,2,62,0
TXN003461,CUST00986,20.1,electronics,US,23,desktop,114.04,2,74,0
TXN003462,CUST01381,64.66,entertainment,US,0,mobile,150.0,0,52,0
TXN003463,CUST01237,214.66,grocery,US,2,mobile,4.78,2,57,1
TXN003464,CUST00574,15.58,fuel,ET,3,desktop,438.2,2,41,0
TXN003465,CUST00049,6.26,grocery,US,18,desktop,146.99,2,26,0
TXN003466,CUST01151,4.47,grocery,US,1,mobile,68.47,2,24,0
TXN003467,CUST00223,28.49,electronics,US,10,desktop,62.56,3,54,0
TXN003468,CUST00921,17.06,grocery,GB,10,tablet,194.0,1,75,0
TXN003469,CUST01303,40.77,entertainment,US,18,mobile,158.01,0,53,0
TXN003470,CUST01432,37.81,retail,US,1,mobile,37.45,5,39,0
TXN003471,CUST01318,6.66,fuel,GB,4,desktop,94.95,1,20,0
TXN003472,CUST00277,5.39,restaurant,US,18,mobile,202.96,0,25,0
TXN003473,CUST01462,44.52,online,US,8,desktop,63.6,1,21,0
TXN003474,CUST01131,37.92,restaurant,US,6,desktop,128.14,1,60,0
TXN003475,CUST00420,21.63,restaurant,IN,11,desktop,52.96,0,59,0
TXN003476,CUST00611,6.31,online,US,18,mobile,13.39,7,19,0
TXN003477,CUST01453,53.06,fuel,US,17,desktop,88.46,5,70,0
TXN003478,CUST00375,118.14,grocery,IN,17,mobile,237.07,2,63,0
TXN003479,CUST00073,43.73,restaurant,US,20,mobile,43.31,4,57,0
TXN003480,CUST01054,14.19,retail,GB,8,mobile,252.81,5,23,0
TXN003481,CUST01212,34.62,electronics,US,1,tablet,199.28,2,74,0
TXN003482,CUST01388,8.45,retail,US,1,mobile,127.44,2,39,0
TXN003483,CUST01475,95.39,retail,CA,14,desktop,640.13,4,20,0
TXN003484,CUST00195,35.94,online,NG,23,mobile,386.84,3,34,0
TXN003485,CUST01180,5.65,restaurant,US,15,desktop,149.08,2,27,0
TXN003486,CUST01196,24.52,entertainment,CA,13,mobile,146.87,4,41,0
TXN003487,CUST00847,52.63,grocery,CA,18,mobile,58.57,5,64,0
TXN003488,CUST01065,23.74,restaurant,US,14,tablet,455.08,7,57,0
TXN003489,CUST01087,25.13,entertainment,CA,2,mobile,407.28,2,56,0
TXN003490,CUST00023,9.73,travel,US,5,mobile,243.9,3,45,0
TXN003491,CUST00360,58.35,restaurant,US,5,desktop,24.63,2,56,0
TXN003492,CUST01099,17.31,online,US,21,desktop,218.92,4,62,0
TXN003493,CUST00560,3.83,fuel,AE,20,mobile,52.53,3,47,0
TXN003494,CUST00672,22.85,grocery,US,19,desktop,37.67,4,45,0
TXN003495,CUST01142,88.34,restaurant,GB,8,desktop,256.29,2,21,0
TXN003496,CUST01404,22.49,restaurant,US,10,mobile,578.2,3,35,0
TXN003497,CUST00679,188.29,electronics,US,3,mobile,20.75,1,56,0
TXN003498,CUST01314,50.85,fuel,GB,13,mobile,32.24,1,20,0
TXN003499,CUST00440,46.47,fuel,FR,12,mobile,44.55,2,63,0
TXN003500,CUST00933,29.13,fuel,US,14,mobile,593.0,3,18,0
TXN003501,CUST00007,30.93,grocery,US,16,mobile,214.57,3,50,0
TXN003502,CUST01220,25.45,grocery,NG,7,mobile,204.14,4,33,0
TXN003503,CUST00421,24.48,restaurant,US,10,mobile,126.59,3,63,0
TXN003504,CUST00833,56.31,restaurant,DE,23,mobile,138.84,2,47,0
TXN003505,CUST01217,12.99,grocery,DE,10,mobile,61.69,2,75,0
TXN003506,CUST00559,11.29,electronics,DE,15,desktop,30.22,4,57,0
TXN003507,CUST01172,10.77,grocery,IN,2,desktop,272.77,4,72,0
TXN003508,CUST01226,256.12,fuel,DE,22,mobile,114.51,3,50,0
TXN003509,CUST01468,56.28,entertainment,US,14,mobile,53.23,4,53,0
TXN003510,CUST00914,44.9,online,US,12,desktop,180.32,3,48,0
TXN003511,CUST01443,11.5,grocery,US,6,tablet,42.31,1,53,0
TXN003512,CUST01451,61.77,retail,US,4,mobile,120.77,2,53,0
TXN003513,CUST01007,29.47,retail,NG,11,mobile,37.98,3,64,0
TXN003514,CUST01499,41.02,restaurant,US,2,mobile,256.63,3,65,0
TXN003515,CUST00126,12.47,fuel,DE,11,desktop,69.63,4,27,0
TXN003516,CUST00395,38.87,entertainment,DE,4,tablet,104.91,2,39,0
TXN003517,CUST00817,21.68,online,AE,18,desktop,253.08,4,45,0
TXN003518,CUST00881,15.4,restaurant,CA,18,desktop,193.97,1,53,0
TXN003519,CUST00576,69.0,travel,DE,0,desktop,91.86,1,49,0
TXN003520,CUST00325,7.12,online,US,19,mobile,13.26,4,63,0
TXN003521,CUST01416,58.25,electronics,FR,11,desktop,458.28,2,30,0
TXN003522,CUST00930,65.66,retail,US,21,mobile,1.43,4,51,0
TXN003523,CUST01464,13.74,fuel,NG,21,mobile,238.77,1,18,0
TXN003524,CUST01228,14.58,restaurant,US,5,mobile,523.4,2,33,0
TXN003525,CUST00833,26.5,online,US,20,desktop,65.93,4,44,0
TXN003526,CUST01055,43.91,fuel,US,17,desktop,14.12,5,39,0
TXN003527,CUST01412,28.42,grocery,FR,20,desktop,51.67,2,48,0
TXN003528,CUST01458,51.09,electronics,FR,15,mobile,67.69,1,65,0
TXN003529,CUST00837,193.06,retail,US,10,mobile,108.04,3,46,0
TXN003530,CUST00926,19.93,online,US,9,mobile,134.09,1,39,0
TXN003531,CUST01400,5.96,restaurant,US,2,mobile,232.59,4,24,0
TXN003532,CUST01368,75.64,grocery,US,17,mobile,416.12,1,72,0
TXN003533,CUST00443,178.27,online,US,11,mobile,112.52,3,57,0
TXN003534,CUST00075,49.05,online,US,13,desktop,246.91,3,21,0
TXN003535,CUST00557,11.16,electronics,GB,3,desktop,24.49,2,31,0
TXN003536,CUST01179,29.26,online,US,9,mobile,71.76,5,60,0
TXN003537,CUST01454,10.82,grocery,IN,6,desktop,22.62,2,74,0
TXN003538,CUST00363,62.98,grocery,US,15,mobile,211.83,6,34,0
TXN003539,CUST00448,8.57,online,CA,8,mobile,428.78,1,18,0
TXN003540,CUST01258,24.53,grocery,CA,2,desktop,395.77,3,66,0
TXN003541,CUST00262,12.13,retail,US,1,desktop,71.13,6,19,0
TXN003542,CUST00125,37.59,grocery,US,5,mobile,48.03,3,35,0
TXN003543,CUST00911,22.96,fuel,US,9,desktop,57.65,4,20,0
TXN003544,CUST00245,39.52,electronics,US,3,desktop,60.97,1,73,0
TXN003545,CUST00542,33.86,electronics,US,3,mobile,15.45,3,38,0
TXN003546,CUST00485,12.35,fuel,US,9,desktop,25.76,4,30,0
TXN003547,CUST00122,61.98,travel,US,9,mobile,43.45,2,66,0
TXN003548,CUST00125,31.54,fuel,US,12,desktop,1.48,4,64,0
TXN003549,CUST00170,12.32,travel,US,5,desktop,8.71,3,44,0
TXN003550,CUST00124,311.35,online,US,6,tablet,215.85,4,75,0
TXN003551,CUST01059,53.33,fuel,US,4,mobile,173.85,3,20,0
TXN003552,CUST01111,28.41,online,GB,14,mobile,523.46,2,22,0
TXN003553,CUST00646,136.35,online,DE,7,tablet,92.48,6,74,0
TXN003554,CUST00786,208.89,entertainment,IN,9,mobile,105.77,2,54,0
TXN003555,CUST00201,28.64,retail,US,11,desktop,12.62,4,55,0
TXN003556,CUST00369,46.87,electronics,US,16,mobile,29.73,3,65,0
TXN003557,CUST00797,12.33,online,US,15,mobile,211.75,3,19,0
TXN003558,CUST00077,28.58,grocery,US,0,mobile,48.23,2,47,0
TXN003559,CUST00059,27.14,electronics,CA,3,desktop,267.13,5,23,0
TXN003560,CUST00431,39.84,electronics,US,7,mobile,220.16,1,44,0
TXN003561,CUST00638,46.19,entertainment,ET,23,mobile,247.57,5,30,0
TXN003562,CUST00109,57.96,online,GB,5,mobile,211.15,2,22,0
TXN003563,CUST01008,42.0,fuel,IN,20,mobile,221.37,6,69,0
TXN003564,CUST01302,9.87,grocery,US,9,mobile,142.46,2,75,0
TXN003565,CUST00068,12.96,travel,US,17,mobile,204.11,1,42,0
TXN003566,CUST01093,19.17,retail,US,12,mobile,134.45,6,73,0
TXN003567,CUST01189,24.97,restaurant,US,4,mobile,41.54,1,44,0
TXN003568,CUST00305,94.71,grocery,IN,11,desktop,44.17,4,33,0
TXN003569,CUST00674,10.35,travel,US,20,mobile,93.55,4,65,0
TXN003570,CUST00365,23.16,fuel,CA,17,mobile,2.52,2,24,0
TXN003571,CUST00821,85.89,travel,US,7,mobile,396.16,5,69,0
TXN003572,CUST01403,24.54,travel,US,13,mobile,56.22,5,60,0
TXN003573,CUST00343,52.48,fuel,US,14,desktop,9.52,1,20,0
TXN003574,CUST00947,28.8,restaurant,US,4,tablet,99.43,4,32,0
TXN003575,CUST00899,42.81,fuel,CA,4,mobile,304.31,5,34,0
TXN003576,CUST01378,26.35,grocery,IN,16,desktop,91.16,8,20,0
TXN003577,CUST01440,64.53,electronics,CA,12,desktop,54.85,3,19,0
TXN003578,CUST01133,7.06,online,US,16,desktop,141.7,0,63,0
TXN003579,CUST00762,23.03,entertainment,US,10,desktop,153.76,1,22,0
TXN003580,CUST00341,44.55,entertainment,AE,0,mobile,256.27,4,41,0
TXN003581,CUST00942,56.47,fuel,US,23,tablet,289.48,1,48,0
TXN003582,CUST00383,147.37,electronics,NG,12,tablet,220.48,3,53,0
TXN003583,CUST01004,22.4,grocery,US,17,mobile,0.82,1,61,0
TXN003584,CUST00300,145.4,restaurant,US,23,mobile,0.37,4,24,1
TXN003585,CUST00139,17.13,retail,US,5,desktop,682.56,1,42,0
TXN003586,CUST00359,125.04,retail,IN,12,mobile,55.22,1,60,0
TXN003587,CUST00836,75.0,retail,US,20,desktop,59.72,3,37,0
TXN003588,CUST01409,13.28,grocery,US,21,mobile,237.18,2,70,0
TXN003589,CUST01304,45.02,online,US,19,mobile,156.83,2,42,0
TXN003590,CUST00483,31.46,online,CA,10,desktop,112.11,2,19,0
TXN003591,CUST00909,61.9,fuel,US,18,tablet,22.28,1,19,0
TXN003592,CUST01135,26.49,online,FR,19,mobile,15.3,3,27,0
TXN003593,CUST00866,24.36,fuel,NG,8,desktop,218.9,3,67,0
TXN003594,CUST00139,130.2,electronics,IN,12,mobile,23.95,3,66,0
TXN003595,CUST00996,30.0,grocery,US,14,desktop,103.03,7,23,0
TXN003596,CUST00435,75.67,restaurant,CA,23,mobile,239.81,1,28,0
TXN003597,CUST00509,26.43,grocery,US,10,desktop,461.98,3,66,0
TXN003598,CUST00273,175.33,electronics,CA,23,mobile,372.27,1,46,0
TXN003599,CUST01123,16.8,grocery,ET,15,desktop,359.16,7,47,0
TXN003600,CUST00104,17.92,restaurant,US,16,desktop,79.91,4,38,0
TXN003601,CUST01238,152.1,online,NG,4,mobile,471.53,3,44,1
TXN003602,CUST00762,21.22,retail,ET,21,desktop,207.17,4,64,0
TXN003603,CUST00787,164.2,entertainment,US,13,tablet,391.65,5,59,0
TXN003604,CUST00165,80.79,restaurant,GB,14,mobile,16.76,6,53,1
TXN003605,CUST00999,28.37,grocery,US,8,mobile,7.27,3,62,0
TXN003606,CUST00520,5.4,restaurant,US,13,desktop,101.07,0,50,0
TXN003607,CUST01308,32.48,retail,US,9,desktop,316.86,7,64,0
TXN003608,CUST00517,36.66,online,IN,21,tablet,94.53,3,44,0
TXN003609,CUST00657,106.4,restaurant,US,12,mobile,388.76,4,73,0
TXN003610,CUST00613,162.14,entertainment,GB,16,desktop,48.16,3,54,0
TXN003611,CUST00164,16.69,electronics,DE,0,desktop,7.23,1,23,0
TXN003612,CUST00064,73.79,retail,FR,13,desktop,257.85,1,56,0
TXN003613,CUST01115,71.19,restaurant,DE,11,desktop,177.11,7,25,0
TXN003614,CUST01141,96.87,electronics,US,6,mobile,104.4,3,29,0
TXN003615,CUST00267,54.53,travel,GB,2,mobile,335.88,3,64,0
TXN003616,CUST01164,4.75,retail,US,22,mobile,312.89,4,20,0
TXN003617,CUST00246,28.35,retail,CA,20,mobile,70.62,1,71,0
TXN003618,CUST00395,10.43,online,US,0,desktop,327.6,3,26,0
TXN003619,CUST00476,27.04,restaurant,US,23,desktop,76.21,1,60,0
TXN003620,CUST00977,88.24,electronics,IN,12,mobile,175.07,4,69,0
TXN003621,CUST01208,44.93,retail,US,21,desktop,38.49,4,29,0
TXN003622,CUST01044,104.39,online,US,1,mobile,55.22,3,57,0
TXN003623,CUST00558,46.61,entertainment,US,8,mobile,106.92,4,63,0
TXN003624,CUST01018,9.04,travel,US,17,mobile,67.99,4,65,0
TXN003625,CUST00883,2.66,online,US,21,desktop,24.89,3,20,0
TXN003626,CUST00147,38.43,electronics,CA,3,desktop,118.51,4,50,0
TXN003627,CUST00666,26.74,fuel,NG,15,mobile,128.9,1,67,0
TXN003628,CUST01328,12.47,retail,US,5,desktop,31.11,1,30,0
TXN003629,CUST00620,6.05,travel,US,19,mobile,34.48,0,29,0
TXN003630,CUST00820,15.88,travel,CA,2,tablet,5.36,2,54,0
TXN003631,CUST00864,27.26,electronics,US,10,tablet,5.55,6,24,0
TXN003632,CUST00582,64.45,grocery,NG,23,desktop,79.95,4,23,0
TXN003633,CUST01023,39.99,retail,US,4,mobile,28.55,3,58,0
TXN003634,CUST00695,165.35,restaurant,US,0,mobile,452.6,1,21,0
TXN003635,CUST01252,11.76,entertainment,US,7,mobile,40.03,2,40,0
TXN003636,CUST01126,79.92,fuel,ET,18,desktop,12.28,1,21,0
TXN003637,CUST01441,34.72,entertainment,CA,3,mobile,93.2,4,20,0
TXN003638,CUST01240,66.33,retail,US,8,mobile,38.48,3,55,0
TXN003639,CUST00407,21.4,online,US,2,mobile,11.48,4,44,0
TXN003640,CUST00399,96.71,retail,IN,4,mobile,251.51,2,28,0
TXN003641,CUST00715,44.49,grocery,ET,15,mobile,146.59,7,46,0
TXN003642,CUST00704,16.79,online,US,7,mobile,10.57,4,46,0
TXN003643,CUST00761,32.72,fuel,AE,5,desktop,113.61,1,54,1
TXN003644,CUST00499,26.06,restaurant,CA,2,mobile,7.13,3,75,0
TXN003645,CUST01489,54.01,fuel,US,15,desktop,78.74,2,60,0
TXN003646,CUST00974,10.18,fuel,US,7,desktop,81.26,3,25,0
TXN003647,CUST00082,32.16,entertainment,ET,12,mobile,311.67,8,49,0
TXN003648,CUST00604,49.17,restaurant,US,4,mobile,239.24,2,75,0
TXN003649,CUST00772,34.23,fuel,DE,5,desktop,409.05,3,31,0
TXN003650,CUST00903,127.35,restaurant,US,2,tablet,27.26,4,67,0
TXN003651,CUST00365,71.81,fuel,ET,7,mobile,137.35,2,37,0
TXN003652,CUST00163,32.87,travel,US,3,mobile,3.67,7,41,1
TXN003653,CUST01072,41.13,online,US,20,desktop,314.27,3,46,0
TXN003654,CUST00511,44.51,electronics,US,16,desktop,82.19,2,18,0
TXN003655,CUST01353,49.57,grocery,US,7,tablet,12.93,0,27,0
TXN003656,CUST00116,5.34,grocery,US,20,mobile,70.66,4,36,0
TXN003657,CUST00941,24.5,grocery,US,18,mobile,60.87,5,56,0
TXN003658,CUST00337,7.5,online,IN,13,desktop,261.44,1,62,0
TXN003659,CUST00881,118.9,entertainment,CA,8,mobile,24.37,1,65,0
TXN003660,CUST00737,31.16,grocery,CA,11,mobile,146.06,5,35,0
TXN003661,CUST00840,27.29,grocery,US,12,desktop,284.31,7,72,0
TXN003662,CUST00147,81.19,travel,US,22,desktop,242.15,1,55,0
TXN003663,CUST01347,50.52,fuel,US,7,desktop,494.53,2,24,0
TXN003664,CUST00443,10.71,grocery,FR,2,mobile,0.11,2,41,1
TXN003665,CUST00837,30.85,restaurant,US,21,tablet,78.6,4,39,0
TXN003666,CUST01037,23.68,restaurant,FR,14,mobile,83.05,3,33,0
TXN003667,CUST00943,5.79,electronics,US,19,mobile,6.1,2,23,0
TXN003668,CUST00287,16.61,restaurant,IN,18,desktop,305.95,5,60,0
TXN003669,CUST00720,27.56,electronics,US,3,tablet,210.17,2,24,0
TXN003670,CUST01138,29.52,fuel,US,1,desktop,135.17,3,35,0
TXN003671,CUST00480,7.52,online,CA,4,desktop,93.46,0,52,0
TXN003672,CUST00022,104.76,grocery,IN,23,mobile,406.4,2,75,0
TXN003673,CUST01373,29.9,online,GB,20,mobile,55.29,1,66,0
TXN003674,CUST00683,34.38,travel,US,1,desktop,73.31,1,41,0
TXN003675,CUST00906,49.43,retail,US,6,mobile,548.96,6,33,0
TXN003676,CUST00320,15.06,restaurant,NG,23,tablet,12.03,2,36,0
TXN003677,CUST00126,52.27,fuel,US,10,mobile,273.04,3,36,0
TXN003678,CUST00277,22.94,fuel,US,11,mobile,227.89,2,60,0
TXN003679,CUST01228,13.51,restaurant,ET,3,mobile,417.9,6,18,0
TXN003680,CUST00194,58.76,retail,NG,2,mobile,17.09,4,39,1
TXN003681,CUST00696,147.18,travel,DE,7,mobile,633.86,3,48,0
TXN003682,CUST01310,68.36,fuel,IN,17,mobile,5.27,3,31,0
TXN003683,CUST00057,83.34,grocery,US,22,mobile,74.17,3,47,0
TXN003684,CUST01327,19.68,restaurant,US,23,desktop,15.96,1,48,0
TXN003685,CUST01187,6.7,online,GB,4,mobile,9.46,5,68,0
TXN003686,CUST00019,146.96,restaurant,DE,15,desktop,602.0,4,49,0
TXN003687,CUST01394,258.4,travel,ET,22,mobile,228.92,3,60,0
TXN003688,CUST00264,154.9,electronics,NG,11,desktop,126.83,3,69,0
TXN003689,CUST00794,23.67,online,US,8,desktop,20.61,3,34,0
TXN003690,CUST00113,10.44,travel,US,7,desktop,134.39,3,45,0
TXN003691,CUST01351,11.41,grocery,US,4,mobile,69.43,4,51,0
TXN003692,CUST00542,6.15,online,GB,19,desktop,57.04,4,34,0
TXN003693,CUST00647,29.74,electronics,US,18,mobile,173.27,4,23,0
TXN003694,CUST00579,164.96,electronics,ET,14,desktop,281.71,5,65,0
TXN003695,CUST01089,28.74,grocery,US,21,mobile,105.42,1,46,0
TXN003696,CUST01316,44.81,restaurant,US,19,mobile,122.37,7,26,0
TXN003697,CUST00025,131.05,restaurant,US,10,desktop,189.7,1,48,0
TXN003698,CUST00001,22.11,retail,DE,19,mobile,23.96,1,47,0
TXN003699,CUST00911,253.54,travel,US,12,tablet,317.48,3,26,0
TXN003700,CUST00141,242.77,grocery,FR,22,mobile,326.45,3,72,0
TXN003701,CUST00648,29.05,grocery,US,12,tablet,140.19,0,59,0
TXN003702,CUST00188,18.59,grocery,US,20,mobile,37.39,7,27,0
TXN003703,CUST01152,66.5,online,US,16,mobile,125.04,3,55,0
TXN003704,CUST00201,23.39,restaurant,DE,20,mobile,20.16,3,50,0
TXN003705,CUST01151,10.42,travel,US,15,mobile,259.37,2,20,0
TXN003706,CUST00257,119.25,electronics,NG,21,mobile,67.09,1,46,0
TXN003707,CUST00547,111.77,entertainment,US,16,mobile,67.08,5,56,0
TXN003708,CUST00194,38.69,restaurant,US,18,mobile,522.24,2,70,0
TXN003709,CUST00703,9.37,travel,US,21,mobile,98.63,1,58,0
TXN003710,CUST01128,9.68,fuel,US,13,mobile,280.55,2,31,0
TXN003711,CUST01289,36.86,travel,CA,22,mobile,182.48,1,32,0
TXN003712,CUST00802,20.09,entertainment,CA,6,desktop,68.41,1,72,0
TXN003713,CUST00942,23.54,fuel,ET,22,mobile,23.79,5,68,0
TXN003714,CUST01408,92.02,electronics,US,8,tablet,287.68,4,27,0
TXN003715,CUST01284,68.94,travel,US,1,mobile,258.77,2,33,0
TXN003716,CUST00414,131.39,retail,US,18,desktop,33.36,3,50,0
TXN003717,CUST01382,12.3,fuel,US,22,mobile,51.57,3,45,0
TXN003718,CUST01099,23.5,retail,US,5,desktop,261.62,5,56,0
TXN003719,CUST01379,70.74,grocery,IN,0,mobile,740.22,1,60,0
TXN003720,CUST00910,51.84,travel,GB,6,tablet,334.01,6,41,0
TXN003721,CUST00188,153.3,retail,ET,15,desktop,207.45,3,32,0
TXN003722,CUST01314,50.43,restaurant,US,1,desktop,444.62,4,30,0
TXN003723,CUST00045,210.21,retail,US,3,desktop,60.44,5,36,0
TXN003724,CUST00083,56.83,grocery,US,22,desktop,1.75,3,28,0
TXN003725,CUST01147,95.79,retail,US,19,mobile,69.68,2,30,0
TXN003726,CUST00358,23.96,travel,CA,21,desktop,643.18,3,57,0
TXN003727,CUST01090,33.59,grocery,US,13,mobile,384.63,5,49,0
TXN003728,CUST00936,82.35,retail,AE,10,desktop,9.3,3,71,0
TXN003729,CUST00375,166.16,restaurant,IN,8,mobile,125.47,2,43,0
TXN003730,CUST00162,68.66,grocery,US,4,mobile,14.82,1,59,0
TXN003731,CUST01404,30.47,grocery,DE,2,mobile,280.09,2,33,0
TXN003732,CUST01382,131.28,online,GB,21,mobile,83.92,8,34,0
TXN003733,CUST01212,3.7,retail,US,19,desktop,437.36,6,66,0
TXN003734,CUST00322,7.99,grocery,NG,1,mobile,10.08,2,30,1
TXN003735,CUST00450,65.47,travel,US,9,tablet,238.36,5,30,0
TXN003736,CUST01498,33.59,restaurant,DE,20,mobile,91.76,0,32,0
TXN003737,CUST01037,60.67,fuel,US,9,desktop,56.21,2,61,0
TXN003738,CUST00184,35.32,grocery,US,6,desktop,131.16,2,28,0
TXN003739,CUST00111,58.61,restaurant,US,14,mobile,119.62,4,18,0
TXN003740,CUST00508,14.67,restaurant,AE,4,desktop,77.21,2,52,1
TXN003741,CUST01314,58.59,online,US,7,mobile,188.38,5,35,0
TXN003742,CUST00295,89.52,retail,US,17,mobile,194.88,2,61,0
TXN003743,CUST01475,112.23,online,US,19,mobile,14.45,4,75,0
TXN003744,CUST00904,248.03,grocery,US,5,desktop,162.88,2,18,0
TXN003745,CUST01239,42.27,online,GB,22,mobile,223.27,2,39,0
TXN003746,CUST00974,43.55,entertainment,FR,10,mobile,14.21,1,69,1
TXN003747,CUST00632,7.22,grocery,AE,7,mobile,193.73,4,19,0
TXN003748,CUST01051,19.46,grocery,FR,3,mobile,293.31,4,47,0
TXN003749,CUST00733,27.3,restaurant,NG,6,desktop,321.02,3,70,0
TXN003750,CUST01255,94.66,fuel,FR,1,mobile,7.66,2,35,0
TXN003751,CUST00321,17.98,online,IN,14,mobile,215.17,2,18,0
TXN003752,CUST00913,73.43,online,US,8,mobile,287.0,5,20,0
TXN003753,CUST01257,33.06,restaurant,US,22,mobile,91.0,1,75,0
TXN003754,CUST00437,27.74,electronics,IN,20,desktop,140.89,3,27,0
TXN003755,CUST00781,42.47,retail,GB,18,desktop,55.45,5,65,0
TXN003756,CUST01427,22.4,restaurant,NG,22,tablet,66.85,5,32,0
TXN003757,CUST01077,21.56,retail,US,18,mobile,125.35,5,20,0
TXN003758,CUST01337,6.02,online,NG,4,desktop,29.49,4,30,1
TXN003759,CUST01305,25.84,grocery,DE,18,desktop,83.31,1,41,0
TXN003760,CUST00726,20.49,travel,US,2,desktop,64.57,3,56,0
TXN003761,CUST00031,19.77,retail,US,11,tablet,48.98,4,47,0
TXN003762,CUST00337,50.24,electronics,US,6,mobile,119.06,5,60,0
TXN003763,CUST00183,63.98,retail,NG,4,mobile,328.38,3,49,1
TXN003764,CUST01047,41.77,restaurant,GB,11,desktop,49.94,4,52,0
TXN003765,CUST00544,89.61,online,NG,3,mobile,194.04,7,52,1
TXN003766,CUST01470,58.88,entertainment,US,19,mobile,52.79,4,72,0
TXN003767,CUST01098,24.65,retail,IN,18,mobile,27.58,5,32,0
TXN003768,CUST01034,20.85,travel,US,12,mobile,516.67,3,51,0
TXN003769,CUST01480,45.28,online,US,14,mobile,180.55,3,56,0
TXN003770,CUST00660,58.78,grocery,US,23,tablet,19.89,2,51,0
TXN003771,CUST00160,134.0,restaurant,IN,9,mobile,180.26,3,35,0
TXN003772,CUST01038,108.98,restaurant,US,0,desktop,34.92,1,52,0
TXN003773,CUST01202,19.27,grocery,US,2,mobile,393.74,4,40,0
TXN003774,CUST00412,29.9,restaurant,US,17,mobile,51.18,7,72,0
TXN003775,CUST01012,64.78,restaurant,US,15,mobile,295.92,0,49,0
TXN003776,CUST00053,96.35,retail,NG,11,desktop,39.98,3,67,0
TXN003777,CUST00408,84.69,fuel,US,15,mobile,147.08,3,67,0
TXN003778,CUST00847,31.07,electronics,GB,10,desktop,438.15,4,36,0
TXN003779,CUST01046,9.45,retail,IN,10,desktop,63.18,4,46,0
TXN003780,CUST01054,12.2,grocery,US,22,mobile,15.28,3,57,0
TXN003781,CUST00703,43.49,travel,AE,21,mobile,144.77,3,67,0
TXN003782,CUST00260,46.63,online,US,13,mobile,34.05,4,61,0
TXN003783,CUST01229,11.04,grocery,IN,16,mobile,234.58,3,29,0
TXN003784,CUST01083,34.62,fuel,US,18,desktop,160.85,2,21,0
TXN003785,CUST01495,62.25,grocery,DE,10,desktop,76.54,1,39,0
TXN003786,CUST00776,10.47,grocery,GB,3,mobile,220.14,3,60,0
TXN003787,CUST01490,99.98,grocery,US,9,desktop,49.05,6,62,0
TXN003788,CUST01036,22.7,retail,US,22,mobile,448.08,5,32,0
TXN003789,CUST01314,116.47,fuel,US,18,mobile,76.68,0,38,0
TXN003790,CUST00850,19.42,online,US,3,desktop,259.12,1,59,0
TXN003791,CUST00354,11.86,online,CA,10,mobile,53.84,4,52,0
TXN003792,CUST01099,20.94,restaurant,IN,6,tablet,225.84,6,59,0
TXN003793,CUST00873,30.11,online,CA,19,mobile,5.77,1,36,0
TXN003794,CUST01465,22.46,electronics,US,8,mobile,63.05,1,25,0
TXN003795,CUST00991,26.68,grocery,US,21,mobile,17.55,3,53,0
TXN003796,CUST01265,46.25,fuel,US,1,mobile,108.01,5,32,0
TXN003797,CUST01018,27.91,grocery,US,0,desktop,102.8,3,68,0
TXN003798,CUST01178,31.0,restaurant,IN,7,tablet,80.05,4,21,0
TXN003799,CUST01120,5.99,entertainment,NG,18,desktop,714.99,3,42,0
TXN003800,CUST00294,48.99,fuel,US,22,desktop,50.37,6,68,0
TXN003801,CUST00209,30.29,online,US,15,mobile,281.82,1,54,0
TXN003802,CUST01367,165.72,electronics,CA,13,mobile,106.78,1,43,0
TXN003803,CUST01112,12.94,electronics,GB,3,desktop,73.38,2,26,0
TXN003804,CUST00818,5.43,fuel,GB,18,desktop,40.95,2,61,0
TXN003805,CUST00390,61.44,fuel,ET,21,desktop,180.63,2,72,0
TXN003806,CUST00325,46.83,online,US,21,mobile,73.08,2,67,0
TXN003807,CUST00940,12.08,retail,IN,5,desktop,301.72,1,48,0
TXN003808,CUST00889,7.17,retail,US,14,mobile,622.2,4,23,0
TXN003809,CUST01181,154.07,electronics,US,12,mobile,46.38,5,42,0
TXN003810,CUST00668,136.2,entertainment,NG,18,desktop,24.79,3,23,0
TXN003811,CUST00633,2.75,online,US,21,mobile,68.24,1,36,1
TXN003812,CUST00577,20.94,online,US,3,mobile,113.3,4,22,1
TXN003813,CUST00137,174.9,grocery,US,1,desktop,64.45,1,22,0
TXN003814,CUST00428,20.57,online,CA,2,mobile,634.0,0,71,0
TXN003815,CUST01476,20.27,retail,US,13,mobile,271.89,2,22,0
TXN003816,CUST00612,24.96,entertainment,US,3,desktop,609.4,2,66,0
TXN003817,CUST00911,10.8,entertainment,US,15,mobile,84.09,0,37,0
TXN003818,CUST00819,6.02,grocery,ET,10,desktop,65.41,4,63,0
TXN003819,CUST00141,94.87,electronics,US,12,mobile,94.17,4,65,0
TXN003820,CUST01107,5.24,restaurant,GB,0,desktop,133.18,3,71,0
TXN003821,CUST00177,42.41,restaurant,US,12,desktop,243.55,6,30,0
TXN003822,CUST00198,80.37,online,CA,14,mobile,383.31,3,26,0
TXN003823,CUST00624,7.76,electronics,US,6,mobile,111.98,1,31,0
TXN003824,CUST00691,13.14,online,CA,4,desktop,61.44,3,30,0
TXN003825,CUST01445,111.41,travel,GB,5,mobile,69.11,3,64,0
TXN003826,CUST00401,56.42,restaurant,US,23,desktop,214.89,0,50,0
TXN003827,CUST00471,17.86,grocery,AE,8,mobile,150.9,5,65,0
TXN003828,CUST00218,110.19,retail,AE,5,desktop,119.97,4,40,1
TXN003829,CUST00929,110.67,grocery,US,22,mobile,40.79,6,47,0
TXN003830,CUST00632,43.34,grocery,CA,5,mobile,374.96,2,35,0
TXN003831,CUST00951,13.46,entertainment,CA,21,tablet,273.38,7,35,0
TXN003832,CUST00906,21.9,retail,US,1,mobile,27.28,2,60,0
TXN003833,CUST00175,44.1,fuel,US,20,desktop,82.42,1,53,0
TXN003834,CUST00023,27.42,grocery,IN,5,desktop,140.61,1,31,0
TXN003835,CUST00235,84.69,restaurant,CA,9,mobile,109.04,6,29,0
TXN003836,CUST01037,7.17,retail,IN,4,desktop,91.29,5,56,0
TXN003837,CUST01125,7.43,entertainment,GB,19,mobile,228.38,3,44,0
TXN003838,CUST00929,39.68,online,US,11,desktop,10.09,5,74,0
TXN003839,CUST00523,20.26,restaurant,US,5,desktop,114.76,8,46,0
TXN003840,CUST01476,17.69,grocery,DE,5,mobile,54.73,4,24,0
TXN003841,CUST00431,5.65,grocery,CA,7,mobile,15.91,6,32,0
TXN003842,CUST00793,33.77,online,US,23,desktop,112.55,2,36,0
TXN003843,CUST00533,31.41,grocery,CA,16,desktop,33.84,2,26,0
TXN003844,CUST00979,63.66,retail,ET,17,desktop,53.77,3,37,0
TXN003845,CUST01317,35.48,restaurant,FR,10,mobile,127.31,4,65,0
TXN003846,CUST00810,29.0,fuel,US,0,desktop,654.94,4,61,0
TXN003847,CUST00913,107.45,grocery,US,6,mobile,207.51,5,39,0
TXN003848,CUST01125,8.91,online,IN,7,desktop,59.04,4,53,0
TXN003849,CUST01328,56.62,grocery,NG,2,mobile,86.75,5,49,1
TXN003850,CUST00871,6.23,fuel,US,18,mobile,93.8,1,20,0
TXN003851,CUST00540,14.32,online,AE,15,desktop,30.03,2,66,0
TXN003852,CUST01024,9.85,grocery,US,22,mobile,31.52,3,35,0
TXN003853,CUST01379,72.38,entertainment,US,7,desktop,28.91,4,33,0
TXN003854,CUST01327,31.02,online,US,5,desktop,132.74,2,20,0
TXN003855,CUST00227,32.67,retail,US,23,desktop,201.86,2,29,0
TXN003856,CUST01260,10.95,retail,AE,1,mobile,160.8,0,41,1
TXN003857,CUST00873,24.54,retail,CA,22,mobile,685.11,8,75,0
TXN003858,CUST00892,15.43,grocery,US,11,desktop,24.22,3,28,0
TXN003859,CUST01479,48.59,grocery,AE,20,mobile,774.57,5,40,0
TXN003860,CUST01037,12.29,retail,ET,5,mobile,113.15,1,73,0
TXN003861,CUST00210,125.19,travel,US,13,desktop,44.41,4,50,0
TXN003862,CUST00741,6.2,restaurant,GB,6,desktop,516.54,7,21,0
TXN003863,CUST00397,14.78,fuel,DE,8,mobile,113.81,4,31,0
TXN003864,CUST01124,177.19,restaurant,DE,6,desktop,76.81,6,55,0
TXN003865,CUST00031,21.43,fuel,DE,14,mobile,43.3,3,26,0
TXN003866,CUST00898,8.89,entertainment,US,11,desktop,56.12,5,51,0
TXN003867,CUST00649,41.23,entertainment,US,16,mobile,697.27,4,63,0
TXN003868,CUST00329,20.59,restaurant,AE,14,mobile,65.23,4,57,0
TXN003869,CUST01190,14.36,electronics,NG,14,desktop,685.43,1,70,0
TXN003870,CUST01483,11.07,electronics,US,20,desktop,72.14,4,50,0
TXN003871,CUST00952,527.62,travel,US,13,mobile,47.38,0,36,0
TXN003872,CUST01124,25.75,grocery,AE,10,desktop,36.46,5,54,0
TXN003873,CUST00621,4.83,travel,US,10,mobile,95.54,2,20,0
TXN003874,CUST01197,147.48,online,US,19,desktop,48.64,3,73,0
TXN003875,CUST00162,61.01,online,US,12,desktop,214.89,4,54,0
TXN003876,CUST00776,15.39,entertainment,US,12,desktop,49.34,0,55,0
TXN003877,CUST01287,13.03,online,US,7,mobile,324.76,3,44,0
TXN003878,CUST00274,64.94,restaurant,CA,6,mobile,323.25,3,66,0
TXN003879,CUST01027,25.87,fuel,US,19,mobile,60.52,3,57,0
TXN003880,CUST01052,4.83,entertainment,IN,12,mobile,252.1,1,23,0
TXN003881,CUST00326,197.8,restaurant,IN,10,mobile,350.77,5,49,0
TXN003882,CUST00940,21.46,online,IN,18,mobile,160.55,9,71,0
TXN003883,CUST01173,147.76,grocery,NG,5,desktop,82.12,2,65,1
TXN003884,CUST00540,118.92,electronics,GB,7,mobile,104.68,0,35,0
TXN003885,CUST00488,12.17,retail,US,18,desktop,277.71,2,49,0
TXN003886,CUST00822,93.05,retail,US,4,mobile,62.49,6,37,0
TXN003887,CUST01462,17.26,online,US,9,tablet,73.29,1,53,0
TXN003888,CUST01089,5.12,fuel,US,0,tablet,31.55,3,32,0
TXN003889,CUST00356,21.66,retail,US,11,mobile,91.66,1,40,0
TXN003890,CUST01276,49.29,retail,IN,23,tablet,16.29,3,68,0
TXN003891,CUST00235,20.85,travel,US,6,desktop,69.69,1,31,0
TXN003892,CUST00227,24.36,online,US,7,mobile,84.16,3,38,0
TXN003893,CUST01337,103.91,electronics,DE,17,tablet,53.1,3,63,0
TXN003894,CUST00049,36.84,grocery,US,6,mobile,19.24,3,20,0
TXN003895,CUST00118,14.25,electronics,IN,13,mobile,132.74,4,24,0
TXN003896,CUST00054,66.82,entertainment,US,19,desktop,360.55,4,34,0
TXN003897,CUST00565,40.35,entertainment,US,17,mobile,73.61,3,21,0
TXN003898,CUST01068,2.66,retail,IN,20,mobile,48.64,3,75,0
TXN003899,CUST00053,50.82,grocery,CA,22,tablet,60.39,1,62,0
TXN003900,CUST00558,49.0,online,US,3,tablet,356.34,3,67,0
TXN003901,CUST01126,33.79,grocery,CA,9,desktop,135.07,2,52,0
TXN003902,CUST00868,80.78,restaurant,FR,10,mobile,25.23,5,23,0
TXN003903,CUST00398,16.9,retail,US,10,tablet,222.33,3,49,0
TXN003904,CUST01162,46.36,travel,AE,19,mobile,30.18,8,52,0
TXN003905,CUST00675,6.91,fuel,IN,18,tablet,11.18,3,63,0
TXN003906,CUST00387,49.75,grocery,CA,0,mobile,53.15,5,39,0
TXN003907,CUST00111,233.47,electronics,GB,1,desktop,33.13,3,25,0
TXN003908,CUST00614,12.25,fuel,AE,8,desktop,167.2,5,44,0
TXN003909,CUST00017,15.49,grocery,US,16,tablet,119.29,3,45,0
TXN003910,CUST01206,16.28,restaurant,IN,4,desktop,231.77,3,19,0
TXN003911,CUST00884,37.71,grocery,GB,1,desktop,128.98,2,71,0
TXN003912,CUST00541,11.44,online,US,3,desktop,97.74,4,19,0
TXN003913,CUST00171,50.46,retail,GB,6,desktop,134.46,2,63,0
TXN003914,CUST00409,77.23,entertainment,US,20,desktop,102.6,2,44,0
TXN003915,CUST00740,56.51,retail,US,16,mobile,6.8,1,24,0
TXN003916,CUST01402,5.65,entertainment,ET,2,desktop,205.49,4,29,0
TXN003917,CUST01212,89.58,retail,CA,8,mobile,589.25,8,25,0
TXN003918,CUST00858,84.55,online,ET,0,desktop,98.68,2,26,0
TXN003919,CUST00230,75.96,online,US,19,mobile,99.21,3,39,0
TXN003920,CUST00119,48.08,electronics,US,20,tablet,8.43,2,35,0
TXN003921,CUST01180,41.27,entertainment,FR,15,mobile,397.93,3,56,0
TXN003922,CUST00784,92.98,restaurant,IN,2,mobile,476.42,1,45,0
TXN003923,CUST00465,226.67,grocery,NG,18,tablet,301.93,4,55,1
TXN003924,CUST00104,12.77,retail,AE,15,mobile,20.24,6,51,0
TXN003925,CUST00698,97.33,grocery,US,0,mobile,414.87,2,23,0
TXN003926,CUST00175,30.38,retail,AE,21,desktop,4.36,2,48,1
TXN003927,CUST00745,29.09,fuel,US,11,mobile,105.84,3,32,0
TXN003928,CUST01445,7.12,restaurant,US,19,mobile,124.99,3,70,0
TXN003929,CUST01158,24.91,fuel,US,23,desktop,323.24,4,74,0
TXN003930,CUST01415,12.22,entertainment,AE,5,tablet,250.15,9,66,1
TXN003931,CUST00665,20.82,restaurant,US,2,mobile,287.1,3,21,0
TXN003932,CUST00033,11.04,fuel,US,6,mobile,364.36,1,22,0
TXN003933,CUST00055,21.14,entertainment,US,2,mobile,116.35,4,40,0
TXN003934,CUST00519,22.06,restaurant,CA,12,mobile,272.75,2,30,0
TXN003935,CUST00756,36.48,grocery,NG,15,mobile,12.68,3,75,0
TXN003936,CUST00012,6.59,restaurant,US,13,mobile,105.83,5,62,0
TXN003937,CUST00720,7.8,restaurant,US,8,desktop,5.51,1,44,0
TXN003938,CUST00555,47.56,grocery,US,7,desktop,444.39,2,62,0
TXN003939,CUST00373,14.92,fuel,US,14,mobile,572.4,5,75,0
TXN003940,CUST00484,96.98,electronics,US,18,mobile,15.78,3,48,0
TXN003941,CUST00973,41.48,retail,US,12,desktop,136.91,2,73,0
TXN003942,CUST01252,60.75,restaurant,CA,13,mobile,70.78,4,36,0
TXN003943,CUST00623,135.73,travel,US,10,desktop,75.49,1,47,0
TXN003944,CUST00307,24.3,online,AE,17,mobile,107.84,3,56,0
TXN003945,CUST00457,18.64,retail,IN,2,mobile,24.05,4,72,0
TXN003946,CUST00160,79.18,online,US,3,mobile,35.89,2,47,0
TXN003947,CUST00331,55.12,electronics,US,2,mobile,155.03,4,22,0
TXN003948,CUST00776,27.46,retail,ET,12,desktop,3.41,2,69,0
TXN003949,CUST00225,133.15,restaurant,US,15,tablet,164.84,1,28,0
TXN003950,CUST00983,26.78,grocery,US,12,mobile,69.13,1,27,1
TXN003951,CUST00729,34.22,travel,US,9,desktop,321.3,3,75,0
TXN003952,CUST01480,33.83,entertainment,NG,17,mobile,164.94,1,58,0
TXN003953,CUST01069,13.01,grocery,GB,7,desktop,221.64,1,71,0
TXN003954,CUST01238,35.79,online,US,6,desktop,21.87,9,18,0
TXN003955,CUST01083,133.86,online,US,16,mobile,55.63,0,70,0
TXN003956,CUST00644,51.67,retail,US,21,mobile,1026.84,6,32,0
TXN003957,CUST00616,34.16,restaurant,US,5,mobile,102.34,3,38,0
TXN003958,CUST00195,28.17,restaurant,US,14,mobile,80.01,3,39,0
TXN003959,CUST00489,46.1,travel,AE,8,desktop,372.66,4,49,0
TXN003960,CUST00157,70.09,electronics,US,9,tablet,6.05,4,43,0
TXN003961,CUST00610,60.9,fuel,US,7,desktop,137.74,3,30,0
TXN003962,CUST01250,23.76,online,US,6,mobile,42.49,4,22,0
TXN003963,CUST00412,45.82,fuel,US,22,mobile,82.64,3,31,0
TXN003964,CUST01229,53.51,entertainment,IN,4,mobile,40.12,7,71,0
TXN003965,CUST01103,12.1,retail,US,17,desktop,6.94,3,72,0
TXN003966,CUST01148,39.18,travel,US,15,mobile,96.97,2,21,0
TXN003967,CUST00471,3.81,retail,US,14,mobile,280.23,1,58,0
TXN003968,CUST01242,53.65,restaurant,US,9,desktop,546.41,1,57,0
TXN003969,CUST00516,64.09,fuel,IN,20,mobile,176.0,3,25,0
TXN003970,CUST01128,69.93,online,US,0,mobile,88.63,3,26,0
TXN003971,CUST00393,22.31,entertainment,US,5,mobile,264.43,5,48,0
TXN003972,CUST00631,45.11,travel,US,14,mobile,126.66,5,20,0
TXN003973,CUST00608,137.55,entertainment,FR,1,mobile,82.49,1,44,0
TXN003974,CUST00980,136.15,retail,GB,11,mobile,35.52,6,26,0
TXN003975,CUST00434,32.16,fuel,DE,0,mobile,286.25,2,46,0
TXN003976,CUST01355,38.07,fuel,US,14,mobile,124.92,4,51,0
TXN003977,CUST01167,100.58,grocery,NG,12,mobile,597.38,7,46,0
TXN003978,CUST00540,7.38,restaurant,US,0,tablet,291.43,2,64,0
TXN003979,CUST00278,23.97,retail,US,0,mobile,98.06,2,27,0
TXN003980,CUST00233,125.91,fuel,DE,3,mobile,243.06,3,30,0
TXN003981,CUST01114,87.81,online,US,20,desktop,108.72,3,18,0
TXN003982,CUST01223,47.91,electronics,US,13,mobile,14.98,3,57,0
TXN003983,CUST00362,7.35,grocery,US,20,desktop,130.87,5,31,0
TXN003984,CUST01465,31.5,electronics,US,16,mobile,361.42,3,49,0
TXN003985,CUST00026,18.36,travel,US,12,tablet,348.13,3,33,0
TXN003986,CUST01049,46.11,restaurant,CA,11,tablet,154.01,1,73,0
TXN003987,CUST01418,14.74,grocery,US,5,desktop,86.05,2,43,0
TXN003988,CUST00507,11.87,travel,GB,18,desktop,1.83,4,72,0
TXN003989,CUST01325,4.2,online,NG,19,mobile,67.16,6,50,0
TXN003990,CUST01363,112.37,restaurant,US,15,tablet,825.52,4,48,0
TXN003991,CUST00267,22.2,online,US,20,mobile,233.36,1,25,0
TXN003992,CUST00461,38.75,retail,NG,15,mobile,227.59,4,42,0
TXN003993,CUST00456,33.04,travel,DE,11,mobile,257.7,1,50,0
TXN003994,CUST01384,11.39,retail,US,19,mobile,174.22,5,47,0
TXN003995,CUST01092,9.4,retail,US,19,desktop,158.68,0,18,0
TXN003996,CUST01007,12.12,grocery,GB,12,mobile,108.8,3,18,0
TXN003997,CUST00863,16.07,grocery,CA,0,desktop,105.64,1,44,0
TXN003998,CUST01436,47.78,travel,CA,17,mobile,368.42,4,21,0
TXN003999,CUST00491,14.94,online,CA,1,desktop,90.0,4,54,0
TXN004000,CUST01073,189.9,electronics,ET,1,desktop,330.19,4,41,0
TXN004001,CUST00564,92.49,restaurant,US,0,desktop,327.33,2,61,0
TXN004002,CUST01126,74.32,online,DE,9,desktop,265.25,4,41,0
TXN004003,CUST00216,29.38,grocery,IN,23,desktop,6.91,3,23,0
TXN004004,CUST01462,150.55,retail,US,0,mobile,28.82,1,56,0
TXN004005,CUST00559,26.63,restaurant,ET,13,mobile,68.02,4,18,0
TXN004006,CUST00159,32.1,retail,US,7,desktop,338.55,4,46,0
TXN004007,CUST00489,39.25,grocery,US,0,desktop,371.81,0,41,0
TXN004008,CUST00686,66.81,restaurant,IN,13,mobile,7.64,2,30,0
TXN004009,CUST01266,62.61,restaurant,US,9,mobile,70.67,2,45,0
TXN004010,CUST00794,20.59,retail,US,18,mobile,341.94,4,32,0
TXN004011,CUST00005,19.43,grocery,US,7,mobile,51.71,3,48,0
TXN004012,CUST00361,62.8,online,US,1,tablet,671.37,5,39,0
TXN004013,CUST00459,67.71,retail,CA,3,mobile,120.96,7,29,0
TXN004014,CUST00248,22.35,fuel,US,23,desktop,498.53,2,34,0
TXN004015,CUST00946,6.77,electronics,US,11,desktop,100.81,4,43,0
TXN004016,CUST00422,26.92,retail,US,8,mobile,70.43,4,30,0
TXN004017,CUST00015,61.78,retail,US,22,mobile,81.01,3,70,0
TXN004018,CUST00736,201.42,travel,CA,0,mobile,388.22,1,58,0
TXN004019,CUST01146,9.99,online,CA,7,desktop,72.27,1,62,0
TXN004020,CUST00277,21.62,retail,US,16,mobile,199.2,3,34,0
TXN004021,CUST00453,22.43,retail,US,15,mobile,114.22,1,43,0
TXN004022,CUST01414,128.48,travel,FR,14,mobile,511.5,2,68,0
TXN004023,CUST01318,31.98,entertainment,US,8,mobile,31.25,5,45,0
TXN004024,CUST00598,13.37,restaurant,US,7,mobile,100.76,5,55,1
TXN004025,CUST00446,57.9,electronics,DE,19,mobile,23.96,1,67,0
TXN004026,CUST00210,22.1,grocery,US,13,mobile,155.35,4,59,0
TXN004027,CUST00714,9.73,restaurant,US,11,desktop,92.82,1,59,0
TXN004028,CUST00302,13.56,online,US,14,mobile,11.32,1,49,0
TXN004029,CUST01247,187.55,online,US,3,desktop,341.29,5,38,0
TXN004030,CUST00003,48.63,restaurant,US,3,desktop,84.75,0,64,0
TXN004031,CUST00990,36.88,electronics,IN,21,desktop,122.49,2,26,0
TXN004032,CUST01117,25.79,electronics,US,1,mobile,94.22,2,54,0
TXN004033,CUST00520,44.35,retail,CA,3,mobile,120.73,4,33,0
TXN004034,CUST01452,43.83,retail,NG,19,desktop,2.96,5,68,1
TXN004035,CUST00493,44.35,electronics,GB,23,desktop,304.18,3,22,0
TXN004036,CUST01259,37.15,retail,CA,17,mobile,72.71,3,55,0
TXN004037,CUST00620,78.95,electronics,CA,14,mobile,232.03,1,26,0
TXN004038,CUST01185,33.89,fuel,US,7,desktop,12.08,2,23,0
TXN004039,CUST00331,12.45,retail,ET,9,mobile,133.55,4,32,0
TXN004040,CUST00333,17.95,electronics,US,1,desktop,431.03,4,35,0
TXN004041,CUST00050,4.58,fuel,NG,8,tablet,91.42,4,22,0
TXN004042,CUST00863,251.34,restaurant,CA,15,mobile,39.55,1,58,0
TXN004043,CUST00272,78.47,restaurant,AE,21,desktop,18.78,5,27,0
TXN004044,CUST00580,14.44,online,US,11,mobile,352.73,1,60,0
TXN004045,CUST01276,24.98,retail,AE,4,desktop,49.12,2,33,1
TXN004046,CUST00560,17.52,travel,US,6,mobile,664.51,4,62,0
TXN004047,CUST00696,154.86,retail,DE,14,mobile,51.26,4,44,0
TXN004048,CUST01114,8.01,retail,US,12,desktop,118.05,4,66,0
TXN004049,CUST00446,37.13,restaurant,GB,7,mobile,110.25,3,57,0
TXN004050,CUST01017,29.71,electronics,CA,23,tablet,11.52,2,70,0
TXN004051,CUST01356,75.7,online,US,18,mobile,136.61,4,40,0
TXN004052,CUST01163,29.84,online,US,18,mobile,201.01,4,45,0
TXN004053,CUST00357,5.71,grocery,US,4,mobile,243.96,5,28,0
TXN004054,CUST00274,25.76,retail,CA,20,desktop,133.09,2,21,0
TXN004055,CUST01043,12.53,fuel,DE,17,mobile,301.4,3,21,1
TXN004056,CUST00311,35.86,travel,US,20,desktop,251.05,2,33,0
TXN004057,CUST00870,138.96,online,US,16,mobile,38.82,0,73,0
TXN004058,CUST00886,5.82,grocery,CA,6,mobile,92.43,2,45,0
TXN004059,CUST00154,14.88,travel,US,13,desktop,27.69,3,46,0
TXN004060,CUST01414,19.05,retail,IN,14,mobile,25.78,2,74,0
TXN004061,CUST01284,22.61,retail,US,22,mobile,224.14,5,62,0
TXN004062,CUST00620,69.42,electronics,US,16,tablet,136.08,5,75,0
TXN004063,CUST00883,27.84,online,US,2,desktop,165.36,3,34,0
TXN004064,CUST00797,50.19,fuel,US,23,desktop,237.14,1,23,0
TXN004065,CUST00125,17.71,electronics,US,12,desktop,58.44,1,62,0
TXN004066,CUST01378,41.68,grocery,US,10,mobile,92.36,4,35,0
TXN004067,CUST01297,72.08,travel,US,2,desktop,168.02,4,30,0
TXN004068,CUST00619,15.92,online,CA,5,desktop,18.29,2,59,0
TXN004069,CUST00245,72.34,grocery,CA,5,desktop,322.22,6,52,0
TXN004070,CUST00848,34.9,grocery,US,21,mobile,75.74,3,42,0
TXN004071,CUST00450,94.2,restaurant,CA,20,tablet,193.53,2,72,0
TXN004072,CUST00930,27.07,electronics,IN,5,desktop,975.28,2,52,0
TXN004073,CUST01271,48.48,online,IN,5,mobile,116.11,3,59,0
TXN004074,CUST00520,31.8,restaurant,NG,5,desktop,43.58,1,28,1
TXN004075,CUST01165,30.08,restaurant,ET,23,mobile,43.9,6,29,0
TXN004076,CUST00362,42.9,retail,US,13,desktop,11.21,4,70,0
TXN004077,CUST00008,56.65,grocery,US,10,tablet,262.27,2,71,0
TXN004078,CUST00478,9.49,travel,US,15,mobile,62.52,7,55,0
TXN004079,CUST01376,138.88,retail,CA,21,tablet,34.13,4,49,0
TXN004080,CUST00495,5.16,online,AE,18,mobile,225.13,3,31,0
TXN004081,CUST00833,16.7,fuel,US,6,mobile,66.57,2,42,0
TXN004082,CUST01451,30.14,travel,US,5,mobile,165.14,2,50,0
TXN004083,CUST01063,50.02,grocery,GB,10,mobile,97.38,4,65,0
TXN004084,CUST00593,160.16,online,US,3,desktop,73.21,4,51,0
TXN004085,CUST00187,5.16,online,US,0,desktop,121.0,5,60,0
TXN004086,CUST00754,19.93,grocery,US,21,mobile,67.78,0,56,0
TXN004087,CUST00093,3.95,travel,IN,8,mobile,368.02,3,53,0
TXN004088,CUST00086,34.18,retail,US,12,desktop,13.65,3,23,0
TXN004089,CUST01068,43.45,restaurant,US,7,desktop,5.51,3,74,0
TXN004090,CUST00137,162.52,travel,US,1,tablet,93.88,2,58,0
TXN004091,CUST00421,37.36,travel,US,15,mobile,34.16,0,21,0
TXN004092,CUST00074,94.07,entertainment,US,18,tablet,245.07,1,24,0
TXN004093,CUST01180,59.37,entertainment,US,7,mobile,78.49,1,52,0
TXN004094,CUST01279,21.43,fuel,US,11,mobile,54.55,3,36,0
TXN004095,CUST00171,8.09,electronics,US,10,tablet,80.16,3,48,0
TXN004096,CUST00170,43.6,grocery,CA,8,mobile,44.6,2,37,0
TXN004097,CUST00872,7.45,electronics,US,23,desktop,64.11,3,38,0
TXN004098,CUST00322,120.93,fuel,NG,9,desktop,151.07,2,42,0
TXN004099,CUST00456,28.16,fuel,US,0,mobile,359.16,2,29,0
TXN004100,CUST00944,109.42,retail,US,18,desktop,83.41,2,51,0
TXN004101,CUST00790,20.49,travel,NG,23,desktop,69.6,6,34,0
TXN004102,CUST00613,43.33,online,US,16,mobile,274.01,1,60,0
TXN004103,CUST01179,40.83,online,US,22,desktop,4.08,1,49,0
TXN004104,CUST00889,31.66,grocery,US,3,tablet,64.74,0,18,0
TXN004105,CUST00349,21.48,travel,AE,11,mobile,108.32,3,32,0
TXN004106,CUST01475,49.03,online,ET,22,tablet,165.23,3,18,0
TXN004107,CUST01197,13.12,retail,US,19,mobile,30.54,1,42,0
TXN004108,CUST00010,9.88,electronics,GB,7,mobile,102.09,6,24,0
TXN004109,CUST00740,114.76,retail,US,21,desktop,150.37,4,51,0
TXN004110,CUST01289,68.52,online,NG,15,mobile,128.5,3,61,0
TXN004111,CUST01462,35.37,restaurant,US,23,tablet,153.83,3,23,0
TXN004112,CUST01271,175.06,restaurant,ET,0,desktop,195.46,4,55,0
TXN004113,CUST00667,25.34,grocery,US,8,desktop,85.86,4,53,0
TXN004114,CUST00546,124.3,travel,US,10,desktop,11.84,5,18,0
TXN004115,CUST00129,39.47,grocery,US,11,desktop,10.29,1,32,0
TXN004116,CUST00601,11.88,travel,DE,8,desktop,352.26,2,30,0
TXN004117,CUST00605,210.2,retail,GB,5,mobile,203.65,6,38,0
TXN004118,CUST00327,89.18,fuel,US,8,tablet,260.05,6,30,0
TXN004119,CUST00980,29.34,fuel,DE,5,mobile,475.62,0,57,0
TXN004120,CUST00404,68.52,grocery,GB,5,mobile,249.93,1,34,0
TXN004121,CUST00629,22.12,travel,FR,19,mobile,212.15,4,34,0
TXN004122,CUST01383,75.88,restaurant,US,2,tablet,191.95,4,29,0
TXN004123,CUST00718,3.03,retail,US,2,mobile,53.85,4,51,0
TXN004124,CUST01041,11.94,restaurant,US,15,mobile,567.62,3,56,0
TXN004125,CUST00274,88.17,travel,US,1,mobile,140.58,3,57,0
TXN004126,CUST00685,25.8,online,DE,3,mobile,45.2,0,28,0
TXN004127,CUST00116,40.75,online,DE,8,mobile,42.39,5,31,0
TXN004128,CUST00861,8.61,entertainment,DE,6,desktop,303.99,2,32,0
TXN004129,CUST00693,210.16,restaurant,US,2,mobile,51.83,3,40,0
TXN004130,CUST01115,108.91,electronics,GB,23,desktop,7.62,3,21,0
TXN004131,CUST01106,27.09,entertainment,US,12,mobile,100.68,3,50,0
TXN004132,CUST00324,22.09,online,IN,13,mobile,306.03,1,42,0
TXN004133,CUST00961,92.72,electronics,US,8,desktop,96.33,4,62,0
TXN004134,CUST00114,240.44,grocery,CA,0,mobile,292.92,0,58,0
TXN004135,CUST01082,85.95,fuel,FR,11,mobile,316.02,3,39,0
TXN004136,CUST00154,290.56,retail,NG,0,tablet,350.98,1,49,1
TXN004137,CUST01428,13.17,online,US,8,mobile,160.01,3,18,0
TXN004138,CUST01290,14.59,retail,US,6,mobile,216.4,1,41,0
TXN004139,CUST00315,10.09,online,US,2,mobile,54.65,4,70,0
TXN004140,CUST01065,51.51,restaurant,US,3,mobile,18.9,4,24,0
TXN004141,CUST00105,39.47,grocery,GB,6,mobile,136.97,3,60,0
TXN004142,CUST01217,28.45,online,IN,14,desktop,1.91,5,74,0
TXN004143,CUST01425,74.39,travel,US,23,mobile,112.84,0,54,0
TXN004144,CUST01302,113.56,entertainment,CA,23,mobile,19.38,2,23,0
TXN004145,CUST00354,7.2,fuel,NG,0,desktop,20.66,3,32,0
TXN004146,CUST01016,18.23,retail,US,5,mobile,368.33,7,70,0
TXN004147,CUST00733,75.2,online,US,21,mobile,184.16,4,51,0
TXN004148,CUST00709,20.74,electronics,AE,4,desktop,186.53,2,18,1
TXN004149,CUST01280,14.91,restaurant,NG,10,mobile,93.3,2,56,0
TXN004150,CUST00651,91.7,travel,US,16,mobile,95.97,5,68,0
TXN004151,CUST00824,9.12,retail,US,2,desktop,65.0,2,25,0
TXN004152,CUST00947,24.49,grocery,US,11,tablet,102.56,3,52,0
TXN004153,CUST00661,46.0,retail,CA,19,mobile,159.23,3,29,0
TXN004154,CUST00099,18.66,retail,US,9,desktop,37.17,3,63,0
TXN004155,CUST00588,72.47,online,US,6,mobile,54.61,9,41,0
TXN004156,CUST00282,18.75,electronics,FR,14,mobile,122.89,5,18,0
TXN004157,CUST00403,135.45,restaurant,FR,20,mobile,87.44,4,30,0
TXN004158,CUST01133,29.2,restaurant,AE,17,mobile,308.15,2,54,0
TXN004159,CUST00700,64.8,grocery,US,18,mobile,310.36,1,32,0
TXN004160,CUST00199,69.83,travel,US,0,tablet,73.7,3,51,0
TXN004161,CUST01327,17.68,grocery,AE,21,tablet,107.87,5,54,0
TXN004162,CUST00327,4.25,fuel,DE,12,desktop,675.81,0,30,0
TXN004163,CUST00154,47.5,electronics,ET,23,mobile,316.3,3,33,0
TXN004164,CUST00552,35.6,restaurant,IN,3,desktop,43.72,4,53,0
TXN004165,CUST00405,57.73,online,AE,17,desktop,59.19,5,23,0
TXN004166,CUST00462,26.4,retail,US,11,mobile,15.69,3,70,0
TXN004167,CUST00132,21.53,fuel,US,3,mobile,203.88,2,67,0
TXN004168,CUST00791,246.77,travel,CA,3,mobile,68.6,3,51,0
TXN004169,CUST00874,7.6,fuel,GB,4,mobile,138.45,3,29,0
TXN004170,CUST00084,68.99,fuel,US,18,mobile,263.09,1,71,0
TXN004171,CUST01423,18.64,retail,FR,8,tablet,325.46,2,68,0
TXN004172,CUST00754,23.67,restaurant,US,6,mobile,70.84,2,61,0
TXN004173,CUST00628,24.12,retail,FR,6,mobile,48.75,4,55,0
TXN004174,CUST01133,14.83,restaurant,US,11,tablet,339.73,2,64,0
TXN004175,CUST00221,58.63,retail,US,9,mobile,86.42,3,66,0
TXN004176,CUST00553,133.04,restaurant,AE,19,desktop,310.67,3,53,0
TXN004177,CUST01392,52.99,retail,US,20,mobile,29.2,1,60,0
TXN004178,CUST01171,36.72,retail,US,12,mobile,437.29,4,41,0
TXN004179,CUST00112,12.35,grocery,US,22,mobile,118.79,4,21,0
TXN004180,CUST00615,55.52,retail,NG,5,mobile,33.57,2,42,1
TXN004181,CUST00924,286.1,grocery,AE,8,desktop,137.86,2,68,1
TXN004182,CUST00475,22.63,restaurant,IN,18,mobile,367.26,5,58,0
TXN004183,CUST00836,22.74,travel,NG,23,mobile,88.77,1,28,0
TXN004184,CUST00271,18.9,retail,DE,15,desktop,35.3,1,63,0
TXN004185,CUST00421,20.3,travel,US,10,mobile,154.68,4,20,0
TXN004186,CUST00707,2.13,online,US,3,desktop,323.75,2,24,0
TXN004187,CUST01391,49.65,fuel,US,0,mobile,23.29,2,71,0
TXN004188,CUST01304,14.22,retail,CA,20,desktop,7.61,2,73,0
TXN004189,CUST01307,6.62,entertainment,ET,11,mobile,10.43,2,28,0
TXN004190,CUST00040,70.33,restaurant,US,3,mobile,47.16,0,18,0
TXN004191,CUST00189,11.22,restaurant,US,4,mobile,1.32,3,58,1
TXN004192,CUST01188,23.6,grocery,US,5,desktop,100.76,8,72,0
TXN004193,CUST00994,143.52,online,US,13,tablet,215.37,3,58,0
TXN004194,CUST00536,8.09,restaurant,DE,0,mobile,223.1,1,66,0
TXN004195,CUST01028,7.15,restaurant,CA,7,desktop,182.26,3,43,0
TXN004196,CUST00290,43.35,retail,FR,14,mobile,63.23,4,71,0
TXN004197,CUST00433,104.53,restaurant,US,11,mobile,239.68,2,31,0
TXN004198,CUST00471,6.86,online,IN,18,desktop,154.65,3,64,1
TXN004199,CUST01205,49.78,electronics,US,22,mobile,355.42,3,59,0
TXN004200,CUST01272,59.2,grocery,US,6,mobile,117.02,4,33,0
TXN004201,CUST00628,4.22,electronics,GB,8,desktop,35.75,6,29,0
TXN004202,CUST00279,73.59,electronics,US,10,desktop,181.24,5,69,0
TXN004203,CUST00877,79.57,retail,US,22,mobile,29.42,6,46,0
TXN004204,CUST00581,24.25,restaurant,US,7,mobile,594.14,3,49,0
TXN004205,CUST00863,115.86,electronics,CA,3,mobile,218.7,1,27,0
TXN004206,CUST00254,103.18,entertainment,NG,9,mobile,254.14,2,46,0
TXN004207,CUST00181,36.71,fuel,CA,19,mobile,204.69,4,55,0
TXN004208,CUST00681,21.08,entertainment,CA,9,tablet,18.48,2,36,0
TXN004209,CUST00825,12.52,retail,US,7,mobile,112.69,2,72,0
TXN004210,CUST00700,31.89,entertainment,US,13,desktop,189.7,0,26,0
TXN004211,CUST00566,58.54,electronics,US,3,tablet,46.9,2,68,0
TXN004212,CUST01350,23.95,entertainment,NG,19,desktop,204.82,3,42,0
TXN004213,CUST01381,3.68,travel,US,2,mobile,308.55,3,36,0
TXN004214,CUST00680,117.77,restaurant,IN,2,desktop,57.87,3,56,0
TXN004215,CUST00391,40.05,restaurant,US,3,tablet,40.08,1,26,0
TXN004216,CUST01109,22.65,restaurant,GB,11,mobile,386.45,0,34,0
TXN004217,CUST01341,78.04,grocery,IN,17,mobile,0.94,3,44,0
TXN004218,CUST00212,152.12,restaurant,US,18,mobile,53.17,3,67,0
TXN004219,CUST00384,2.01,grocery,DE,10,mobile,93.98,2,25,0
TXN004220,CUST00342,51.12,retail,US,17,mobile,200.8,1,40,0
TXN004221,CUST00844,7.95,retail,US,13,desktop,1049.5,1,72,0
TXN004222,CUST01062,54.55,online,US,10,desktop,83.4,5,72,0
TXN004223,CUST00420,37.63,entertainment,AE,13,mobile,534.99,4,30,0
TXN004224,CUST00751,62.54,restaurant,US,21,desktop,82.25,3,58,0
TXN004225,CUST01193,20.1,retail,US,2,mobile,214.05,3,25,0
TXN004226,CUST01367,5.09,travel,IN,1,desktop,32.54,6,30,0
TXN004227,CUST00306,21.11,grocery,US,8,desktop,111.05,6,30,0
TXN004228,CUST00702,49.74,grocery,US,7,desktop,369.01,4,72,0
TXN004229,CUST00869,91.41,restaurant,IN,4,mobile,69.42,2,34,0
TXN004230,CUST00537,10.26,grocery,US,8,desktop,20.01,0,37,0
TXN004231,CUST01136,92.49,restaurant,US,4,mobile,133.13,4,22,0
TXN004232,CUST01435,17.32,grocery,AE,20,mobile,104.22,8,42,0
TXN004233,CUST00206,47.58,restaurant,US,12,mobile,46.94,1,33,0
TXN004234,CUST01209,19.89,restaurant,US,10,mobile,424.87,2,60,0
TXN004235,CUST01406,39.73,retail,US,10,mobile,165.69,1,35,0
TXN004236,CUST00496,80.79,restaurant,DE,19,mobile,76.76,0,26,0
TXN004237,CUST01403,9.71,restaurant,US,11,mobile,999.87,7,52,0
TXN004238,CUST01071,16.78,fuel,US,18,desktop,26.64,1,27,0
TXN004239,CUST00504,39.84,retail,US,12,mobile,339.04,3,52,0
TXN004240,CUST01046,365.62,electronics,US,8,mobile,47.19,2,54,0
TXN004241,CUST00213,13.97,retail,GB,3,mobile,49.28,4,70,0
TXN004242,CUST00310,254.71,electronics,US,6,desktop,124.11,5,36,0
TXN004243,CUST00661,245.78,restaurant,CA,4,desktop,195.22,2,30,0
TXN004244,CUST00753,30.04,restaurant,US,6,desktop,211.08,2,53,0
TXN004245,CUST00272,24.58,online,US,7,desktop,4.03,4,42,0
TXN004246,CUST00938,16.58,electronics,US,13,mobile,60.85,2,22,0
TXN004247,CUST01226,30.93,fuel,US,23,desktop,194.51,1,34,0
TXN004248,CUST00032,8.11,restaurant,US,9,mobile,396.88,1,51,0
TXN004249,CUST00443,30.68,fuel,CA,5,mobile,199.5,2,60,0
TXN004250,CUST00162,147.95,electronics,GB,4,tablet,55.64,4,40,0
TXN004251,CUST00767,17.97,travel,US,14,mobile,127.59,4,20,0
TXN004252,CUST00254,26.03,online,CA,15,desktop,187.73,1,27,0
TXN004253,CUST00521,6.04,fuel,IN,1,tablet,26.18,2,49,0
TXN004254,CUST00977,48.14,restaurant,US,14,mobile,141.71,1,75,0
TXN004255,CUST00010,43.14,entertainment,US,7,mobile,114.84,6,50,0
TXN004256,CUST00726,35.29,fuel,DE,20,mobile,73.88,3,24,0
TXN004257,CUST00505,26.66,restaurant,US,23,mobile,175.85,1,30,0
TXN004258,CUST00785,24.71,retail,FR,21,mobile,182.02,1,55,0
TXN004259,CUST00436,54.7,fuel,IN,23,tablet,640.22,0,28,0
TXN004260,CUST01135,32.17,travel,US,12,tablet,100.65,3,32,0
TXN004261,CUST00153,45.38,grocery,AE,16,desktop,136.39,3,40,0
TXN004262,CUST00917,41.06,online,US,14,desktop,30.85,1,36,0
TXN004263,CUST00869,101.84,grocery,US,13,mobile,143.08,2,25,0
TXN004264,CUST01126,65.17,electronics,US,18,desktop,6.62,0,66,0
TXN004265,CUST00753,40.16,electronics,US,12,mobile,29.23,1,41,0
TXN004266,CUST01215,151.17,fuel,US,20,mobile,33.81,5,19,0
TXN004267,CUST00563,50.41,restaurant,US,6,mobile,180.25,2,55,0
TXN004268,CUST01105,122.11,entertainment,DE,7,desktop,150.79,3,47,0
TXN004269,CUST00489,60.76,restaurant,US,6,mobile,287.94,1,61,0
TXN004270,CUST00895,5.25,travel,US,18,mobile,112.39,6,71,0
TXN004271,CUST01112,122.1,fuel,US,14,desktop,115.93,3,50,0
TXN004272,CUST01218,37.91,online,US,6,desktop,31.72,3,36,1
TXN004273,CUST00104,31.44,restaurant,US,16,mobile,244.35,4,48,0
TXN004274,CUST01120,43.88,electronics,DE,20,mobile,0.66,3,41,0
TXN004275,CUST01447,23.45,restaurant,US,17,desktop,99.58,6,39,0
TXN004276,CUST01222,41.56,online,CA,18,mobile,37.56,3,56,0
TXN004277,CUST01025,18.32,electronics,US,2,desktop,265.33,1,46,0
TXN004278,CUST01007,118.42,fuel,GB,23,mobile,201.42,3,51,0
TXN004279,CUST00407,29.56,online,US,21,desktop,220.82,3,70,0
TXN004280,CUST01402,22.59,grocery,US,6,desktop,28.95,2,21,0
TXN004281,CUST00167,13.13,restaurant,GB,20,desktop,198.91,2,67,0
TXN004282,CUST00509,43.33,restaurant,US,9,mobile,211.33,3,63,0
TXN004283,CUST00313,39.93,electronics,AE,6,mobile,0.48,1,70,1
TXN004284,CUST01442,48.83,online,DE,10,desktop,68.79,2,34,0
TXN004285,CUST00763,11.85,travel,US,2,mobile,16.44,2,68,0
TXN004286,CUST00681,6.68,fuel,NG,20,desktop,205.88,1,45,0
TXN004287,CUST00477,61.9,restaurant,AE,21,desktop,42.91,3,55,0
TXN004288,CUST00073,146.15,retail,US,8,mobile,55.34,0,21,0
TXN004289,CUST01165,11.87,electronics,US,3,tablet,14.68,1,33,0
TXN004290,CUST00582,162.3,restaurant,CA,7,mobile,119.03,2,59,0
TXN004291,CUST00262,43.99,fuel,US,23,desktop,6.05,1,60,0
TXN004292,CUST01364,32.88,entertainment,US,21,desktop,336.27,7,61,0
TXN004293,CUST01332,22.25,electronics,GB,11,mobile,4.81,5,53,0
TXN004294,CUST00245,8.29,fuel,GB,7,desktop,11.45,1,65,0
TXN004295,CUST01361,88.92,retail,GB,14,desktop,184.1,2,48,0
TXN004296,CUST00561,15.25,fuel,GB,13,desktop,447.86,3,32,0
TXN004297,CUST01100,15.18,grocery,US,4,mobile,400.81,5,26,0
TXN004298,CUST00175,89.29,entertainment,US,16,desktop,15.72,4,53,0
TXN004299,CUST00109,5.04,fuel,GB,19,mobile,61.25,6,21,0
TXN004300,CUST00183,7.22,fuel,US,10,mobile,132.5,3,36,0
TXN004301,CUST00192,32.52,fuel,FR,21,mobile,4.86,0,51,0
TXN004302,CUST00065,44.4,retail,US,14,mobile,135.38,2,41,0
TXN004303,CUST00963,53.77,travel,US,12,desktop,106.88,4,28,0
TXN004304,CUST01498,24.49,grocery,CA,3,desktop,159.79,4,52,0
TXN004305,CUST01124,415.87,travel,US,21,tablet,455.34,0,45,0
TXN004306,CUST00864,26.37,grocery,US,12,mobile,57.79,6,45,0
TXN004307,CUST01152,26.29,restaurant,US,12,desktop,183.45,3,28,0
TXN004308,CUST01476,14.92,online,US,10,mobile,101.13,7,55,0
TXN004309,CUST00369,37.48,restaurant,US,4,mobile,102.81,2,51,0
TXN004310,CUST00851,61.25,fuel,US,13,desktop,187.57,4,32,0
TXN004311,CUST00043,110.34,entertainment,CA,21,mobile,544.11,5,25,0
TXN004312,CUST01443,7.47,electronics,AE,2,mobile,357.84,7,58,1
TXN004313,CUST00488,25.89,retail,US,17,mobile,183.66,2,54,0
TXN004314,CUST00078,51.76,grocery,US,2,desktop,111.43,4,58,0
TXN004315,CUST00826,59.56,entertainment,DE,5,desktop,99.29,2,18,0
TXN004316,CUST01294,33.33,entertainment,AE,7,mobile,278.48,4,41,0
TXN004317,CUST00674,56.96,restaurant,US,23,mobile,44.31,2,67,0
TXN004318,CUST00701,14.75,restaurant,US,20,mobile,159.47,2,27,0
TXN004319,CUST00759,157.26,restaurant,US,16,mobile,126.56,4,57,0
TXN004320,CUST00728,89.36,entertainment,US,0,desktop,188.64,2,34,0
TXN004321,CUST01339,8.63,entertainment,GB,6,tablet,37.36,4,31,0
TXN004322,CUST00925,11.3,restaurant,IN,17,tablet,214.19,3,18,0
TXN004323,CUST00902,11.62,online,GB,3,desktop,177.51,3,28,0
TXN004324,CUST00889,65.23,grocery,IN,9,desktop,35.75,2,58,0
TXN004325,CUST00993,9.16,travel,US,4,desktop,107.49,3,59,0
TXN004326,CUST01192,23.78,retail,NG,7,tablet,204.32,6,20,0
TXN004327,CUST00339,52.18,grocery,US,12,desktop,417.38,1,34,0
TXN004328,CUST00193,31.0,retail,US,16,mobile,23.44,3,28,0
TXN004329,CUST01477,42.9,entertainment,DE,20,mobile,1.58,2,41,0
TXN004330,CUST00283,11.41,retail,US,3,desktop,32.49,2,53,0
TXN004331,CUST01360,60.03,grocery,US,9,desktop,816.31,1,50,0
TXN004332,CUST00390,17.94,restaurant,GB,20,desktop,263.27,3,49,0
TXN004333,CUST01000,23.94,grocery,US,7,desktop,171.52,4,42,0
TXN004334,CUST00525,42.0,fuel,CA,9,desktop,25.69,3,67,0
TXN004335,CUST01264,36.71,online,US,12,mobile,96.83,6,44,0
TXN004336,CUST00659,33.92,grocery,ET,11,mobile,226.1,2,64,0
TXN004337,CUST00716,15.63,entertainment,US,20,desktop,407.21,2,60,0
TXN004338,CUST00891,24.54,restaurant,US,12,desktop,86.58,1,34,0
TXN004339,CUST01482,33.19,grocery,US,9,mobile,1454.14,2,34,0
TXN004340,CUST01113,8.37,electronics,ET,20,desktop,27.09,4,67,0
TXN004341,CUST01119,20.85,grocery,CA,0,mobile,88.07,1,63,0
TXN004342,CUST00452,48.8,restaurant,US,8,mobile,374.87,1,74,0
TXN004343,CUST00428,9.23,electronics,US,2,mobile,188.92,2,57,0
TXN004344,CUST01175,105.28,retail,US,16,desktop,299.8,2,21,0
TXN004345,CUST01400,117.87,entertainment,CA,20,desktop,429.08,5,35,0
TXN004346,CUST01046,9.53,travel,US,9,mobile,127.42,0,28,0
TXN004347,CUST00883,128.72,fuel,US,18,tablet,48.16,4,58,0
TXN004348,CUST00313,28.69,online,DE,5,tablet,212.98,4,57,0
TXN004349,CUST00840,50.33,electronics,NG,6,desktop,149.21,7,29,0
TXN004350,CUST00519,20.15,fuel,US,10,desktop,266.63,5,60,0
TXN004351,CUST01230,83.35,fuel,US,15,desktop,129.03,2,54,0
TXN004352,CUST00375,49.7,online,CA,3,desktop,299.99,0,27,0
TXN004353,CUST00451,14.67,online,CA,3,mobile,418.13,1,32,0
TXN004354,CUST01015,10.33,fuel,US,17,mobile,249.23,4,75,0
TXN004355,CUST00595,7.69,electronics,US,17,mobile,245.02,1,75,0
TXN004356,CUST01203,39.96,retail,US,6,desktop,159.26,4,28,0
TXN004357,CUST01234,58.7,grocery,CA,10,mobile,114.84,1,51,0
TXN004358,CUST00500,63.5,retail,GB,4,mobile,647.42,1,59,0
TXN004359,CUST00464,29.43,electronics,US,20,mobile,186.47,4,52,0
TXN004360,CUST01148,10.41,grocery,US,17,mobile,330.27,0,25,0
TXN004361,CUST00113,16.74,online,US,6,mobile,126.72,6,48,0
TXN004362,CUST01036,104.83,electronics,ET,1,desktop,145.69,1,61,0
TXN004363,CUST01150,20.4,entertainment,US,4,tablet,195.72,1,32,0
TXN004364,CUST00331,38.22,travel,US,4,tablet,234.72,3,46,0
TXN004365,CUST01307,11.29,fuel,ET,18,desktop,107.07,0,32,0
TXN004366,CUST00140,46.37,restaurant,AE,1,tablet,79.3,3,73,1
TXN004367,CUST01425,20.95,restaurant,GB,18,mobile,49.26,4,48,0
TXN004368,CUST00902,94.32,electronics,US,4,mobile,99.19,1,24,0
TXN004369,CUST01121,71.78,online,AE,11,mobile,42.71,4,47,0
TXN004370,CUST00517,20.17,online,FR,12,desktop,97.05,5,42,0
TXN004371,CUST00569,29.18,online,DE,21,mobile,373.81,6,72,0
TXN004372,CUST00846,19.08,retail,US,19,desktop,679.56,3,32,0
TXN004373,CUST01093,8.01,fuel,US,6,desktop,154.91,2,30,0
TXN004374,CUST00118,14.05,retail,DE,1,desktop,28.41,6,27,0
TXN004375,CUST00888,40.38,grocery,IN,21,mobile,100.41,5,36,0
TXN004376,CUST01083,45.84,grocery,FR,13,desktop,165.87,3,66,0
TXN004377,CUST01057,38.42,restaurant,AE,4,desktop,83.39,8,32,1
TXN004378,CUST01342,24.49,grocery,US,19,mobile,41.33,5,20,0
TXN004379,CUST00050,84.19,online,US,21,desktop,46.3,6,35,0
TXN004380,CUST00019,35.29,online,GB,11,desktop,115.62,3,39,0
TXN004381,CUST00726,66.9,online,DE,3,tablet,43.9,3,54,0
TXN004382,CUST00197,5.62,fuel,GB,16,mobile,51.67,5,49,0
TXN004383,CUST01474,0.66,retail,IN,15,mobile,371.56,5,48,0
TXN004384,CUST00559,43.98,retail,US,9,mobile,271.78,0,27,0
TXN004385,CUST00452,7.97,grocery,US,2,desktop,10.24,3,58,0
TXN004386,CUST00289,26.78,electronics,NG,21,desktop,69.47,2,62,0
TXN004387,CUST01165,24.48,restaurant,US,0,tablet,136.65,2,73,0
TXN004388,CUST01108,161.97,grocery,DE,5,tablet,11.25,2,38,0
TXN004389,CUST00391,49.4,online,NG,2,desktop,206.89,3,51,1
TXN004390,CUST00215,39.09,online,US,18,desktop,87.34,4,46,0
TXN004391,CUST00215,76.48,restaurant,AE,6,mobile,91.1,3,27,0
TXN004392,CUST01427,47.87,fuel,US,8,mobile,55.5,5,45,0
TXN004393,CUST00128,20.95,fuel,ET,21,tablet,73.14,4,71,0
TXN004394,CUST00760,96.69,grocery,US,11,desktop,356.09,5,27,0
TXN004395,CUST00404,10.92,electronics,GB,13,mobile,279.72,4,49,0
TXN004396,CUST01053,45.75,retail,GB,0,mobile,494.16,3,31,0
TXN004397,CUST00338,7.05,online,US,12,mobile,216.11,3,49,0
TXN004398,CUST00831,40.61,electronics,GB,20,desktop,155.24,3,70,0
TXN004399,CUST00714,40.16,restaurant,IN,1,desktop,54.02,7,69,0
TXN004400,CUST00361,177.05,restaurant,DE,2,mobile,197.85,4,73,0
TXN004401,CUST00569,6.92,grocery,IN,10,mobile,425.91,4,47,0
TXN004402,CUST01416,18.16,entertainment,US,4,desktop,12.9,2,73,0
TXN004403,CUST00218,75.39,grocery,US,1,mobile,105.36,4,25,0
TXN004404,CUST00202,46.31,restaurant,US,13,mobile,29.12,2,54,0
TXN004405,CUST00017,39.66,grocery,IN,12,mobile,299.52,3,71,0
TXN004406,CUST00322,12.73,entertainment,US,13,mobile,171.39,2,36,0
TXN004407,CUST00518,18.34,grocery,US,2,desktop,381.12,4,39,0
TXN004408,CUST01349,115.01,restaurant,US,7,tablet,11.73,1,68,0
TXN004409,CUST01436,31.45,online,US,12,mobile,425.09,4,41,0
TXN004410,CUST01342,48.2,electronics,NG,21,desktop,12.52,6,45,0
TXN004411,CUST00681,29.51,restaurant,US,11,mobile,61.04,6,58,0
TXN004412,CUST01106,10.14,restaurant,NG,17,desktop,30.56,6,60,0
TXN004413,CUST01498,84.25,entertainment,US,17,desktop,28.28,3,22,0
TXN004414,CUST01492,54.77,retail,AE,16,mobile,33.9,3,26,0
TXN004415,CUST00425,332.17,electronics,US,6,desktop,117.78,4,25,0
TXN004416,CUST01228,11.99,grocery,US,21,mobile,276.15,2,73,0
TXN004417,CUST01019,75.38,grocery,US,12,desktop,411.39,3,60,0
TXN004418,CUST00387,8.92,fuel,US,12,desktop,150.61,1,35,0
TXN004419,CUST00778,38.76,online,US,5,desktop,30.9,3,57,0
TXN004420,CUST00098,87.93,entertainment,US,20,tablet,14.85,3,70,0
TXN004421,CUST01369,4.17,fuel,US,18,tablet,122.67,1,30,0
TXN004422,CUST00208,26.98,retail,US,23,desktop,260.96,3,60,0
TXN004423,CUST00586,18.86,retail,CA,18,desktop,174.24,1,23,0
TXN004424,CUST00166,16.41,entertainment,US,20,mobile,157.35,4,74,0
TXN004425,CUST00022,48.68,travel,DE,23,mobile,8.88,4,33,0
TXN004426,CUST00154,101.56,restaurant,IN,15,mobile,95.45,2,35,0
TXN004427,CUST01463,28.98,travel,US,2,mobile,143.88,5,59,0
TXN004428,CUST01319,40.67,travel,US,13,mobile,164.17,2,34,0
TXN004429,CUST00219,37.13,online,US,20,desktop,0.87,4,19,0
TXN004430,CUST00669,33.18,restaurant,US,5,mobile,40.07,4,35,0
TXN004431,CUST00230,11.14,online,DE,16,desktop,538.46,4,73,0
TXN004432,CUST00020,100.33,travel,US,15,mobile,127.91,3,28,0
TXN004433,CUST00553,44.49,online,US,1,desktop,218.91,3,72,0
TXN004434,CUST00950,49.15,restaurant,US,22,desktop,66.32,0,19,0
TXN004435,CUST00148,14.78,travel,ET,8,mobile,158.47,3,19,0
TXN004436,CUST01132,20.92,restaurant,CA,12,tablet,79.34,3,74,0
TXN004437,CUST00403,27.77,retail,IN,13,mobile,63.42,3,35,0
TXN004438,CUST00596,7.14,travel,NG,19,tablet,95.4,2,58,0
TXN004439,CUST00367,6.12,restaurant,US,20,mobile,110.86,1,39,0
TXN004440,CUST01438,18.16,grocery,US,11,mobile,72.39,1,33,0
TXN004441,CUST01333,55.84,fuel,US,19,tablet,53.71,2,44,0
TXN004442,CUST00802,17.23,restaurant,US,10,desktop,175.98,3,34,0
TXN004443,CUST00918,11.96,retail,US,18,desktop,86.26,0,59,0
TXN004444,CUST01158,14.66,online,US,9,desktop,40.58,3,71,0
TXN004445,CUST01307,21.0,restaurant,US,17,mobile,255.66,5,34,0
TXN004446,CUST00073,23.25,online,US,2,mobile,231.56,1,23,0
TXN004447,CUST00481,288.74,restaurant,AE,15,mobile,392.17,5,50,1
TXN004448,CUST01376,95.07,entertainment,IN,17,mobile,145.75,2,30,0
TXN004449,CUST00560,92.28,restaurant,US,13,tablet,58.99,1,23,0
TXN004450,CUST01350,106.55,retail,US,23,desktop,358.73,6,43,0
TXN004451,CUST00745,12.2,online,US,16,mobile,59.21,2,36,0
TXN004452,CUST01467,9.75,entertainment,NG,4,desktop,191.87,2,55,1
TXN004453,CUST00100,10.95,grocery,IN,16,mobile,38.02,1,36,0
TXN004454,CUST01083,125.78,electronics,US,20,mobile,178.56,5,61,0
TXN004455,CUST00508,19.16,fuel,US,13,desktop,330.83,3,43,0
TXN004456,CUST00258,9.47,online,US,2,mobile,139.75,3,39,0
TXN004457,CUST00413,21.52,restaurant,US,14,mobile,114.58,5,28,0
TXN004458,CUST01476,26.09,electronics,GB,11,desktop,905.72,1,39,0
TXN004459,CUST01089,43.31,restaurant,US,16,tablet,4.09,1,49,0
TXN004460,CUST00595,42.56,online,IN,16,desktop,72.55,3,24,0
TXN004461,CUST01178,14.47,electronics,US,23,mobile,451.5,5,39,0
TXN004462,CUST00266,65.74,restaurant,ET,18,mobile,185.22,4,23,0
TXN004463,CUST00821,17.48,restaurant,US,6,desktop,140.6,0,32,0
TXN004464,CUST01103,28.32,electronics,US,4,desktop,182.75,6,55,0
TXN004465,CUST01339,65.81,restaurant,DE,1,desktop,69.93,2,58,0
TXN004466,CUST00662,17.43,retail,IN,15,tablet,13.29,3,72,0
TXN004467,CUST00947,18.74,grocery,DE,12,desktop,57.92,3,73,0
TXN004468,CUST00560,59.84,retail,FR,10,desktop,73.84,4,35,0
TXN004469,CUST00917,14.05,electronics,FR,6,mobile,117.66,2,52,0
TXN004470,CUST00891,22.54,electronics,US,22,desktop,90.13,3,51,0
TXN004471,CUST01272,57.73,restaurant,FR,2,desktop,132.49,3,62,0
TXN004472,CUST00868,258.29,online,ET,5,mobile,39.29,2,46,1
TXN004473,CUST00610,60.67,fuel,US,4,mobile,36.61,5,60,0
TXN004474,CUST00414,53.12,travel,US,0,mobile,78.02,3,22,0
TXN004475,CUST00025,56.31,grocery,FR,0,desktop,115.54,7,41,0
TXN004476,CUST00284,11.32,retail,ET,17,mobile,75.26,6,49,0
TXN004477,CUST01473,37.17,retail,US,22,desktop,154.68,4,47,0
TXN004478,CUST00881,32.14,travel,ET,2,mobile,66.79,2,22,0
TXN004479,CUST00301,45.68,online,ET,18,desktop,35.1,0,61,0
TXN004480,CUST01092,37.21,travel,US,9,mobile,357.57,2,51,0
TXN004481,CUST01031,48.41,restaurant,DE,19,desktop,40.3,3,67,0
TXN004482,CUST00817,24.25,grocery,US,10,mobile,612.08,2,59,0
TXN004483,CUST01161,35.11,travel,US,7,mobile,787.39,0,35,0
TXN004484,CUST01188,9.7,entertainment,CA,19,mobile,214.81,0,53,0
TXN004485,CUST00083,24.05,grocery,NG,22,mobile,125.49,1,75,0
TXN004486,CUST01444,133.06,online,US,10,desktop,285.62,0,38,0
TXN004487,CUST01097,45.55,retail,AE,4,desktop,371.73,3,39,1
TXN004488,CUST01261,32.43,restaurant,US,21,mobile,222.56,4,56,0
TXN004489,CUST00046,220.55,restaurant,AE,23,mobile,19.37,2,73,0
TXN004490,CUST00618,8.49,fuel,AE,3,desktop,0.54,4,38,1
TXN004491,CUST00928,10.92,restaurant,NG,12,desktop,38.35,2,52,0
TXN004492,CUST00262,183.59,restaurant,FR,5,mobile,37.6,6,22,0
TXN004493,CUST00176,34.67,electronics,AE,1,mobile,36.27,7,50,1
TXN004494,CUST01190,25.98,electronics,US,5,desktop,128.32,3,24,0
TXN004495,CUST00657,9.98,retail,US,21,mobile,132.15,7,61,0
TXN004496,CUST00842,51.82,online,US,9,desktop,231.09,3,41,0
TXN004497,CUST00370,57.08,electronics,FR,22,desktop,40.5,2,71,0
TXN004498,CUST00054,11.08,online,US,3,mobile,17.5,1,65,0
TXN004499,CUST00690,28.78,retail,US,15,desktop,197.44,4,71,0
TXN004500,CUST01443,23.68,grocery,NG,22,desktop,119.1,2,74,0
TXN004501,CUST01365,42.78,restaurant,DE,9,mobile,197.56,5,56,0
TXN004502,CUST01151,10.81,retail,NG,0,mobile,86.26,3,25,0
TXN004503,CUST01433,115.81,retail,US,12,desktop,250.11,3,32,0
TXN004504,CUST00367,82.75,grocery,US,13,mobile,206.57,6,23,0
TXN004505,CUST01295,23.03,grocery,US,22,desktop,189.14,5,22,0
TXN004506,CUST00644,26.67,electronics,US,11,tablet,5.03,1,40,0
TXN004507,CUST00379,28.89,grocery,US,12,tablet,351.5,2,65,0
TXN004508,CUST00073,15.21,online,US,0,mobile,85.06,1,37,0
TXN004509,CUST00915,21.25,grocery,US,13,desktop,26.23,3,29,0
TXN004510,CUST01272,25.27,grocery,CA,7,desktop,253.6,3,59,0
TXN004511,CUST00860,166.15,travel,US,21,mobile,119.96,2,61,0
TXN004512,CUST00043,85.34,retail,US,13,mobile,5.86,2,38,0
TXN004513,CUST00377,84.32,electronics,DE,0,mobile,274.08,6,39,0
TXN004514,CUST01065,47.94,electronics,DE,16,desktop,102.78,7,42,0
TXN004515,CUST00170,10.83,retail,AE,15,mobile,253.12,2,29,0
TXN004516,CUST00212,31.77,online,US,11,mobile,253.6,3,19,0
TXN004517,CUST00039,87.4,electronics,IN,19,desktop,18.95,5,47,0
TXN004518,CUST00369,9.41,electronics,NG,22,desktop,170.98,2,24,0
TXN004519,CUST00757,62.59,restaurant,CA,4,mobile,80.37,1,54,0
TXN004520,CUST00151,337.85,online,US,20,desktop,142.3,4,75,0
TXN004521,CUST01135,95.76,travel,US,23,desktop,16.69,5,35,0
TXN004522,CUST01460,136.19,restaurant,DE,17,desktop,159.69,5,35,0
TXN004523,CUST01071,41.2,grocery,CA,3,desktop,270.54,4,45,0
TXN004524,CUST01024,87.18,restaurant,IN,19,mobile,779.15,1,65,0
TXN004525,CUST00737,16.15,travel,CA,10,tablet,69.49,3,51,0
TXN004526,CUST01390,73.4,grocery,IN,7,mobile,30.34,3,25,0
TXN004527,CUST00069,63.71,grocery,AE,21,mobile,82.0,4,36,0
TXN004528,CUST00299,44.25,retail,IN,8,desktop,3.51,1,23,0
TXN004529,CUST00944,123.47,online,US,19,desktop,94.6,1,72,0
TXN004530,CUST00802,19.32,grocery,US,9,desktop,442.85,2,71,0
TXN004531,CUST00296,27.47,fuel,ET,6,mobile,38.9,5,62,0
TXN004532,CUST00203,36.43,grocery,ET,18,mobile,116.92,1,24,0
TXN004533,CUST00061,11.83,fuel,US,21,mobile,153.01,3,37,0
TXN004534,CUST00946,41.55,fuel,FR,0,mobile,35.7,8,41,0
TXN004535,CUST00963,5.94,online,CA,4,desktop,72.11,4,46,0
TXN004536,CUST01338,94.34,fuel,US,5,desktop,436.17,3,45,0
TXN004537,CUST01185,34.7,grocery,US,11,desktop,63.11,2,22,0
TXN004538,CUST00331,19.67,fuel,IN,11,mobile,181.59,2,34,0
TXN004539,CUST00338,14.38,grocery,US,20,mobile,26.51,2,53,0
TXN004540,CUST01328,26.19,electronics,ET,13,desktop,199.49,3,50,0
TXN004541,CUST01362,65.91,retail,US,6,desktop,58.92,6,23,0
TXN004542,CUST00639,57.27,travel,DE,19,desktop,47.34,1,55,0
TXN004543,CUST00275,16.35,retail,IN,20,tablet,23.86,2,20,0
TXN004544,CUST01188,14.21,grocery,US,19,desktop,8.63,5,27,0
TXN004545,CUST01467,63.87,travel,US,13,mobile,618.78,1,71,0
TXN004546,CUST00319,16.08,grocery,GB,15,desktop,96.17,3,28,0
TXN004547,CUST00589,35.16,online,NG,8,mobile,270.6,4,40,0
TXN004548,CUST00504,37.48,grocery,US,1,mobile,454.83,3,63,0
TXN004549,CUST00387,45.24,grocery,US,16,mobile,41.07,2,21,0
TXN004550,CUST00870,78.12,restaurant,US,3,mobile,367.03,3,24,0
TXN004551,CUST00833,9.37,fuel,US,13,mobile,221.6,4,43,0
TXN004552,CUST01015,4.9,grocery,US,13,desktop,155.29,3,59,0
TXN004553,CUST00603,18.78,entertainment,IN,14,mobile,298.06,2,50,0
TXN004554,CUST00691,200.64,grocery,US,11,desktop,21.11,0,58,0
TXN004555,CUST00494,250.18,grocery,CA,12,tablet,55.08,4,59,0
TXN004556,CUST00490,206.68,electronics,NG,21,tablet,25.28,0,52,0
TXN004557,CUST00721,27.3,retail,US,9,tablet,407.35,2,45,0
TXN004558,CUST01097,5.57,grocery,GB,15,desktop,18.72,3,71,0
TXN004559,CUST00509,3.18,grocery,FR,14,mobile,703.72,4,58,0
TXN004560,CUST00390,17.92,fuel,US,7,desktop,20.95,5,67,0
TXN004561,CUST00295,27.16,restaurant,US,3,desktop,195.15,2,52,0
TXN004562,CUST01393,121.59,fuel,US,0,desktop,194.45,1,56,0
TXN004563,CUST00796,78.87,restaurant,US,13,tablet,481.9,0,33,0
TXN004564,CUST00865,41.57,travel,US,8,desktop,70.25,5,27,0
TXN004565,CUST00549,13.6,restaurant,IN,18,mobile,72.63,1,24,0
TXN004566,CUST00649,12.67,travel,US,5,tablet,337.09,3,24,0
TXN004567,CUST00568,42.7,fuel,AE,15,tablet,691.78,4,42,0
TXN004568,CUST01211,66.49,fuel,US,23,mobile,5.51,2,22,0
TXN004569,CUST00853,49.0,online,IN,10,desktop,181.57,0,43,0
TXN004570,CUST00770,11.77,retail,ET,20,desktop,50.26,3,47,0
TXN004571,CUST00445,63.48,restaurant,ET,22,mobile,234.33,1,28,0
TXN004572,CUST00363,50.7,restaurant,US,10,desktop,266.68,3,24,0
TXN004573,CUST00123,11.35,online,US,13,mobile,258.79,2,56,0
TXN004574,CUST01212,15.11,online,CA,10,mobile,102.93,4,43,0
TXN004575,CUST00742,65.92,grocery,ET,13,mobile,30.91,3,74,0
TXN004576,CUST00680,26.19,online,AE,0,desktop,158.2,7,72,0
TXN004577,CUST00420,162.25,electronics,US,10,mobile,280.09,3,53,0
TXN004578,CUST01276,54.66,fuel,NG,23,mobile,437.87,3,39,0
TXN004579,CUST01359,20.36,entertainment,IN,17,tablet,108.48,8,29,0
TXN004580,CUST00092,32.78,online,CA,16,mobile,50.75,2,39,0
TXN004581,CUST00063,35.28,grocery,US,3,mobile,22.77,4,19,0
TXN004582,CUST00512,15.98,online,ET,21,desktop,287.55,6,69,0
TXN004583,CUST01163,13.3,fuel,US,13,mobile,137.94,6,57,0
TXN004584,CUST01209,66.78,restaurant,ET,7,desktop,201.86,6,29,0
TXN004585,CUST01229,77.11,travel,ET,14,mobile,31.22,2,18,0
TXN004586,CUST00772,60.57,retail,US,15,desktop,1.19,5,32,0
TXN004587,CUST01238,150.7,restaurant,CA,0,mobile,617.23,6,57,0
TXN004588,CUST00256,19.26,restaurant,US,0,tablet,299.78,5,24,0
TXN004589,CUST00135,176.67,restaurant,IN,9,mobile,91.96,3,72,0
TXN004590,CUST00875,13.45,online,US,1,mobile,109.97,3,55,0
TXN004591,CUST00822,12.03,retail,US,11,tablet,476.28,5,54,0
TXN004592,CUST00088,5.7,online,NG,3,desktop,41.9,3,63,1
TXN004593,CUST00988,21.2,restaurant,US,22,desktop,292.26,1,39,0
TXN004594,CUST01231,20.01,online,GB,18,mobile,3.26,3,50,0
TXN004595,CUST01153,56.03,online,US,0,mobile,375.33,1,50,0
TXN004596,CUST00823,42.26,online,CA,0,mobile,160.17,2,46,0
TXN004597,CUST01027,10.04,grocery,CA,8,mobile,116.87,2,60,0
TXN004598,CUST00974,22.36,online,US,19,mobile,220.63,2,36,0
TXN004599,CUST00934,22.84,travel,IN,12,tablet,12.61,3,22,0
TXN004600,CUST00121,5.61,grocery,US,10,mobile,39.17,2,31,0
TXN004601,CUST01409,12.42,online,US,18,mobile,94.06,2,64,0
TXN004602,CUST01062,15.32,retail,US,20,mobile,173.16,3,26,0
TXN004603,CUST01365,138.88,electronics,GB,16,desktop,28.1,0,22,0
TXN004604,CUST01008,40.1,retail,US,2,mobile,85.9,1,52,0
TXN004605,CUST00925,64.21,grocery,US,19,mobile,54.42,5,38,0
TXN004606,CUST00645,7.4,fuel,IN,12,desktop,186.7,6,63,0
TXN004607,CUST00714,109.31,grocery,US,21,mobile,453.01,3,60,0
TXN004608,CUST00860,121.64,restaurant,US,18,mobile,32.67,1,45,0
TXN004609,CUST00021,4.49,online,US,19,mobile,37.77,2,62,0
TXN004610,CUST00242,16.36,online,US,20,mobile,165.17,2,19,0
TXN004611,CUST00455,54.37,fuel,US,23,mobile,108.78,8,65,0
TXN004612,CUST00963,63.08,online,US,8,mobile,227.92,1,23,0
TXN004613,CUST00621,16.8,online,US,18,mobile,61.11,4,48,0
TXN004614,CUST00303,24.4,retail,US,18,mobile,141.67,2,49,0
TXN004615,CUST00803,18.22,travel,US,22,mobile,88.04,1,28,0
TXN004616,CUST00964,36.98,restaurant,CA,0,mobile,59.45,4,31,0
TXN004617,CUST00069,109.64,grocery,CA,16,mobile,235.21,5,27,0
TXN004618,CUST01153,15.32,electronics,US,13,mobile,286.04,2,56,0
TXN004619,CUST00196,90.09,fuel,IN,11,mobile,71.8,3,18,0
TXN004620,CUST00140,15.15,grocery,AE,1,tablet,175.58,6,72,1
TXN004621,CUST01468,14.19,grocery,IN,21,desktop,35.41,4,48,0
TXN004622,CUST00283,75.08,grocery,US,2,desktop,281.75,3,25,0
TXN004623,CUST00312,83.26,online,GB,23,desktop,59.44,3,19,0
TXN004624,CUST00746,77.59,restaurant,US,4,desktop,33.75,4,52,0
TXN004625,CUST00277,8.88,grocery,ET,2,desktop,506.3,2,48,0
TXN004626,CUST00061,20.78,online,US,13,desktop,98.82,5,29,0
TXN004627,CUST01343,75.41,fuel,US,23,desktop,185.66,5,48,0
TXN004628,CUST00052,34.52,electronics,US,23,tablet,298.19,5,52,0
TXN004629,CUST00153,11.32,online,CA,17,mobile,208.59,4,49,0
TXN004630,CUST01335,52.37,grocery,CA,4,mobile,149.69,10,34,0
TXN004631,CUST00544,16.2,retail,US,2,mobile,83.63,3,74,0
TXN004632,CUST00567,199.24,electronics,US,22,desktop,451.34,4,25,0
TXN004633,CUST01413,155.22,retail,IN,1,mobile,25.8,3,36,0
TXN004634,CUST00622,60.59,retail,NG,8,tablet,387.63,3,70,0
TXN004635,CUST01201,129.15,fuel,CA,17,mobile,222.72,7,53,0
TXN004636,CUST01386,35.33,grocery,CA,1,mobile,152.51,2,28,0
TXN004637,CUST00314,71.2,online,US,21,mobile,70.68,3,61,0
TXN004638,CUST00807,145.14,grocery,US,18,desktop,28.42,2,74,0
TXN004639,CUST00848,42.33,retail,US,2,desktop,105.39,2,22,0
TXN004640,CUST00097,25.66,entertainment,US,17,mobile,275.65,3,45,0
TXN004641,CUST00881,6.02,retail,DE,13,desktop,246.19,4,19,0
TXN004642,CUST01237,30.47,online,US,12,mobile,186.64,2,28,0
TXN004643,CUST00829,75.45,online,US,15,desktop,880.71,3,35,0
TXN004644,CUST00137,85.25,online,US,20,mobile,647.73,4,64,0
TXN004645,CUST01030,54.84,electronics,US,10,desktop,91.95,2,66,0
TXN004646,CUST01011,19.27,travel,FR,20,desktop,38.49,2,70,0
TXN004647,CUST00109,4.59,online,US,22,mobile,112.2,5,22,0
TXN004648,CUST00547,20.18,retail,US,23,mobile,335.09,3,36,0
TXN004649,CUST01063,24.43,online,DE,23,desktop,110.44,4,22,0
TXN004650,CUST00662,24.22,retail,US,11,mobile,73.7,4,57,0
TXN004651,CUST00425,61.47,retail,US,2,mobile,243.33,3,36,0
TXN004652,CUST00630,241.21,online,CA,5,mobile,189.04,1,29,0
TXN004653,CUST00261,37.47,electronics,US,15,mobile,623.53,4,53,0
TXN004654,CUST01450,26.66,online,CA,11,desktop,143.44,2,45,0
TXN004655,CUST00087,25.55,travel,FR,20,mobile,616.62,2,63,0
TXN004656,CUST00465,37.5,grocery,US,19,tablet,61.89,1,65,0
TXN004657,CUST00076,14.46,electronics,US,5,desktop,360.21,1,52,0
TXN004658,CUST00471,37.34,retail,IN,19,desktop,77.8,0,55,0
TXN004659,CUST00414,51.98,grocery,US,13,mobile,298.62,3,40,0
TXN004660,CUST00825,40.84,fuel,IN,23,mobile,468.63,4,72,0
TXN004661,CUST00895,52.33,entertainment,US,8,desktop,175.68,3,51,0
TXN004662,CUST00726,51.1,online,DE,16,desktop,234.72,4,40,0
TXN004663,CUST00457,5.63,online,GB,11,mobile,573.38,2,50,0
TXN004664,CUST01309,62.61,fuel,NG,0,mobile,84.65,2,59,0
TXN004665,CUST01263,16.93,electronics,US,19,mobile,128.99,3,75,0
TXN004666,CUST00653,11.07,grocery,US,21,desktop,411.42,2,30,0
TXN004667,CUST00672,10.97,retail,US,7,desktop,201.1,4,51,0
TXN004668,CUST01396,51.09,travel,IN,11,desktop,372.28,1,46,0
TXN004669,CUST00495,26.51,fuel,US,15,tablet,173.34,1,47,0
TXN004670,CUST01069,6.16,online,NG,0,desktop,242.29,4,35,0
TXN004671,CUST01425,53.41,grocery,US,2,mobile,2.37,1,73,1
TXN004672,CUST01271,7.85,retail,US,11,desktop,74.7,6,52,0
TXN004673,CUST00597,38.09,entertainment,US,3,desktop,264.87,3,22,0
TXN004674,CUST00450,42.03,grocery,CA,9,mobile,93.16,2,21,0
TXN004675,CUST00485,80.28,retail,AE,1,mobile,81.13,1,22,1
TXN004676,CUST00646,196.7,fuel,US,8,desktop,544.91,2,56,0
TXN004677,CUST00620,8.46,travel,NG,2,desktop,144.75,2,32,1
TXN004678,CUST01042,31.42,online,US,19,desktop,38.48,1,63,0
TXN004679,CUST00662,25.12,grocery,DE,19,desktop,115.04,2,26,0
TXN004680,CUST00758,51.1,online,DE,0,mobile,131.62,3,63,0
TXN004681,CUST00289,41.09,grocery,US,4,desktop,807.44,5,67,0
TXN004682,CUST01438,23.28,online,US,4,desktop,227.99,0,25,0
TXN004683,CUST00721,21.31,online,US,1,mobile,131.89,2,61,0
TXN004684,CUST00638,10.84,retail,US,14,mobile,101.81,1,27,0
TXN004685,CUST00235,88.93,fuel,NG,0,mobile,444.77,5,39,0
TXN004686,CUST00416,52.42,restaurant,IN,20,mobile,186.89,4,41,0
TXN004687,CUST00938,82.91,retail,DE,4,desktop,79.23,5,41,0
TXN004688,CUST00499,24.28,online,DE,6,mobile,112.46,4,26,0
TXN004689,CUST00974,17.17,online,US,10,mobile,58.66,3,39,0
TXN004690,CUST00634,11.26,grocery,US,9,mobile,581.34,2,72,0
TXN004691,CUST01020,47.41,retail,ET,1,desktop,217.89,4,51,0
TXN004692,CUST00115,11.71,retail,CA,13,mobile,89.65,7,65,0
TXN004693,CUST00932,210.33,fuel,GB,23,mobile,36.43,4,29,0
TXN004694,CUST00674,8.96,retail,FR,20,mobile,35.07,4,34,0
TXN004695,CUST01258,43.54,restaurant,US,4,mobile,116.93,3,21,0
TXN004696,CUST01035,158.67,retail,US,15,mobile,113.45,3,66,0
TXN004697,CUST00206,60.29,travel,ET,1,desktop,97.37,2,74,0
TXN004698,CUST00247,39.48,grocery,US,9,mobile,343.66,5,47,0
TXN004699,CUST00758,12.57,fuel,AE,17,mobile,696.96,2,53,0
TXN004700,CUST01151,8.32,fuel,US,4,mobile,78.88,9,18,0
TXN004701,CUST00147,71.53,restaurant,US,16,desktop,62.82,7,50,0
TXN004702,CUST00118,149.33,grocery,US,10,mobile,264.63,7,44,0
TXN004703,CUST01406,21.35,restaurant,FR,4,tablet,107.54,5,31,0
TXN004704,CUST00412,10.6,electronics,CA,20,desktop,44.16,5,21,0
TXN004705,CUST00363,2.83,grocery,US,23,mobile,35.93,5,52,0
TXN004706,CUST00137,12.42,restaurant,US,5,desktop,59.27,1,50,0
TXN004707,CUST01199,29.56,electronics,US,21,mobile,0.24,3,68,0
TXN004708,CUST01313,163.88,retail,US,15,desktop,510.76,3,73,0
TXN004709,CUST00958,64.92,fuel,US,4,desktop,101.26,2,67,0
TXN004710,CUST00019,44.93,restaurant,US,20,desktop,15.57,2,71,0
TXN004711,CUST00195,22.2,retail,US,23,mobile,32.45,3,29,0
TXN004712,CUST00330,18.48,online,US,15,desktop,70.3,4,21,0
TXN004713,CUST00175,135.05,travel,US,16,desktop,144.41,3,51,0
TXN004714,CUST01002,40.48,travel,US,8,mobile,218.96,1,31,0
TXN004715,CUST00449,4.04,electronics,US,21,tablet,66.23,5,19,0
TXN004716,CUST00946,16.89,restaurant,US,1,mobile,568.98,2,44,0
TXN004717,CUST01378,14.04,electronics,IN,18,tablet,257.12,2,73,0
TXN004718,CUST00141,19.18,online,US,16,desktop,314.56,4,59,0
TXN004719,CUST00758,58.14,online,GB,4,desktop,70.39,2,48,0
TXN004720,CUST00930,29.74,fuel,US,1,desktop,86.33,3,50,0
TXN004721,CUST00093,30.67,electronics,AE,10,desktop,139.02,1,75,0
TXN004722,CUST00239,123.16,fuel,NG,0,mobile,108.17,1,44,0
TXN004723,CUST00205,16.5,online,US,8,desktop,54.17,1,62,0
TXN004724,CUST00560,213.62,retail,AE,5,mobile,1062.68,3,73,1
TXN004725,CUST01457,16.92,electronics,US,10,mobile,339.52,3,45,0
TXN004726,CUST00245,36.21,retail,US,7,tablet,48.92,3,51,1
TXN004727,CUST00832,25.0,entertainment,US,12,mobile,401.28,2,47,0
TXN004728,CUST01341,37.47,online,US,11,mobile,159.13,5,54,0
TXN004729,CUST00925,51.66,online,US,8,desktop,2.28,2,51,0
TXN004730,CUST00295,51.1,grocery,US,14,mobile,76.48,6,18,0
TXN004731,CUST00640,15.59,retail,US,4,mobile,4.69,5,69,1
TXN004732,CUST00856,10.77,grocery,DE,14,desktop,16.54,5,30,0
TXN004733,CUST01306,404.71,online,US,1,desktop,35.5,2,35,1
TXN004734,CUST00017,20.41,electronics,US,14,mobile,119.24,1,57,0
TXN004735,CUST00071,66.63,electronics,US,19,mobile,86.42,3,18,0
TXN004736,CUST01293,6.64,online,US,2,tablet,29.04,4,26,0
TXN004737,CUST01349,25.04,retail,US,9,tablet,90.32,5,23,0
TXN004738,CUST00305,29.16,travel,US,6,desktop,65.32,2,68,0
TXN004739,CUST01475,53.13,retail,US,9,mobile,95.02,0,25,0
TXN004740,CUST01031,2.18,online,US,9,mobile,34.04,0,25,0
TXN004741,CUST01338,39.1,grocery,NG,7,desktop,169.36,2,68,0
TXN004742,CUST00817,10.49,restaurant,US,12,mobile,8.2,4,41,0
TXN004743,CUST01127,45.8,fuel,US,20,tablet,88.35,3,66,0
TXN004744,CUST00821,11.75,grocery,US,1,mobile,405.49,3,42,0
TXN004745,CUST00193,14.08,travel,IN,11,desktop,97.95,2,68,0
TXN004746,CUST00529,25.19,grocery,GB,8,mobile,104.71,3,43,0
TXN004747,CUST00171,11.56,travel,US,0,mobile,12.68,4,43,0
TXN004748,CUST00251,20.58,fuel,US,20,desktop,167.36,1,56,0
TXN004749,CUST01411,10.04,travel,US,11,desktop,495.93,4,57,0
TXN004750,CUST01231,5.3,grocery,US,11,desktop,62.06,1,68,0
TXN004751,CUST00541,91.65,restaurant,GB,2,mobile,89.94,4,51,0
TXN004752,CUST00416,9.06,electronics,CA,23,desktop,159.68,2,70,0
TXN004753,CUST00794,27.7,grocery,US,7,desktop,17.61,7,25,0
TXN004754,CUST01404,70.31,online,US,12,mobile,540.26,5,63,0
TXN004755,CUST01168,17.9,online,FR,16,mobile,113.46,4,19,0
TXN004756,CUST00025,14.51,grocery,CA,19,desktop,22.01,3,70,0
TXN004757,CUST00668,41.52,electronics,AE,9,mobile,73.5,7,35,0
TXN004758,CUST01097,101.28,electronics,US,14,desktop,84.26,4,33,0
TXN004759,CUST00632,10.28,electronics,GB,23,mobile,76.27,1,45,0
TXN004760,CUST01117,28.5,online,US,8,desktop,212.69,3,25,0
TXN004761,CUST00505,5.86,electronics,US,17,mobile,76.3,2,35,0
TXN004762,CUST00336,22.35,electronics,GB,7,mobile,70.44,1,56,0
TXN004763,CUST00425,34.27,entertainment,AE,13,mobile,69.97,4,59,0
TXN004764,CUST00499,14.09,grocery,US,10,mobile,270.79,3,36,0
TXN004765,CUST01388,20.97,online,ET,12,mobile,66.37,7,49,0
TXN004766,CUST00947,8.1,travel,GB,15,mobile,2.54,4,49,0
TXN004767,CUST00630,35.77,restaurant,US,13,mobile,81.9,2,59,0
TXN004768,CUST01223,95.17,fuel,NG,8,mobile,58.69,2,65,0
TXN004769,CUST00718,11.05,online,US,8,mobile,431.48,1,38,0
TXN004770,CUST01437,17.77,travel,GB,18,mobile,116.98,3,46,0
TXN004771,CUST00339,54.74,fuel,US,4,tablet,48.12,5,62,0
TXN004772,CUST00659,111.28,entertainment,US,14,mobile,719.01,1,22,0
TXN004773,CUST00962,7.44,retail,AE,10,mobile,51.0,2,37,0
TXN004774,CUST00429,27.97,online,US,18,mobile,259.16,3,39,0
TXN004775,CUST00899,43.95,retail,US,5,mobile,188.74,2,66,0
TXN004776,CUST00139,29.9,grocery,NG,9,desktop,111.66,2,44,0
TXN004777,CUST00942,2.78,online,AE,15,mobile,93.71,5,60,0
TXN004778,CUST00542,54.66,restaurant,US,4,mobile,370.57,0,73,0
TXN004779,CUST00057,151.31,grocery,US,17,desktop,116.01,1,18,0
TXN004780,CUST01256,37.21,online,GB,18,tablet,84.7,0,30,0
TXN004781,CUST00658,11.81,fuel,US,22,desktop,78.72,0,50,0
TXN004782,CUST00435,19.82,electronics,US,9,mobile,58.1,2,56,0
TXN004783,CUST00384,194.4,fuel,US,9,desktop,94.66,2,23,0
TXN004784,CUST00560,82.27,travel,CA,11,mobile,22.99,4,30,0
TXN004785,CUST00194,62.8,travel,US,20,desktop,12.12,5,71,0
TXN004786,CUST00534,47.3,restaurant,CA,2,mobile,140.35,1,31,0
TXN004787,CUST00518,17.1,electronics,GB,3,mobile,109.01,3,25,0
TXN004788,CUST00716,27.1,electronics,US,21,desktop,34.28,1,20,0
TXN004789,CUST00751,30.63,online,US,23,desktop,20.33,0,54,0
TXN004790,CUST00185,57.37,grocery,US,11,desktop,27.83,4,65,0
TXN004791,CUST00292,149.74,grocery,US,6,mobile,68.16,5,29,0
TXN004792,CUST01359,101.33,fuel,US,11,desktop,108.1,6,25,0
TXN004793,CUST00732,8.01,online,GB,2,desktop,38.68,4,46,0
TXN004794,CUST00116,41.43,travel,US,17,mobile,253.63,3,37,0
TXN004795,CUST00825,69.18,grocery,DE,18,mobile,38.67,1,40,0
TXN004796,CUST01073,61.49,electronics,DE,4,desktop,23.86,3,21,0
TXN004797,CUST00685,17.65,entertainment,US,13,mobile,938.35,4,42,0
TXN004798,CUST00082,610.4,retail,US,22,desktop,106.86,4,49,0
TXN004799,CUST00834,9.23,fuel,AE,7,mobile,33.54,1,66,0
TXN004800,CUST00333,11.21,grocery,ET,21,tablet,404.93,3,72,0
TXN004801,CUST00557,41.83,fuel,IN,14,tablet,47.3,1,75,0
TXN004802,CUST00335,275.01,restaurant,US,15,mobile,467.65,2,42,0
TXN004803,CUST00532,14.35,restaurant,NG,17,mobile,22.8,0,22,0
TXN004804,CUST00221,25.39,restaurant,US,10,mobile,331.92,5,27,0
TXN004805,CUST00635,97.25,fuel,US,1,mobile,36.66,5,48,0
TXN004806,CUST00323,32.53,online,US,9,mobile,501.49,3,21,0
TXN004807,CUST00003,23.7,online,US,10,desktop,153.7,5,74,0
TXN004808,CUST00206,58.3,fuel,CA,4,desktop,37.91,1,24,0
TXN004809,CUST00040,43.49,restaurant,US,20,desktop,335.37,4,51,0
TXN004810,CUST00059,92.8,travel,AE,16,mobile,89.14,7,58,0
TXN004811,CUST00951,120.48,online,CA,0,desktop,237.57,2,38,0
TXN004812,CUST00574,45.02,online,NG,13,mobile,185.63,2,36,0
TXN004813,CUST00644,44.33,entertainment,US,14,mobile,225.5,4,24,0
TXN004814,CUST00843,41.02,restaurant,CA,6,mobile,75.81,2,51,0
TXN004815,CUST01146,54.01,fuel,US,7,desktop,502.92,5,74,0
TXN004816,CUST00619,34.99,travel,US,15,mobile,147.7,4,75,0
TXN004817,CUST00096,33.1,fuel,FR,12,tablet,14.53,2,50,0
TXN004818,CUST01438,109.58,travel,US,4,desktop,12.43,3,59,0
TXN004819,CUST01259,150.82,retail,US,2,mobile,241.25,5,70,0
TXN004820,CUST00898,7.33,grocery,DE,12,mobile,341.45,2,74,0
TXN004821,CUST01086,33.45,fuel,US,18,mobile,213.9,5,38,0
TXN004822,CUST01280,16.63,online,US,11,desktop,58.51,3,72,0
TXN004823,CUST00561,24.26,grocery,US,18,desktop,46.09,2,67,0
TXN004824,CUST00905,49.53,grocery,US,16,mobile,150.01,3,55,0
TXN004825,CUST00348,64.68,entertainment,DE,10,mobile,39.44,2,34,0
TXN004826,CUST00671,29.6,grocery,US,2,desktop,85.79,1,63,0
TXN004827,CUST01148,4.89,restaurant,CA,1,mobile,178.33,2,34,0
TXN004828,CUST00317,12.62,retail,CA,23,desktop,60.36,3,32,0
TXN004829,CUST00719,81.17,fuel,FR,13,desktop,84.73,4,25,0
TXN004830,CUST01072,2.14,restaurant,NG,21,mobile,80.48,2,66,0
TXN004831,CUST01433,108.57,online,US,20,tablet,111.09,0,70,0
TXN004832,CUST01160,55.77,online,US,16,desktop,201.95,2,68,0
TXN004833,CUST01225,123.49,entertainment,US,1,mobile,274.48,2,54,0
TXN004834,CUST00250,27.15,fuel,US,17,desktop,196.9,2,36,0
TXN004835,CUST00314,4.21,entertainment,US,22,tablet,4.77,4,46,0
TXN004836,CUST01392,50.93,restaurant,ET,14,desktop,408.86,0,55,0
TXN004837,CUST01453,118.47,online,ET,11,mobile,156.66,6,50,0
TXN004838,CUST00807,83.49,grocery,US,15,tablet,455.19,5,45,0
TXN004839,CUST01338,17.07,grocery,US,15,mobile,597.73,3,57,0
TXN004840,CUST01379,36.12,fuel,US,6,mobile,113.55,3,50,0
TXN004841,CUST00485,19.44,grocery,AE,5,mobile,446.63,1,24,1
TXN004842,CUST01235,14.6,online,NG,13,mobile,81.85,4,52,0
TXN004843,CUST00044,86.09,entertainment,US,7,tablet,54.29,2,25,0
TXN004844,CUST00571,10.0,electronics,CA,19,desktop,13.77,2,24,0
TXN004845,CUST00583,13.55,grocery,US,23,desktop,108.21,1,62,0
TXN004846,CUST01116,10.98,fuel,US,18,mobile,210.05,2,38,0
TXN004847,CUST01289,7.46,retail,US,18,tablet,677.73,7,66,0
TXN004848,CUST00895,38.34,fuel,CA,11,mobile,132.61,3,42,0
TXN004849,CUST00220,105.79,online,US,8,mobile,238.69,1,20,0
TXN004850,CUST00925,27.53,restaurant,US,8,desktop,407.66,0,49,0
TXN004851,CUST01466,7.35,grocery,US,4,mobile,141.03,1,65,0
TXN004852,CUST00401,76.7,fuel,US,13,mobile,32.84,3,72,0
TXN004853,CUST01424,178.7,restaurant,GB,0,tablet,339.34,4,28,0
TXN004854,CUST00727,17.35,retail,US,2,desktop,153.67,4,38,0
TXN004855,CUST00991,20.52,travel,NG,10,tablet,255.77,2,49,0
TXN004856,CUST00899,55.46,online,US,20,desktop,193.38,0,19,0
TXN004857,CUST00858,167.65,fuel,US,3,mobile,11.34,3,40,0
TXN004858,CUST00804,19.69,fuel,US,19,mobile,33.35,4,62,0
TXN004859,CUST00490,8.74,online,US,0,tablet,60.7,0,27,0
TXN004860,CUST01494,62.27,retail,US,5,mobile,60.31,1,31,0
TXN004861,CUST00938,73.63,retail,US,9,desktop,328.96,2,72,0
TXN004862,CUST00844,33.32,retail,AE,3,mobile,164.14,2,26,1
TXN004863,CUST01469,18.95,entertainment,GB,16,desktop,15.67,0,36,0
TXN004864,CUST01293,89.51,fuel,NG,21,mobile,88.15,4,20,0
TXN004865,CUST00267,56.15,fuel,US,20,mobile,146.28,2,49,0
TXN004866,CUST00054,15.36,grocery,US,4,desktop,52.14,3,71,0
TXN004867,CUST00528,34.78,restaurant,US,1,mobile,7.32,6,40,0
TXN004868,CUST00616,8.57,grocery,DE,0,desktop,86.12,1,36,0
TXN004869,CUST01083,65.75,grocery,IN,15,desktop,111.31,2,29,0
TXN004870,CUST01064,25.48,travel,ET,6,desktop,423.25,1,40,0
TXN004871,CUST01261,21.42,grocery,US,20,mobile,430.19,1,31,0
TXN004872,CUST00955,32.04,retail,US,2,desktop,124.91,5,53,0
TXN004873,CUST00386,34.48,entertainment,US,13,tablet,114.79,7,65,0
TXN004874,CUST00734,81.04,grocery,US,21,desktop,184.15,0,59,0
TXN004875,CUST00716,59.81,restaurant,US,18,desktop,53.74,2,20,0
TXN004876,CUST00650,28.32,entertainment,US,15,desktop,60.56,2,27,0
TXN004877,CUST00300,71.07,entertainment,US,21,desktop,0.46,1,39,0
TXN004878,CUST00395,49.44,retail,US,5,mobile,14.66,4,21,0
TXN004879,CUST01231,21.62,retail,US,23,tablet,35.39,2,32,0
TXN004880,CUST01360,29.23,retail,FR,0,mobile,184.18,2,69,0
TXN004881,CUST00593,28.55,electronics,US,6,tablet,43.04,6,74,0
TXN004882,CUST00514,54.89,restaurant,US,10,mobile,23.85,3,52,0
TXN004883,CUST01202,22.94,fuel,CA,17,mobile,172.42,4,66,0
TXN004884,CUST00396,22.41,restaurant,CA,8,desktop,189.87,3,61,0
TXN004885,CUST00371,237.17,entertainment,US,21,mobile,11.07,1,75,0
TXN004886,CUST00858,84.75,online,AE,2,mobile,266.82,3,22,1
TXN004887,CUST00791,15.48,entertainment,US,23,desktop,167.72,4,45,0
TXN004888,CUST00658,58.61,restaurant,US,22,desktop,91.07,2,66,0
TXN004889,CUST01342,37.28,travel,US,7,mobile,735.36,6,57,0
TXN004890,CUST00736,48.99,online,US,7,mobile,1.85,5,63,0
TXN004891,CUST01393,37.99,retail,CA,22,mobile,141.68,6,44,0
TXN004892,CUST00384,108.81,restaurant,US,0,mobile,31.32,1,32,0
TXN004893,CUST00062,46.79,retail,US,9,mobile,71.91,4,47,0
TXN004894,CUST00505,31.12,entertainment,NG,14,mobile,25.73,1,25,0
TXN004895,CUST00239,93.9,fuel,US,9,mobile,198.59,1,72,0
TXN004896,CUST00195,41.82,entertainment,DE,7,desktop,92.42,6,66,0
TXN004897,CUST00678,37.39,online,US,20,desktop,772.26,3,74,0
TXN004898,CUST01246,45.33,restaurant,US,1,desktop,190.96,8,37,0
TXN004899,CUST00061,30.16,restaurant,US,17,mobile,448.73,5,30,0
TXN004900,CUST01153,33.42,retail,FR,1,desktop,49.59,3,23,0
TXN004901,CUST00990,18.42,fuel,DE,20,desktop,69.1,8,18,0
TXN004902,CUST00685,15.62,restaurant,US,18,mobile,81.09,5,63,0
TXN004903,CUST00156,12.2,online,US,21,mobile,328.2,2,59,0
TXN004904,CUST01402,8.23,travel,IN,8,tablet,42.81,1,67,0
TXN004905,CUST00923,13.74,grocery,NG,9,desktop,527.8,3,35,0
TXN004906,CUST00868,27.82,online,US,3,desktop,8.02,3,23,0
TXN004907,CUST00903,36.71,restaurant,US,20,desktop,397.08,2,66,0
TXN004908,CUST00999,25.25,grocery,ET,0,mobile,108.07,1,53,0
TXN004909,CUST01461,3.14,travel,US,10,mobile,134.34,2,66,0
TXN004910,CUST00975,159.91,online,GB,21,desktop,1071.23,3,43,0
TXN004911,CUST01231,98.15,grocery,US,1,mobile,367.31,3,51,0
TXN004912,CUST00388,51.72,electronics,FR,22,mobile,421.85,3,53,0
TXN004913,CUST00887,223.07,restaurant,US,3,mobile,158.54,6,74,0
TXN004914,CUST00838,12.46,grocery,CA,14,desktop,563.65,4,34,0
TXN004915,CUST01364,218.68,grocery,CA,19,desktop,209.54,2,42,0
TXN004916,CUST00340,12.61,grocery,AE,12,mobile,307.99,3,73,0
TXN004917,CUST00204,42.04,restaurant,GB,0,desktop,229.74,5,45,0
TXN004918,CUST00161,9.26,entertainment,NG,21,mobile,273.29,2,32,0
TXN004919,CUST00392,33.61,travel,NG,1,mobile,182.89,3,21,1
TXN004920,CUST00769,48.72,grocery,US,5,mobile,233.3,3,44,0
TXN004921,CUST00575,28.37,grocery,US,6,desktop,103.07,4,50,0
TXN004922,CUST00534,67.62,restaurant,GB,18,mobile,220.88,2,37,0
TXN004923,CUST01094,36.56,entertainment,NG,3,mobile,58.34,2,38,1
TXN004924,CUST00893,19.64,electronics,US,17,mobile,181.39,2,57,0
TXN004925,CUST00405,18.79,grocery,CA,22,mobile,133.53,7,58,0
TXN004926,CUST00608,74.51,electronics,US,8,tablet,411.85,4,27,0
TXN004927,CUST00828,17.22,online,US,20,mobile,201.33,3,61,0
TXN004928,CUST01144,82.72,grocery,GB,10,mobile,163.42,5,49,0
TXN004929,CUST00690,112.47,online,GB,4,mobile,67.6,5,56,0
TXN004930,CUST00902,6.24,electronics,CA,23,mobile,357.54,4,54,0
TXN004931,CUST01241,102.81,grocery,AE,0,desktop,10.02,1,43,0
TXN004932,CUST00056,259.93,fuel,US,1,mobile,414.02,4,39,1
TXN004933,CUST00366,42.61,fuel,US,22,mobile,190.51,3,57,0
TXN004934,CUST00455,60.29,online,AE,2,mobile,37.82,2,67,1
TXN004935,CUST00104,93.41,electronics,US,21,mobile,419.94,7,30,0
TXN004936,CUST00077,25.14,online,US,16,mobile,71.11,8,49,0
TXN004937,CUST00230,39.74,electronics,DE,23,desktop,33.17,2,26,0
TXN004938,CUST01282,8.9,fuel,NG,1,mobile,69.19,1,54,1
TXN004939,CUST01288,38.04,online,GB,0,desktop,584.29,7,59,0
TXN004940,CUST00331,54.5,grocery,ET,1,desktop,251.53,4,56,0
TXN004941,CUST01206,55.49,online,US,7,mobile,447.56,3,33,0
TXN004942,CUST00893,96.1,fuel,US,12,desktop,63.91,4,51,0
TXN004943,CUST00688,15.26,electronics,AE,13,desktop,15.49,3,27,0
TXN004944,CUST00027,19.44,retail,CA,20,desktop,148.91,5,41,0
TXN004945,CUST01300,220.41,entertainment,US,11,desktop,118.75,2,27,0
TXN004946,CUST00299,28.49,grocery,US,8,mobile,229.52,1,62,0
TXN004947,CUST00957,40.45,retail,GB,18,mobile,140.83,2,43,0
TXN004948,CUST00799,30.97,travel,US,23,mobile,90.89,3,51,0
TXN004949,CUST01115,14.56,fuel,GB,19,mobile,0.85,5,54,0
TXN004950,CUST00480,167.93,entertainment,US,6,mobile,113.51,4,21,0
TXN004951,CUST00573,19.54,travel,US,9,desktop,23.14,1,46,0
TXN004952,CUST00458,10.73,electronics,GB,23,mobile,459.19,0,39,0
TXN004953,CUST01475,21.1,retail,US,2,mobile,458.51,4,42,0
TXN004954,CUST00365,4.47,restaurant,US,18,mobile,293.01,4,28,1
TXN004955,CUST00859,17.27,restaurant,NG,16,mobile,30.93,3,63,0
TXN004956,CUST00351,12.58,electronics,GB,7,mobile,28.71,1,72,0
TXN004957,CUST01424,61.4,retail,US,17,desktop,149.14,1,37,0
TXN004958,CUST00253,16.89,retail,US,6,tablet,234.0,5,41,0
TXN004959,CUST00781,80.46,restaurant,US,6,mobile,422.83,4,64,0
TXN004960,CUST00803,134.09,retail,CA,22,mobile,404.04,5,48,0
TXN004961,CUST01012,72.33,restaurant,US,19,desktop,30.39,3,42,1
TXN004962,CUST00459,26.7,retail,US,22,desktop,971.62,4,22,0
TXN004963,CUST00917,38.13,online,US,15,tablet,30.7,5,48,0
TXN004964,CUST00499,7.21,grocery,US,14,desktop,330.0,3,61,0
TXN004965,CUST00950,28.97,grocery,US,13,mobile,159.15,4,74,0
TXN004966,CUST00508,14.01,grocery,US,15,desktop,204.14,0,40,0
TXN004967,CUST01328,66.31,restaurant,IN,23,mobile,166.73,1,73,0
TXN004968,CUST00501,433.87,fuel,IN,8,desktop,366.8,1,70,0
TXN004969,CUST00803,54.59,restaurant,US,22,desktop,182.45,8,34,0
TXN004970,CUST00598,4.52,retail,ET,21,desktop,339.89,2,19,0
TXN004971,CUST00166,23.08,online,GB,20,desktop,30.18,3,73,0
TXN004972,CUST01439,37.43,fuel,US,9,desktop,362.74,4,19,0
TXN004973,CUST00462,36.14,restaurant,US,14,desktop,891.94,3,44,1
TXN004974,CUST00920,15.95,retail,US,22,mobile,194.99,6,39,0
TXN004975,CUST00114,42.32,fuel,CA,9,desktop,674.08,1,34,0
TXN004976,CUST01457,9.56,retail,CA,1,desktop,44.7,3,70,0
TXN004977,CUST00992,12.87,retail,IN,4,desktop,318.19,3,74,0
TXN004978,CUST01380,63.17,grocery,ET,7,mobile,33.33,3,50,0
TXN004979,CUST00207,11.99,grocery,AE,5,tablet,130.6,3,75,1
TXN004980,CUST01259,56.72,entertainment,NG,5,mobile,196.33,3,22,1
TXN004981,CUST01466,8.42,retail,ET,0,desktop,194.32,3,30,0
TXN004982,CUST01379,193.41,online,US,15,tablet,200.03,3,34,0
TXN004983,CUST00515,15.27,electronics,US,17,tablet,69.66,5,60,0
TXN004984,CUST01232,26.48,online,CA,2,desktop,655.02,3,37,0
TXN004985,CUST00709,46.09,restaurant,GB,6,mobile,1.18,2,37,0
TXN004986,CUST01149,18.81,restaurant,US,11,tablet,174.64,1,45,0
TXN004987,CUST00138,38.22,travel,AE,9,tablet,361.93,3,75,0
TXN004988,CUST00339,58.87,restaurant,IN,21,mobile,399.14,2,29,0
TXN004989,CUST00537,86.54,travel,CA,20,mobile,229.27,2,37,0
TXN004990,CUST00068,73.08,retail,US,9,mobile,153.94,2,24,0
TXN004991,CUST00383,27.89,entertainment,AE,22,mobile,110.03,3,74,0
TXN004992,CUST00019,28.6,retail,US,8,mobile,107.45,0,73,0
TXN004993,CUST00683,346.92,entertainment,US,10,mobile,99.64,5,22,0
TXN004994,CUST01474,85.62,electronics,AE,18,tablet,216.65,1,46,0
TXN004995,CUST00074,13.17,entertainment,DE,7,mobile,236.49,4,42,0
TXN004996,CUST00573,36.6,retail,US,17,tablet,130.16,6,28,0
TXN004997,CUST00939,23.69,retail,NG,3,desktop,243.04,1,58,1
TXN004998,CUST01300,28.92,fuel,US,1,desktop,135.31,1,28,0
TXN004999,CUST01072,9.68,restaurant,GB,12,mobile,18.44,1,49,0
TXN005000,CUST00211,21.93,grocery,GB,22,mobile,343.43,5,55,0
TXN005001,CUST00855,202.67,grocery,US,13,mobile,367.91,3,70,0
TXN005002,CUST00651,59.09,retail,US,19,tablet,55.78,3,35,0
TXN005003,CUST00994,2.74,travel,NG,21,mobile,277.89,1,74,0
TXN005004,CUST00695,111.8,retail,US,23,mobile,128.83,1,75,0
TXN005005,CUST00540,98.46,travel,US,14,mobile,23.84,5,32,0
TXN005006,CUST01215,23.12,fuel,US,12,mobile,91.35,4,34,0
TXN005007,CUST01339,67.85,grocery,US,5,tablet,14.34,5,41,0
TXN005008,CUST00901,14.02,restaurant,NG,19,desktop,277.91,5,61,0
TXN005009,CUST00780,20.69,travel,US,5,desktop,39.32,7,36,0
TXN005010,CUST01137,148.2,online,CA,0,mobile,32.33,6,54,0
TXN005011,CUST00170,25.24,grocery,US,14,desktop,42.1,3,22,0
TXN005012,CUST01492,5.11,fuel,ET,5,mobile,46.14,4,56,0
TXN005013,CUST01038,31.08,electronics,CA,14,tablet,201.73,2,21,0
TXN005014,CUST00288,30.61,entertainment,US,14,mobile,183.2,2,18,0
TXN005015,CUST00189,109.77,grocery,IN,13,desktop,24.93,4,47,0
TXN005016,CUST00914,33.59,fuel,US,9,mobile,232.0,3,34,0
TXN005017,CUST01179,21.72,restaurant,CA,7,mobile,77.28,2,60,0
TXN005018,CUST00694,94.17,entertainment,IN,3,mobile,110.07,3,53,0
TXN005019,CUST00888,37.37,electronics,DE,21,mobile,24.01,4,67,0
TXN005020,CUST00471,15.64,fuel,DE,5,mobile,221.97,4,47,0
TXN005021,CUST01099,105.11,retail,US,19,desktop,84.95,3,60,0
TXN005022,CUST00277,40.19,grocery,US,23,mobile,180.0,2,67,0
TXN005023,CUST00940,33.21,grocery,US,20,mobile,100.31,3,35,0
TXN005024,CUST01367,39.56,fuel,IN,16,mobile,9.02,1,53,0
TXN005025,CUST01449,11.35,online,IN,22,mobile,218.82,4,18,0
TXN005026,CUST00571,19.54,restaurant,US,23,mobile,144.74,2,22,0
TXN005027,CUST00857,33.23,travel,US,21,mobile,102.53,3,73,0
TXN005028,CUST01001,27.26,grocery,US,6,mobile,40.52,3,35,0
TXN005029,CUST01206,118.21,restaurant,US,11,mobile,176.23,2,46,0
TXN005030,CUST00458,41.16,electronics,US,22,desktop,57.93,4,34,0
TXN005031,CUST00918,77.86,entertainment,FR,3,mobile,100.92,2,38,0
TXN005032,CUST00833,33.43,travel,AE,13,tablet,10.47,1,19,0
TXN005033,CUST01088,95.23,online,FR,3,tablet,269.9,4,53,0
TXN005034,CUST00839,49.28,retail,GB,15,desktop,16.98,2,37,0
TXN005035,CUST01284,33.56,restaurant,FR,0,mobile,398.69,5,36,0
TXN005036,CUST00193,32.68,fuel,DE,17,desktop,363.91,5,71,0
TXN005037,CUST00616,12.75,retail,US,18,desktop,637.84,2,35,0
TXN005038,CUST00406,54.98,restaurant,US,20,mobile,430.34,5,60,0
TXN005039,CUST00943,31.81,electronics,US,9,mobile,639.83,4,30,0
TXN005040,CUST00721,20.05,retail,GB,4,mobile,392.91,1,64,0
TXN005041,CUST00093,100.13,retail,IN,12,mobile,21.48,3,28,0
TXN005042,CUST00430,9.49,restaurant,CA,5,desktop,103.62,4,50,0
TXN005043,CUST00654,21.7,grocery,NG,22,desktop,14.26,5,66,0
TXN005044,CUST01458,92.55,restaurant,US,3,mobile,141.86,3,45,0
TXN005045,CUST01428,45.4,electronics,ET,15,mobile,135.81,4,72,0
TXN005046,CUST00434,31.57,travel,AE,7,mobile,459.6,6,60,0
TXN005047,CUST01136,42.56,online,GB,15,mobile,629.36,1,59,0
TXN005048,CUST00375,39.62,retail,IN,10,mobile,54.11,2,61,0
TXN005049,CUST01083,7.27,electronics,CA,21,mobile,157.14,2,38,0
TXN005050,CUST01067,23.35,entertainment,US,0,mobile,112.4,3,47,0
TXN005051,CUST00207,166.75,grocery,US,21,desktop,142.43,2,70,0
TXN005052,CUST00780,17.13,grocery,CA,17,desktop,136.57,8,64,0
TXN005053,CUST01320,24.09,travel,NG,3,tablet,441.87,2,49,1
TXN005054,CUST01142,19.27,grocery,US,10,desktop,407.62,3,74,0
TXN005055,CUST00532,30.36,electronics,CA,19,mobile,23.57,2,40,0
TXN005056,CUST01246,18.48,retail,FR,9,desktop,76.19,6,42,0
TXN005057,CUST00166,53.88,restaurant,US,15,mobile,251.54,5,49,0
TXN005058,CUST00643,40.34,fuel,US,9,desktop,207.36,7,54,0
TXN005059,CUST01180,71.78,restaurant,US,4,mobile,179.55,2,58,0
TXN005060,CUST01208,11.58,grocery,US,17,mobile,915.28,2,48,0
TXN005061,CUST00090,23.56,online,US,21,mobile,73.96,1,30,0
TXN005062,CUST01118,26.42,entertainment,US,10,mobile,130.34,2,23,0
TXN005063,CUST00013,52.23,electronics,US,2,mobile,696.68,7,18,0
TXN005064,CUST00973,14.98,online,CA,8,mobile,214.07,1,25,0
TXN005065,CUST00805,82.74,retail,GB,14,desktop,188.29,4,73,0
TXN005066,CUST00945,108.46,entertainment,DE,21,mobile,30.26,3,40,0
TXN005067,CUST00742,12.32,restaurant,US,18,mobile,50.98,2,64,0
TXN005068,CUST01462,20.27,fuel,IN,18,desktop,85.31,2,22,0
TXN005069,CUST00876,19.45,travel,NG,4,mobile,112.54,2,46,1
TXN005070,CUST01174,460.53,fuel,IN,5,desktop,123.76,1,39,1
TXN005071,CUST00660,21.54,travel,US,3,desktop,418.35,3,22,0
TXN005072,CUST01032,177.26,grocery,NG,11,tablet,20.41,4,34,0
TXN005073,CUST01053,9.33,online,FR,4,mobile,51.39,2,35,0
TXN005074,CUST00296,12.31,travel,US,2,mobile,27.91,2,62,0
TXN005075,CUST00986,16.67,online,US,9,desktop,239.26,4,71,0
TXN005076,CUST00926,14.22,retail,GB,12,mobile,634.69,2,56,0
TXN005077,CUST00640,25.33,retail,US,3,mobile,403.91,3,18,0
TXN005078,CUST00340,16.3,travel,US,23,mobile,231.27,5,75,0
TXN005079,CUST00628,14.59,travel,US,7,desktop,3.92,3,48,0
TXN005080,CUST00439,105.47,online,GB,0,mobile,76.72,2,41,0
TXN005081,CUST01168,112.59,online,IN,19,desktop,358.61,1,71,0
TXN005082,CUST00942,85.57,retail,CA,1,mobile,190.55,2,33,0
TXN005083,CUST00830,55.92,online,GB,3,desktop,42.34,5,22,0
TXN005084,CUST00519,36.33,restaurant,US,20,mobile,113.09,1,65,0
TXN005085,CUST00976,20.15,online,GB,0,mobile,16.56,3,49,0
TXN005086,CUST01069,12.77,online,US,20,mobile,132.42,8,43,0
TXN005087,CUST00955,47.61,online,AE,6,mobile,416.33,2,52,0
TXN005088,CUST01263,10.24,online,US,4,mobile,7.11,6,70,0
TXN005089,CUST00952,12.26,grocery,US,22,mobile,171.29,4,70,0
TXN005090,CUST00944,104.89,grocery,US,12,tablet,47.77,3,74,0
TXN005091,CUST00155,221.55,electronics,ET,12,desktop,836.0,6,60,0
TXN005092,CUST01205,49.07,electronics,IN,7,desktop,12.12,2,58,0
TXN005093,CUST01239,100.13,grocery,US,16,tablet,172.89,6,41,0
TXN005094,CUST00088,25.9,entertainment,US,9,mobile,53.32,3,61,0
TXN005095,CUST01280,8.69,electronics,DE,9,mobile,385.38,1,32,0
TXN005096,CUST01097,61.08,retail,NG,1,tablet,23.41,1,40,1
TXN005097,CUST00931,58.52,grocery,US,5,desktop,100.95,5,28,0
TXN005098,CUST00179,35.58,grocery,US,20,tablet,36.9,1,47,0
TXN005099,CUST00212,25.99,travel,US,0,desktop,289.2,3,62,0
TXN005100,CUST01258,86.68,restaurant,CA,17,desktop,77.94,2,47,0
TXN005101,CUST00465,12.36,retail,US,2,desktop,37.2,3,72,0
TXN005102,CUST01247,15.28,grocery,US,20,desktop,232.97,4,23,0
TXN005103,CUST00631,12.08,electronics,US,6,desktop,305.9,2,63,0
TXN005104,CUST00825,36.05,retail,GB,15,mobile,111.71,3,22,0
TXN005105,CUST01288,11.16,electronics,IN,21,desktop,85.71,3,68,0
TXN005106,CUST01231,16.71,grocery,NG,2,desktop,180.01,7,65,1
TXN005107,CUST00607,16.35,restaurant,GB,5,mobile,189.69,1,62,0
TXN005108,CUST00885,25.52,travel,AE,3,mobile,194.58,4,31,1
TXN005109,CUST00366,7.48,restaurant,US,15,desktop,58.07,2,47,0
TXN005110,CUST00276,36.13,travel,CA,2,mobile,510.36,5,21,0
TXN005111,CUST00380,115.27,entertainment,US,3,mobile,43.22,2,23,0
TXN005112,CUST01333,37.92,retail,DE,10,mobile,84.36,3,56,0
TXN005113,CUST01292,154.67,grocery,IN,23,desktop,60.06,0,35,0
TXN005114,CUST00945,125.71,grocery,AE,16,mobile,481.58,2,68,0
TXN005115,CUST01088,72.08,restaurant,US,18,mobile,317.23,4,56,0
TXN005116,CUST00810,35.68,online,ET,7,desktop,300.14,3,59,0
TXN005117,CUST01374,33.87,electronics,IN,13,mobile,0.85,3,72,0
TXN005118,CUST00925,71.08,entertainment,US,15,mobile,208.45,4,73,0
TXN005119,CUST00494,22.38,fuel,ET,18,tablet,47.11,1,42,0
TXN005120,CUST01122,5.04,grocery,US,15,desktop,618.13,1,74,0
TXN005121,CUST01095,54.16,online,NG,9,mobile,136.19,3,34,0
TXN005122,CUST00364,10.69,grocery,US,14,desktop,149.71,2,50,0
TXN005123,CUST00570,12.65,restaurant,US,3,desktop,79.35,4,55,0
TXN005124,CUST00763,33.12,grocery,DE,3,desktop,138.5,3,29,0
TXN005125,CUST00276,30.11,grocery,US,12,mobile,249.34,2,34,0
TXN005126,CUST00050,8.07,online,US,11,mobile,148.56,1,42,0
TXN005127,CUST01382,39.08,online,CA,14,desktop,184.53,1,66,0
TXN005128,CUST00728,87.02,grocery,AE,22,mobile,115.12,3,54,0
TXN005129,CUST00906,10.72,retail,US,12,mobile,226.83,5,34,0
TXN005130,CUST00928,118.21,electronics,AE,5,mobile,413.67,2,44,1
TXN005131,CUST00564,6.96,grocery,ET,13,desktop,9.43,5,48,0
TXN005132,CUST00783,275.15,grocery,CA,2,mobile,20.43,3,31,1
TXN005133,CUST00485,21.95,online,GB,7,mobile,208.28,2,70,0
TXN005134,CUST01108,38.31,retail,US,11,desktop,85.38,1,53,0
TXN005135,CUST00584,4.99,online,US,13,mobile,59.54,2,39,1
TXN005136,CUST01320,31.12,retail,US,4,mobile,35.41,3,73,0
TXN005137,CUST00236,41.62,travel,US,1,desktop,153.02,6,74,0
TXN005138,CUST00056,30.38,travel,US,9,mobile,76.86,4,22,0
TXN005139,CUST00360,18.86,travel,US,2,desktop,127.66,5,57,0
TXN005140,CUST00110,12.85,fuel,DE,22,mobile,573.04,4,23,0
TXN005141,CUST00192,102.57,electronics,CA,9,mobile,255.59,4,57,0
TXN005142,CUST00904,34.15,retail,NG,8,desktop,286.09,1,22,0
TXN005143,CUST01117,154.59,grocery,US,16,tablet,23.87,2,41,0
TXN005144,CUST00862,19.56,travel,US,5,mobile,70.74,3,39,0
TXN005145,CUST00568,21.44,online,US,8,desktop,20.22,7,31,0
TXN005146,CUST01084,74.86,online,US,22,mobile,622.52,4,42,0
TXN005147,CUST00650,6.53,restaurant,ET,2,mobile,206.33,3,37,0
TXN005148,CUST00039,9.84,electronics,US,6,mobile,3.5,0,18,0
TXN005149,CUST01073,99.23,travel,US,11,desktop,116.16,1,66,0
TXN005150,CUST01444,10.26,fuel,US,17,mobile,55.06,4,52,0
TXN005151,CUST00637,5.37,fuel,US,9,mobile,139.76,2,54,0
TXN005152,CUST01037,214.55,fuel,US,1,desktop,35.43,0,75,0
TXN005153,CUST00036,8.22,electronics,US,16,mobile,10.54,7,69,0
TXN005154,CUST00101,39.81,retail,US,2,mobile,70.26,4,45,0
TXN005155,CUST01110,35.48,entertainment,US,0,mobile,63.05,2,46,0
TXN005156,CUST01247,1.99,restaurant,US,7,tablet,227.19,1,75,0
TXN005157,CUST01362,25.35,restaurant,FR,12,mobile,115.83,0,75,0
TXN005158,CUST00166,51.85,restaurant,US,10,tablet,61.99,3,57,0
TXN005159,CUST00383,47.2,travel,US,7,mobile,152.09,1,25,0
TXN005160,CUST01400,81.74,retail,US,19,mobile,13.32,2,35,0
TXN005161,CUST01495,22.48,fuel,US,0,desktop,195.44,6,48,0
TXN005162,CUST00790,67.53,retail,US,1,desktop,28.68,1,38,0
TXN005163,CUST00031,16.62,restaurant,US,17,mobile,59.06,5,23,0
TXN005164,CUST01399,8.08,online,US,17,mobile,59.66,2,26,0
TXN005165,CUST00011,9.05,restaurant,US,8,mobile,112.87,3,47,0
TXN005166,CUST01326,7.67,grocery,ET,6,desktop,550.97,3,61,0
TXN005167,CUST00096,90.88,fuel,AE,8,desktop,70.66,4,35,0
TXN005168,CUST01214,7.28,grocery,US,9,mobile,59.46,0,47,0
TXN005169,CUST00453,43.56,fuel,US,1,tablet,33.28,1,74,0
TXN005170,CUST00192,25.38,online,GB,4,mobile,89.56,2,37,0
TXN005171,CUST00486,29.88,entertainment,ET,16,mobile,36.17,1,72,0
TXN005172,CUST01290,129.49,grocery,IN,1,mobile,26.68,2,27,0
TXN005173,CUST01448,21.36,entertainment,US,19,desktop,350.54,2,73,0
TXN005174,CUST01152,61.04,retail,US,9,mobile,9.73,0,30,0
TXN005175,CUST00238,34.38,retail,DE,0,desktop,223.33,2,58,0
TXN005176,CUST01379,28.45,fuel,AE,11,tablet,40.75,0,19,0
TXN005177,CUST01136,330.29,fuel,US,23,desktop,2.12,3,72,1
TXN005178,CUST01470,7.84,electronics,GB,14,desktop,285.38,4,22,0
TXN005179,CUST01367,120.2,fuel,US,5,mobile,218.09,3,50,0
TXN005180,CUST01169,63.84,fuel,US,13,desktop,73.24,4,18,0
TXN005181,CUST01089,20.5,online,US,13,mobile,14.88,2,73,0
TXN005182,CUST01271,168.9,entertainment,US,14,tablet,80.52,5,54,0
TXN005183,CUST00735,5.22,travel,DE,0,mobile,36.01,3,75,0
TXN005184,CUST00991,19.65,grocery,FR,16,mobile,485.22,7,29,0
TXN005185,CUST00825,9.89,online,AE,10,mobile,135.76,2,58,0
TXN005186,CUST01463,50.0,restaurant,US,14,mobile,597.58,2,45,0
TXN005187,CUST00106,10.88,electronics,US,19,mobile,77.91,5,35,0
TXN005188,CUST00181,51.06,grocery,US,15,desktop,146.34,3,53,0
TXN005189,CUST00184,27.48,electronics,US,20,tablet,37.96,3,47,0
TXN005190,CUST00226,20.5,entertainment,DE,8,desktop,297.45,2,59,0
TXN005191,CUST00777,48.84,online,US,11,mobile,7.55,1,71,0
TXN005192,CUST00790,25.31,grocery,US,1,mobile,214.1,1,71,0
TXN005193,CUST01113,11.15,travel,US,14,tablet,89.46,4,55,0
TXN005194,CUST00688,545.32,restaurant,US,8,mobile,155.47,6,38,0
TXN005195,CUST00530,20.34,travel,CA,15,desktop,161.48,2,56,0
TXN005196,CUST01395,3.61,electronics,US,16,mobile,223.31,2,24,0
TXN005197,CUST00972,14.27,retail,ET,19,tablet,41.13,6,22,0
TXN005198,CUST00936,9.33,grocery,DE,22,mobile,136.44,4,75,0
TXN005199,CUST01423,75.65,fuel,US,3,mobile,100.21,7,52,0
TXN005200,CUST00106,45.68,retail,US,7,desktop,59.68,2,32,0
TXN005201,CUST01295,49.34,retail,DE,6,mobile,123.24,0,26,0
TXN005202,CUST00831,22.87,grocery,US,5,desktop,546.64,5,65,0
TXN005203,CUST00679,25.04,online,ET,4,mobile,535.26,3,72,0
TXN005204,CUST00849,22.85,grocery,US,9,mobile,58.84,3,35,0
TXN005205,CUST01056,30.53,travel,US,2,mobile,388.07,2,68,0
TXN005206,CUST00393,76.35,grocery,IN,23,mobile,376.84,2,29,0
TXN005207,CUST00040,46.34,entertainment,CA,19,desktop,51.68,4,44,0
TXN005208,CUST00660,54.6,grocery,US,23,tablet,164.46,6,31,0
TXN005209,CUST01242,54.57,online,US,16,desktop,367.15,3,74,0
TXN005210,CUST00981,80.19,online,US,15,desktop,130.25,4,30,0
TXN005211,CUST01106,44.17,retail,CA,10,mobile,83.1,8,47,0
TXN005212,CUST00845,47.41,online,US,12,mobile,189.37,3,53,0
TXN005213,CUST00201,108.72,restaurant,US,17,desktop,34.07,4,70,0
TXN005214,CUST00447,17.03,restaurant,IN,13,mobile,31.76,0,66,0
TXN005215,CUST01452,14.07,grocery,US,1,mobile,321.78,5,69,0
TXN005216,CUST01062,10.12,fuel,US,11,desktop,7.7,3,58,0
TXN005217,CUST01235,39.76,fuel,CA,21,desktop,293.0,3,26,0
TXN005218,CUST00444,5.19,online,US,20,mobile,61.77,1,51,0
TXN005219,CUST01351,52.57,grocery,US,9,desktop,118.79,4,29,0
TXN005220,CUST00761,29.69,fuel,US,6,tablet,141.16,4,67,0
TXN005221,CUST00227,102.99,online,NG,1,mobile,262.26,6,42,1
TXN005222,CUST00048,16.91,retail,US,17,desktop,387.53,2,67,0
TXN005223,CUST01042,27.02,online,US,16,mobile,293.54,2,39,0
TXN005224,CUST00912,101.72,restaurant,GB,15,tablet,152.9,1,22,0
TXN005225,CUST01463,132.04,electronics,US,1,mobile,76.99,2,32,0
TXN005226,CUST00187,16.77,grocery,ET,10,desktop,134.59,0,60,0
TXN005227,CUST00345,39.72,fuel,US,18,tablet,5.49,3,64,0
TXN005228,CUST00224,44.45,fuel,GB,21,desktop,50.58,2,35,0
TXN005229,CUST00830,48.12,restaurant,FR,6,desktop,82.07,0,72,0
TXN005230,CUST00488,25.47,grocery,NG,21,mobile,69.35,4,30,0
TXN005231,CUST00877,119.27,grocery,US,16,tablet,18.0,2,32,0
TXN005232,CUST00849,5.0,retail,ET,14,desktop,9.38,2,42,0
TXN005233,CUST01253,21.73,restaurant,US,8,mobile,98.27,3,51,0
TXN005234,CUST01414,51.83,electronics,GB,11,mobile,13.99,1,19,0
TXN005235,CUST00979,52.31,restaurant,US,7,mobile,60.69,1,38,0
TXN005236,CUST01017,128.09,electronics,US,1,desktop,115.92,6,40,0
TXN005237,CUST00188,109.75,fuel,US,16,desktop,42.42,2,34,0
TXN005238,CUST00270,24.89,retail,US,15,desktop,14.92,0,21,0
TXN005239,CUST00310,121.49,restaurant,US,22,mobile,101.86,6,58,0
TXN005240,CUST01156,16.22,fuel,GB,15,mobile,107.11,2,65,0
TXN005241,CUST01096,84.01,electronics,US,2,desktop,445.02,4,18,0
TXN005242,CUST00845,202.46,retail,DE,18,desktop,24.62,1,24,0
TXN005243,CUST01211,111.6,restaurant,US,15,mobile,171.81,3,70,0
TXN005244,CUST00486,36.81,grocery,US,10,desktop,69.34,5,48,0
TXN005245,CUST01215,23.77,online,US,8,desktop,23.75,2,52,0
TXN005246,CUST01446,7.18,grocery,US,13,desktop,89.9,4,38,0
TXN005247,CUST00120,45.17,grocery,US,1,desktop,100.53,1,29,0
TXN005248,CUST00220,10.86,fuel,IN,12,desktop,81.34,2,22,0
TXN005249,CUST00053,14.98,fuel,US,4,mobile,261.23,5,20,0
TXN005250,CUST01475,10.07,travel,DE,19,desktop,328.97,4,29,0
TXN005251,CUST01436,20.9,fuel,US,13,mobile,28.99,1,74,0
TXN005252,CUST01261,32.2,online,NG,0,desktop,33.09,1,27,0
TXN005253,CUST00758,43.54,online,US,5,mobile,98.43,1,63,0
TXN005254,CUST00738,18.16,online,NG,21,desktop,69.47,2,67,0
TXN005255,CUST00720,96.47,fuel,US,10,desktop,308.24,5,47,0
TXN005256,CUST00406,26.89,restaurant,US,16,mobile,1034.66,3,34,0
TXN005257,CUST00608,15.06,restaurant,US,22,tablet,35.97,3,73,0
TXN005258,CUST01021,41.52,travel,US,21,mobile,258.8,0,61,0
TXN005259,CUST00422,235.93,travel,US,13,mobile,168.22,2,60,0
TXN005260,CUST00712,46.3,fuel,US,13,desktop,186.12,1,36,0
TXN005261,CUST00247,23.04,electronics,ET,19,desktop,55.28,1,35,0
TXN005262,CUST00072,7.19,grocery,US,6,mobile,18.41,1,43,0
TXN005263,CUST00185,26.59,restaurant,US,18,tablet,141.05,3,45,0
TXN005264,CUST00006,41.89,restaurant,US,21,desktop,171.11,3,66,0
TXN005265,CUST01230,22.48,fuel,GB,5,mobile,593.67,1,49,0
TXN005266,CUST00906,6.26,travel,US,12,desktop,202.44,6,72,0
TXN005267,CUST00387,14.15,fuel,CA,9,mobile,105.56,4,56,0
TXN005268,CUST00699,141.82,electronics,US,21,mobile,920.91,2,37,0
TXN005269,CUST01100,138.93,retail,US,18,desktop,84.09,2,38,0
TXN005270,CUST01201,13.64,retail,US,9,desktop,31.93,7,63,0
TXN005271,CUST00827,64.89,fuel,NG,4,desktop,173.21,4,61,1
TXN005272,CUST00349,10.19,retail,US,12,desktop,55.73,0,75,0
TXN005273,CUST01279,134.87,travel,US,16,desktop,459.66,3,33,0
TXN005274,CUST00308,42.32,retail,GB,21,mobile,100.51,1,29,0
TXN005275,CUST01369,85.6,entertainment,US,22,desktop,29.17,5,18,0
TXN005276,CUST01151,5.96,retail,CA,4,mobile,27.49,2,63,0
TXN005277,CUST00287,65.21,online,IN,20,mobile,188.78,4,49,0
TXN005278,CUST00766,32.86,fuel,IN,21,tablet,82.0,4,31,0
TXN005279,CUST00725,77.63,online,US,6,desktop,81.38,5,31,0
TXN005280,CUST00762,82.67,restaurant,US,19,mobile,170.57,1,36,0
TXN005281,CUST00383,35.37,electronics,NG,6,desktop,45.07,4,18,0
TXN005282,CUST01430,18.16,retail,US,14,mobile,28.29,2,42,0
TXN005283,CUST00388,72.22,grocery,US,14,mobile,192.74,5,59,0
TXN005284,CUST00525,31.18,online,US,20,desktop,0.95,3,66,0
TXN005285,CUST00639,13.84,electronics,US,22,desktop,428.24,3,62,0
TXN005286,CUST00938,13.2,electronics,IN,0,desktop,36.37,3,72,0
TXN005287,CUST00276,7.56,retail,DE,11,desktop,106.91,1,30,0
TXN005288,CUST00500,19.88,retail,US,1,mobile,42.77,1,70,0
TXN005289,CUST00717,99.75,online,AE,17,desktop,44.31,5,21,0
TXN005290,CUST00337,39.56,restaurant,US,14,mobile,324.33,1,37,0
TXN005291,CUST00932,19.5,travel,NG,6,mobile,158.32,1,21,0
TXN005292,CUST00481,74.06,electronics,US,8,tablet,67.17,2,58,0
TXN005293,CUST00911,14.4,electronics,US,22,desktop,52.05,5,23,0
TXN005294,CUST01297,36.43,grocery,US,21,desktop,43.08,3,65,0
TXN005295,CUST01082,27.67,online,US,2,mobile,145.52,4,43,0
TXN005296,CUST01352,72.18,restaurant,US,20,mobile,236.21,3,59,0
TXN005297,CUST00109,6.84,fuel,US,9,mobile,52.63,1,44,0
TXN005298,CUST01303,14.15,restaurant,IN,1,desktop,72.71,6,39,0
TXN005299,CUST00328,6.44,travel,NG,21,desktop,229.37,0,46,0
TXN005300,CUST00315,25.54,grocery,GB,11,desktop,240.6,6,66,0
TXN005301,CUST01498,111.21,retail,NG,6,desktop,41.82,2,56,0
TXN005302,CUST01135,19.98,travel,IN,4,desktop,86.69,3,57,0
TXN005303,CUST00699,19.87,grocery,GB,3,desktop,367.18,2,19,0
TXN005304,CUST00781,79.18,online,US,0,desktop,242.61,2,53,0
TXN005305,CUST01253,96.4,retail,NG,14,tablet,31.92,3,70,0
TXN005306,CUST00156,30.31,fuel,CA,8,desktop,87.79,3,40,0
TXN005307,CUST01497,65.67,fuel,US,5,mobile,652.11,0,36,0
TXN005308,CUST01296,11.28,grocery,US,13,tablet,134.14,0,33,0
TXN005309,CUST00887,131.36,online,US,1,mobile,228.71,1,41,0
TXN005310,CUST01026,283.92,fuel,IN,11,tablet,17.38,2,51,0
TXN005311,CUST00758,55.77,online,GB,22,desktop,321.63,4,42,0
TXN005312,CUST00722,4.12,retail,NG,5,desktop,167.1,4,28,1
TXN005313,CUST00913,18.95,restaurant,FR,12,mobile,34.76,3,22,0
TXN005314,CUST01310,61.12,restaurant,US,3,mobile,86.11,4,37,0
TXN005315,CUST00871,21.73,retail,DE,21,mobile,15.6,1,31,0
TXN005316,CUST00013,118.18,online,US,15,desktop,270.11,2,38,0
TXN005317,CUST00608,59.63,grocery,US,10,mobile,245.88,3,43,0
TXN005318,CUST00498,16.34,electronics,ET,5,desktop,121.28,1,61,0
TXN005319,CUST00238,34.2,retail,CA,4,tablet,108.27,5,69,0
TXN005320,CUST01118,13.55,grocery,AE,0,mobile,112.06,1,55,0
TXN005321,CUST01362,27.59,grocery,US,18,desktop,6.87,4,32,0
TXN005322,CUST00781,19.02,restaurant,FR,6,mobile,82.67,2,59,0
TXN005323,CUST01195,107.21,retail,US,17,mobile,24.76,2,38,0
TXN005324,CUST00606,274.79,retail,US,9,desktop,36.78,2,33,0
TXN005325,CUST00661,7.92,online,US,9,desktop,589.18,0,28,0
TXN005326,CUST00849,4.84,online,CA,16,mobile,54.63,2,65,0
TXN005327,CUST00936,25.92,electronics,US,23,mobile,118.97,1,69,0
TXN005328,CUST01491,7.25,restaurant,US,6,desktop,393.73,3,31,0
TXN005329,CUST00628,34.68,entertainment,GB,21,mobile,96.04,1,38,1
TXN005330,CUST00143,70.03,grocery,CA,20,mobile,135.38,3,33,0
TXN005331,CUST01225,147.55,travel,US,21,desktop,33.28,2,19,0
TXN005332,CUST01204,40.5,online,US,0,desktop,60.41,3,59,0
TXN005333,CUST00714,27.3,grocery,IN,11,desktop,126.98,4,19,0
TXN005334,CUST01388,4.58,online,IN,16,mobile,81.72,1,45,0
TXN005335,CUST00479,33.99,online,US,15,mobile,7.02,5,74,0
TXN005336,CUST00565,35.56,fuel,US,19,desktop,92.2,3,22,0
TXN005337,CUST00471,62.74,restaurant,CA,14,mobile,303.83,2,25,0
TXN005338,CUST00384,16.31,restaurant,US,18,desktop,22.21,5,26,0
TXN005339,CUST00926,21.43,online,US,19,desktop,3.4,6,34,0
TXN005340,CUST00417,7.55,retail,US,16,desktop,22.74,2,36,0
TXN005341,CUST00308,3.35,restaurant,US,3,mobile,209.0,2,65,0
TXN005342,CUST00649,10.93,retail,GB,3,mobile,284.94,4,59,0
TXN005343,CUST01391,6.89,fuel,US,2,mobile,8.99,3,43,0
TXN005344,CUST01025,46.37,entertainment,US,7,desktop,393.35,3,48,0
TXN005345,CUST01068,19.72,grocery,NG,22,desktop,177.67,4,73,0
TXN005346,CUST00739,19.33,restaurant,NG,8,mobile,131.42,4,51,0
TXN005347,CUST01122,12.37,grocery,AE,1,mobile,52.65,1,46,1
TXN005348,CUST01289,1.31,electronics,US,18,desktop,83.65,7,27,0
TXN005349,CUST00140,149.65,retail,US,21,tablet,528.65,1,57,0
TXN005350,CUST01261,12.18,grocery,US,17,desktop,436.55,1,75,0
TXN005351,CUST00974,21.92,online,US,15,desktop,176.77,4,28,0
TXN005352,CUST01017,7.73,grocery,US,17,tablet,155.68,2,50,0
TXN005353,CUST00953,87.53,fuel,NG,17,mobile,42.55,3,48,0
TXN005354,CUST00904,38.22,restaurant,IN,11,mobile,551.44,1,39,0
TXN005355,CUST00072,14.49,grocery,ET,1,mobile,253.46,4,71,0
TXN005356,CUST01214,22.37,electronics,DE,20,tablet,86.7,3,46,0
TXN005357,CUST01292,177.36,fuel,CA,0,desktop,304.54,2,58,0
TXN005358,CUST01345,30.79,grocery,FR,22,mobile,42.86,5,38,0
TXN005359,CUST00107,27.61,restaurant,IN,15,mobile,43.17,2,57,0
TXN005360,CUST01256,12.92,grocery,CA,16,mobile,281.74,6,29,0
TXN005361,CUST01066,4.98,retail,US,0,mobile,147.49,4,33,0
TXN005362,CUST00883,28.22,online,US,20,mobile,146.08,4,60,0
TXN005363,CUST00139,45.86,fuel,CA,22,tablet,153.46,3,43,0
TXN005364,CUST00615,99.44,online,US,2,mobile,24.2,3,72,0
TXN005365,CUST00863,3.5,grocery,NG,22,mobile,77.42,2,47,0
TXN005366,CUST00273,10.75,online,CA,19,mobile,153.21,2,40,0
TXN005367,CUST00416,18.53,grocery,GB,15,desktop,51.2,1,50,0
TXN005368,CUST00506,33.0,electronics,US,20,desktop,126.21,1,41,0
TXN005369,CUST00733,28.64,online,US,13,mobile,146.57,3,23,0
TXN005370,CUST00424,29.32,online,US,15,desktop,515.06,4,63,0
TXN005371,CUST01431,49.8,grocery,DE,23,desktop,50.77,4,51,0
TXN005372,CUST00390,13.42,grocery,US,8,tablet,104.16,3,36,0
TXN005373,CUST00342,84.28,entertainment,IN,20,mobile,718.31,4,40,0
TXN005374,CUST00946,51.08,fuel,GB,20,mobile,37.22,3,42,1
TXN005375,CUST00614,24.05,grocery,GB,1,tablet,272.56,7,46,0
TXN005376,CUST00493,164.17,grocery,NG,12,desktop,35.1,5,70,0
TXN005377,CUST00192,157.03,retail,IN,21,desktop,341.54,3,33,0
TXN005378,CUST00499,84.17,fuel,US,4,desktop,120.49,4,19,0
TXN005379,CUST00822,1.62,retail,ET,20,desktop,644.64,2,46,0
TXN005380,CUST01257,160.6,restaurant,US,19,desktop,33.56,4,75,0
TXN005381,CUST00227,73.31,travel,US,16,mobile,209.61,2,50,0
TXN005382,CUST01395,246.27,restaurant,US,5,desktop,213.9,4,35,0
TXN005383,CUST00139,114.14,online,CA,16,desktop,228.41,5,61,0
TXN005384,CUST00856,160.51,grocery,US,1,mobile,19.16,1,71,0
TXN005385,CUST00817,79.73,grocery,CA,6,mobile,61.28,2,26,0
TXN005386,CUST01173,127.57,grocery,GB,16,mobile,74.25,3,19,0
TXN005387,CUST01139,243.26,fuel,CA,23,desktop,70.56,2,72,0
TXN005388,CUST01474,41.12,travel,US,7,desktop,202.32,3,22,0
TXN005389,CUST01087,6.87,online,AE,22,desktop,10.15,4,67,0
TXN005390,CUST00104,24.35,retail,CA,22,desktop,235.73,2,71,0
TXN005391,CUST00871,48.91,fuel,US,0,mobile,134.6,5,37,0
TXN005392,CUST00668,35.69,travel,IN,18,desktop,34.19,5,21,0
TXN005393,CUST00273,9.52,retail,US,4,mobile,46.14,4,22,0
TXN005394,CUST01030,6.48,travel,US,4,desktop,18.48,4,34,0
TXN005395,CUST01171,15.78,grocery,GB,22,mobile,110.6,2,22,0
TXN005396,CUST00184,74.27,retail,US,23,mobile,162.66,2,67,0
TXN005397,CUST01052,160.83,grocery,US,21,mobile,156.57,4,25,0
TXN005398,CUST01143,82.81,online,ET,20,mobile,590.38,1,49,0
TXN005399,CUST00293,95.34,restaurant,US,0,desktop,63.17,2,42,0
TXN005400,CUST01395,30.54,travel,US,9,mobile,258.45,5,42,0
TXN005401,CUST01268,5.8,online,GB,9,mobile,231.12,2,75,0
TXN005402,CUST01242,21.01,restaurant,GB,21,tablet,11.39,3,71,0
TXN005403,CUST00177,25.57,online,DE,2,mobile,478.68,1,42,0
TXN005404,CUST01323,20.14,fuel,AE,11,tablet,482.05,6,59,0
TXN005405,CUST00058,34.98,restaurant,US,11,tablet,90.85,1,48,0
TXN005406,CUST01293,51.49,electronics,DE,6,mobile,97.33,1,45,0
TXN005407,CUST00308,77.71,restaurant,DE,15,mobile,308.26,3,72,0
TXN005408,CUST01312,25.08,entertainment,US,19,desktop,122.99,2,64,0
TXN005409,CUST00977,4.93,fuel,IN,2,desktop,288.98,3,32,0
TXN005410,CUST01129,20.43,retail,AE,6,mobile,6.62,2,60,0
TXN005411,CUST01252,34.6,grocery,US,21,mobile,51.85,2,68,0
TXN005412,CUST01271,112.48,grocery,GB,13,desktop,17.19,2,72,0
TXN005413,CUST00700,18.77,grocery,DE,3,mobile,108.99,4,44,0
TXN005414,CUST00083,55.29,grocery,US,9,mobile,346.54,8,56,0
TXN005415,CUST01210,44.26,online,AE,23,tablet,151.83,0,31,0
TXN005416,CUST00252,34.6,retail,DE,1,tablet,132.24,4,30,0
TXN005417,CUST01379,83.98,electronics,GB,21,mobile,82.06,6,49,0
TXN005418,CUST00796,17.1,retail,US,15,mobile,11.83,0,61,0
TXN005419,CUST00897,18.63,grocery,US,2,desktop,261.75,5,52,0
TXN005420,CUST00210,32.72,retail,US,14,mobile,152.24,2,65,0
TXN005421,CUST00816,17.46,restaurant,DE,7,mobile,481.17,2,61,0
TXN005422,CUST00609,55.04,retail,CA,15,desktop,101.8,6,31,0
TXN005423,CUST00447,16.23,grocery,US,10,tablet,92.4,5,61,0
TXN005424,CUST00460,41.53,retail,US,23,mobile,659.36,3,53,0
TXN005425,CUST00968,29.96,restaurant,US,10,desktop,27.39,4,70,0
TXN005426,CUST00472,41.06,restaurant,DE,10,mobile,52.35,1,56,0
TXN005427,CUST00370,20.91,travel,FR,0,mobile,120.56,2,22,0
TXN005428,CUST00900,23.59,electronics,US,1,mobile,133.45,1,64,0
TXN005429,CUST00923,36.45,fuel,US,19,mobile,143.22,1,25,0
TXN005430,CUST00137,40.53,retail,US,0,desktop,42.91,5,27,0
TXN005431,CUST00367,32.98,online,US,18,desktop,470.74,7,19,0
TXN005432,CUST00912,182.25,fuel,ET,19,mobile,218.83,3,48,0
TXN005433,CUST00184,12.3,grocery,US,9,mobile,53.82,3,70,0
TXN005434,CUST01311,31.06,online,US,18,mobile,62.71,2,56,0
TXN005435,CUST00472,6.86,travel,GB,20,desktop,382.19,5,42,0
TXN005436,CUST01399,48.04,retail,IN,10,mobile,86.15,2,51,0
TXN005437,CUST00654,10.86,electronics,IN,11,mobile,146.29,3,32,0
TXN005438,CUST00749,25.07,fuel,IN,9,mobile,23.1,3,73,0
TXN005439,CUST00537,22.83,restaurant,DE,6,mobile,52.2,5,59,0
TXN005440,CUST00802,43.86,restaurant,FR,23,mobile,96.99,2,34,0
TXN005441,CUST01274,19.05,electronics,FR,7,mobile,192.15,7,39,0
TXN005442,CUST00920,18.26,restaurant,AE,10,desktop,59.19,1,64,0
TXN005443,CUST00510,139.19,restaurant,IN,17,tablet,541.99,2,65,0
TXN005444,CUST00630,44.02,grocery,US,15,mobile,44.77,3,50,0
TXN005445,CUST01002,18.9,entertainment,US,0,mobile,271.65,4,23,0
TXN005446,CUST01097,25.77,grocery,US,5,mobile,81.63,0,75,0
TXN005447,CUST01306,171.63,retail,GB,16,tablet,322.59,4,35,0
TXN005448,CUST00916,26.18,grocery,FR,21,mobile,461.76,5,47,0
TXN005449,CUST01384,16.62,grocery,NG,12,desktop,37.27,4,20,0
TXN005450,CUST01034,16.69,online,US,22,mobile,121.72,2,48,0
TXN005451,CUST01235,19.12,travel,US,9,mobile,30.18,3,68,0
TXN005452,CUST00152,18.27,travel,IN,9,mobile,220.24,3,29,0
TXN005453,CUST01029,9.21,online,US,0,mobile,321.34,3,27,0
TXN005454,CUST01219,10.76,restaurant,US,6,mobile,88.82,2,71,0
TXN005455,CUST01307,14.45,fuel,DE,19,mobile,90.98,2,75,0
TXN005456,CUST00464,59.83,travel,US,8,mobile,41.03,1,53,0
TXN005457,CUST01137,22.62,electronics,US,10,desktop,65.89,2,73,0
TXN005458,CUST00271,26.92,entertainment,US,19,desktop,70.45,4,23,0
TXN005459,CUST01187,117.93,fuel,US,1,desktop,30.44,1,48,0
TXN005460,CUST00460,120.91,electronics,CA,0,mobile,66.78,6,53,0
TXN005461,CUST00105,24.97,entertainment,US,22,mobile,428.03,3,50,0
TXN005462,CUST01306,17.62,retail,US,11,desktop,70.85,2,27,0
TXN005463,CUST00162,13.95,online,US,6,mobile,57.75,2,55,0
TXN005464,CUST00351,66.21,restaurant,FR,18,tablet,87.4,2,43,0
TXN005465,CUST00434,26.99,retail,US,4,desktop,580.63,3,33,0
TXN005466,CUST00852,22.5,restaurant,US,11,mobile,260.35,2,41,0
TXN005467,CUST00140,14.68,grocery,US,13,desktop,40.56,4,58,0
TXN005468,CUST01495,15.34,restaurant,US,6,desktop,251.38,3,41,0
TXN005469,CUST01156,45.61,fuel,US,7,desktop,261.62,4,26,0
TXN005470,CUST00087,8.89,retail,US,13,desktop,539.73,2,42,0
TXN005471,CUST00183,89.56,online,IN,11,mobile,399.11,1,61,0
TXN005472,CUST00368,19.42,retail,NG,8,desktop,18.01,3,40,0
TXN005473,CUST00129,28.51,grocery,CA,9,desktop,109.11,3,71,0
TXN005474,CUST01270,8.7,grocery,US,9,desktop,218.52,2,20,0
TXN005475,CUST00670,32.71,online,CA,0,desktop,652.62,4,49,0
TXN005476,CUST01402,23.85,retail,US,21,mobile,16.02,4,27,0
TXN005477,CUST00149,31.5,travel,DE,5,mobile,82.66,2,64,0
TXN005478,CUST00985,144.27,grocery,US,13,tablet,121.99,2,52,0
TXN005479,CUST00852,39.56,restaurant,AE,22,mobile,95.97,2,39,0
TXN005480,CUST01457,14.96,restaurant,IN,8,mobile,109.51,1,31,0
TXN005481,CUST00628,16.26,electronics,US,22,mobile,82.91,2,42,0
TXN005482,CUST01493,60.05,grocery,US,22,mobile,634.96,4,71,0
TXN005483,CUST00446,121.35,retail,CA,11,mobile,292.64,5,32,0
TXN005484,CUST00884,43.9,online,US,18,mobile,240.18,6,47,0
TXN005485,CUST00294,65.94,fuel,IN,19,mobile,95.19,1,48,0
TXN005486,CUST01167,60.93,grocery,US,21,desktop,383.95,2,31,0
TXN005487,CUST00250,136.87,grocery,US,22,mobile,17.64,1,25,0
TXN005488,CUST00878,4.71,online,FR,11,desktop,27.87,2,25,0
TXN005489,CUST00948,64.54,retail,US,12,mobile,554.47,1,48,0
TXN005490,CUST00975,88.56,online,US,2,desktop,150.66,6,54,0
TXN005491,CUST01326,8.68,retail,CA,10,desktop,31.27,5,54,0
TXN005492,CUST01049,13.66,entertainment,GB,1,mobile,536.18,2,20,0
TXN005493,CUST00789,14.14,grocery,CA,17,mobile,662.87,2,50,0
TXN005494,CUST00984,15.98,restaurant,GB,17,desktop,383.9,1,29,0
TXN005495,CUST00889,20.46,online,US,23,desktop,49.06,4,49,0
TXN005496,CUST00890,42.21,travel,US,8,tablet,58.75,4,49,0
TXN005497,CUST00070,78.7,restaurant,US,0,mobile,94.05,7,38,0
TXN005498,CUST00625,97.64,electronics,IN,15,tablet,155.86,5,60,0
TXN005499,CUST00875,14.33,travel,US,0,mobile,873.23,6,27,0
TXN005500,CUST01136,14.23,retail,US,20,mobile,562.79,2,61,0
TXN005501,CUST01388,123.45,grocery,IN,19,mobile,457.21,4,58,0
TXN005502,CUST01327,63.23,restaurant,IN,23,mobile,16.83,0,59,0
TXN005503,CUST00471,35.98,online,AE,4,desktop,254.77,2,74,1
TXN005504,CUST00091,53.16,fuel,US,16,tablet,376.98,2,43,0
TXN005505,CUST00530,32.14,online,CA,7,tablet,72.97,1,30,0
TXN005506,CUST00661,55.96,retail,US,5,desktop,44.62,2,26,0
TXN005507,CUST00739,23.66,entertainment,ET,0,mobile,248.41,2,50,0
TXN005508,CUST00726,43.33,online,US,12,tablet,17.14,4,48,0
TXN005509,CUST00872,7.31,restaurant,US,17,desktop,509.01,4,73,0
TXN005510,CUST00192,16.65,travel,US,3,tablet,30.55,2,29,0
TXN005511,CUST01266,16.83,fuel,US,14,tablet,110.09,3,73,0
TXN005512,CUST00138,22.77,entertainment,DE,13,mobile,731.29,2,75,0
TXN005513,CUST00345,13.11,retail,AE,15,mobile,799.45,2,40,0
TXN005514,CUST01204,19.42,online,DE,4,mobile,269.29,2,42,0
TXN005515,CUST01009,7.28,online,US,0,desktop,328.95,2,46,0
TXN005516,CUST00503,57.32,grocery,NG,22,desktop,614.96,5,50,0
TXN005517,CUST00203,30.49,grocery,US,3,desktop,472.18,1,35,0
TXN005518,CUST00573,6.02,grocery,US,16,mobile,175.17,1,58,0
TXN005519,CUST00192,14.37,grocery,US,5,mobile,238.78,4,61,0
TXN005520,CUST00005,46.37,electronics,US,3,tablet,162.15,1,29,0
TXN005521,CUST01261,19.24,electronics,US,6,mobile,127.12,2,73,0
TXN005522,CUST00311,16.5,online,US,0,desktop,382.9,2,75,0
TXN005523,CUST00549,30.74,online,IN,9,tablet,241.11,4,53,0
TXN005524,CUST00056,46.69,online,NG,12,desktop,353.66,2,21,0
TXN005525,CUST00443,7.87,travel,US,8,desktop,18.15,4,30,0
TXN005526,CUST01261,57.4,restaurant,US,13,mobile,154.65,1,48,0
TXN005527,CUST00870,14.88,retail,US,0,desktop,71.96,1,39,0
TXN005528,CUST01221,32.53,grocery,US,8,mobile,129.65,1,63,0
TXN005529,CUST00585,31.96,retail,US,5,desktop,170.86,4,54,0
TXN005530,CUST00752,19.55,restaurant,US,9,mobile,336.46,4,73,0
TXN005531,CUST01473,11.9,online,GB,10,desktop,5.83,4,56,0
TXN005532,CUST00360,24.89,grocery,CA,6,tablet,32.24,3,75,0
TXN005533,CUST00819,168.23,grocery,US,19,tablet,457.91,4,47,0
TXN005534,CUST00030,8.49,electronics,FR,21,mobile,615.51,4,73,0
TXN005535,CUST00108,179.88,fuel,FR,11,mobile,10.26,4,51,0
TXN005536,CUST00844,25.54,restaurant,US,21,mobile,72.57,4,48,0
TXN005537,CUST00717,34.31,online,US,11,mobile,1.76,4,23,1
TXN005538,CUST00891,11.17,restaurant,NG,13,mobile,254.98,0,72,0
TXN005539,CUST00960,15.31,electronics,GB,9,desktop,206.19,1,43,0
TXN005540,CUST01469,20.03,retail,US,15,mobile,149.75,2,66,0
TXN005541,CUST00893,11.64,retail,CA,21,mobile,211.78,1,62,0
TXN005542,CUST01462,26.87,online,US,3,desktop,138.91,2,30,0
TXN005543,CUST00732,22.04,restaurant,GB,22,mobile,49.12,6,46,0
TXN005544,CUST00606,210.77,restaurant,US,13,mobile,252.68,2,67,0
TXN005545,CUST00457,10.32,retail,US,1,mobile,275.24,5,43,0
TXN005546,CUST00615,36.7,restaurant,DE,1,desktop,346.6,1,56,0
TXN005547,CUST00698,42.43,entertainment,CA,10,desktop,554.54,3,39,0
TXN005548,CUST00674,11.36,electronics,US,10,mobile,247.77,2,69,0
TXN005549,CUST01271,65.81,retail,US,5,mobile,10.1,5,21,0
TXN005550,CUST00543,22.24,electronics,US,2,mobile,3.79,1,52,1
TXN005551,CUST00857,2.74,electronics,US,22,mobile,242.38,5,22,0
TXN005552,CUST00897,64.06,online,US,8,mobile,10.38,1,45,0
TXN005553,CUST01463,10.84,retail,GB,2,desktop,68.35,3,38,0
TXN005554,CUST00278,11.61,retail,US,0,mobile,26.35,4,26,0
TXN005555,CUST00552,65.88,fuel,DE,1,mobile,624.7,3,27,0
TXN005556,CUST00111,23.4,fuel,FR,14,mobile,68.47,6,74,0
TXN005557,CUST00385,82.91,online,US,10,mobile,10.21,2,72,0
TXN005558,CUST00761,111.07,fuel,GB,7,mobile,537.82,5,57,0
TXN005559,CUST01215,17.38,retail,IN,15,mobile,168.91,3,50,0
TXN005560,CUST00694,73.2,travel,US,22,mobile,6.62,5,57,0
TXN005561,CUST01450,15.56,online,NG,16,tablet,322.55,6,60,0
TXN005562,CUST00405,308.93,online,CA,2,tablet,29.79,2,22,1
TXN005563,CUST01359,16.56,online,CA,7,desktop,291.9,1,26,0
TXN005564,CUST01233,92.4,retail,US,6,mobile,166.17,3,34,0
TXN005565,CUST00022,77.0,electronics,FR,20,mobile,35.09,3,50,0
TXN005566,CUST00678,45.43,restaurant,US,2,desktop,251.41,2,34,0
TXN005567,CUST00611,16.94,travel,DE,6,mobile,109.09,3,23,0
TXN005568,CUST01232,28.46,restaurant,ET,4,mobile,182.95,1,44,0
TXN005569,CUST00008,3.84,travel,US,0,desktop,366.57,0,44,0
TXN005570,CUST00702,41.45,retail,US,4,mobile,54.27,2,63,0
TXN005571,CUST00529,46.97,online,US,2,mobile,82.02,5,31,0
TXN005572,CUST00602,37.85,retail,US,17,mobile,1062.74,2,22,0
TXN005573,CUST00657,1.69,grocery,AE,18,desktop,127.71,3,34,0
TXN005574,CUST00166,9.34,retail,US,9,desktop,147.16,2,21,0
TXN005575,CUST00849,15.67,online,US,3,desktop,60.5,2,58,1
TXN005576,CUST00496,44.33,grocery,US,12,mobile,96.82,4,24,0
TXN005577,CUST00590,44.23,online,AE,0,desktop,125.33,4,54,0
TXN005578,CUST00429,27.93,retail,US,3,tablet,53.82,2,31,0
TXN005579,CUST00774,62.5,grocery,IN,8,desktop,48.96,4,69,0
TXN005580,CUST00163,11.87,online,DE,16,mobile,165.14,2,30,0
TXN005581,CUST00366,60.96,retail,AE,10,desktop,36.52,3,46,0
TXN005582,CUST01263,53.24,grocery,US,6,desktop,145.12,5,66,0
TXN005583,CUST00072,48.31,online,US,23,desktop,220.48,3,72,0
TXN005584,CUST01469,27.6,travel,US,6,desktop,39.77,4,51,0
TXN005585,CUST00655,206.59,electronics,US,12,desktop,246.59,0,51,0
TXN005586,CUST00269,54.23,online,DE,18,desktop,80.24,8,55,0
TXN005587,CUST00415,12.57,grocery,US,16,mobile,880.82,1,56,0
TXN005588,CUST01269,42.45,fuel,US,17,mobile,696.04,2,65,0
TXN005589,CUST01016,70.28,grocery,CA,12,mobile,288.44,1,42,0
TXN005590,CUST00675,18.39,restaurant,US,16,mobile,75.54,2,52,0
TXN005591,CUST01084,98.42,travel,US,17,desktop,498.23,3,37,0
TXN005592,CUST00006,48.52,electronics,US,20,mobile,1207.46,4,48,0
TXN005593,CUST00982,3.18,restaurant,GB,19,mobile,111.67,3,63,0
TXN005594,CUST00570,44.69,entertainment,US,1,mobile,171.62,2,61,0
TXN005595,CUST00407,22.06,retail,GB,18,mobile,1.08,4,71,0
TXN005596,CUST01241,56.67,retail,US,14,desktop,8.01,0,42,0
TXN005597,CUST00026,85.13,online,US,8,desktop,124.98,6,72,0
TXN005598,CUST01029,40.25,retail,ET,13,desktop,169.17,3,75,0
TXN005599,CUST00986,175.08,retail,DE,18,mobile,67.42,5,75,0
TXN005600,CUST00390,27.7,electronics,CA,7,mobile,18.79,1,46,0
TXN005601,CUST00710,61.86,restaurant,CA,11,tablet,274.41,2,67,0
TXN005602,CUST00571,74.06,grocery,US,16,mobile,97.67,2,69,0
TXN005603,CUST01472,30.04,travel,AE,11,desktop,188.38,1,67,0
TXN005604,CUST00754,72.15,retail,FR,14,desktop,189.07,1,63,0
TXN005605,CUST00146,18.27,online,CA,4,mobile,142.47,0,51,0
TXN005606,CUST01412,21.7,fuel,NG,1,mobile,35.39,1,27,1
TXN005607,CUST00785,8.91,grocery,US,19,mobile,172.32,1,36,0
TXN005608,CUST01273,42.16,grocery,GB,17,tablet,69.97,1,56,0
TXN005609,CUST00526,45.84,travel,IN,2,mobile,307.79,3,28,0
TXN005610,CUST01486,107.69,retail,US,4,mobile,38.64,2,57,0
TXN005611,CUST00013,73.05,electronics,US,1,mobile,61.94,3,57,0
TXN005612,CUST00903,24.91,retail,DE,8,mobile,104.47,5,53,0
TXN005613,CUST00384,10.19,grocery,US,23,desktop,242.48,2,40,0
TXN005614,CUST00556,51.05,online,NG,4,mobile,229.62,2,72,1
TXN005615,CUST00887,100.56,online,US,16,mobile,74.01,3,61,0
TXN005616,CUST01423,70.47,retail,GB,20,mobile,128.68,5,55,0
TXN005617,CUST00019,97.95,grocery,US,19,mobile,48.04,3,42,0
TXN005618,CUST00575,26.79,restaurant,US,14,mobile,264.83,3,61,0
TXN005619,CUST00751,20.77,restaurant,NG,12,mobile,39.43,2,66,0
TXN005620,CUST01004,15.85,retail,FR,8,desktop,308.01,1,62,0
TXN005621,CUST00419,31.32,grocery,US,1,mobile,497.24,2,38,0
TXN005622,CUST01361,30.61,grocery,US,22,mobile,860.66,1,55,0
TXN005623,CUST00419,40.72,online,DE,1,mobile,350.04,2,44,0
TXN005624,CUST00122,29.1,online,AE,10,desktop,45.12,3,19,0
TXN005625,CUST00432,28.97,entertainment,DE,2,desktop,96.97,2,23,0
TXN005626,CUST00044,15.23,retail,GB,2,tablet,16.75,5,52,0
TXN005627,CUST01341,84.91,online,US,9,mobile,32.36,3,26,0
TXN005628,CUST00381,35.75,retail,AE,23,mobile,9.18,5,37,0
TXN005629,CUST00145,27.81,fuel,FR,1,mobile,184.44,2,72,0
TXN005630,CUST01351,15.68,restaurant,US,0,mobile,137.13,1,69,0
TXN005631,CUST00363,8.74,retail,US,5,desktop,448.03,3,50,0
TXN005632,CUST01074,122.48,fuel,CA,5,desktop,111.92,2,64,0
TXN005633,CUST01089,57.66,electronics,AE,10,mobile,185.05,2,46,0
TXN005634,CUST00355,6.53,fuel,FR,15,desktop,92.43,2,44,0
TXN005635,CUST00800,71.03,electronics,AE,0,desktop,318.38,3,18,0
TXN005636,CUST01188,83.3,grocery,US,4,desktop,469.58,8,30,0
TXN005637,CUST01165,37.5,fuel,CA,9,mobile,101.73,7,20,0
TXN005638,CUST00826,163.71,entertainment,AE,20,mobile,15.54,0,18,0
TXN005639,CUST01152,41.13,fuel,US,22,mobile,32.14,3,37,0
TXN005640,CUST00398,8.03,restaurant,US,5,mobile,229.48,8,57,0
TXN005641,CUST00880,47.71,retail,CA,10,mobile,70.82,3,75,0
TXN005642,CUST00463,42.3,grocery,NG,15,desktop,277.0,5,43,0
TXN005643,CUST00808,18.11,electronics,US,19,mobile,249.36,4,29,0
TXN005644,CUST00187,58.77,restaurant,US,12,desktop,213.33,2,23,0
TXN005645,CUST00732,6.25,grocery,US,11,desktop,302.97,4,71,0
TXN005646,CUST01214,89.17,electronics,US,17,mobile,254.32,3,67,0
TXN005647,CUST01412,13.76,online,US,12,mobile,180.23,3,26,0
TXN005648,CUST00429,12.37,retail,CA,4,desktop,0.76,3,73,1
TXN005649,CUST00858,29.55,retail,NG,12,desktop,130.5,4,72,0
TXN005650,CUST01308,51.06,entertainment,GB,12,tablet,162.81,1,53,0
TXN005651,CUST00237,39.01,travel,US,18,desktop,582.33,3,37,0
TXN005652,CUST01218,15.76,fuel,AE,18,desktop,189.22,0,27,1
TXN005653,CUST01311,19.96,entertainment,GB,12,desktop,154.22,3,27,0
TXN005654,CUST00771,10.66,travel,US,10,mobile,140.24,5,48,0
TXN005655,CUST00758,26.45,entertainment,US,15,desktop,19.62,1,37,0
TXN005656,CUST00136,97.03,travel,ET,22,tablet,100.43,1,42,0
TXN005657,CUST00792,32.97,electronics,DE,13,mobile,25.97,2,62,0
TXN005658,CUST00171,78.21,online,CA,9,mobile,9.74,0,48,0
TXN005659,CUST00159,141.94,fuel,US,1,mobile,71.94,3,64,0
TXN005660,CUST00201,18.39,fuel,ET,7,tablet,186.64,2,58,0
TXN005661,CUST00962,27.48,electronics,US,22,mobile,362.86,4,26,0
TXN005662,CUST00583,290.38,online,FR,7,desktop,299.28,4,70,0
TXN005663,CUST00876,140.38,retail,GB,21,desktop,62.84,2,58,0
TXN005664,CUST00371,6.22,retail,US,20,desktop,8.48,3,66,0
TXN005665,CUST00103,48.77,restaurant,US,19,desktop,92.75,2,41,0
TXN005666,CUST01002,33.13,restaurant,US,13,tablet,68.04,2,21,0
TXN005667,CUST01149,75.68,fuel,US,23,mobile,83.53,3,54,0
TXN005668,CUST01337,15.72,electronics,US,13,mobile,147.41,3,62,0
TXN005669,CUST00976,14.3,grocery,CA,17,mobile,5.56,5,41,0
TXN005670,CUST00798,16.84,electronics,CA,14,mobile,83.4,2,31,0
TXN005671,CUST01482,18.69,entertainment,CA,21,mobile,147.22,3,25,0
TXN005672,CUST01254,74.84,entertainment,GB,15,mobile,101.49,0,66,0
TXN005673,CUST00658,10.16,travel,ET,13,desktop,198.05,2,44,0
TXN005674,CUST00882,17.77,travel,NG,9,mobile,37.07,1,59,0
TXN005675,CUST01221,5.53,online,US,21,desktop,30.07,2,70,0
TXN005676,CUST00733,90.66,restaurant,CA,20,mobile,66.24,2,47,0
TXN005677,CUST00423,118.04,online,US,1,mobile,19.31,2,67,0
TXN005678,CUST00572,23.88,grocery,US,4,mobile,48.52,3,31,0
TXN005679,CUST00171,24.58,travel,GB,2,mobile,16.36,3,57,0
TXN005680,CUST01406,52.1,electronics,US,22,mobile,92.54,2,57,0
TXN005681,CUST00173,144.67,fuel,FR,6,mobile,223.72,3,75,0
TXN005682,CUST00663,49.83,online,US,23,desktop,60.77,2,35,0
TXN005683,CUST00453,16.49,electronics,US,11,mobile,0.67,3,30,0
TXN005684,CUST00350,6.56,grocery,NG,9,mobile,146.58,5,46,0
TXN005685,CUST00494,10.86,restaurant,US,10,mobile,211.94,2,45,0
TXN005686,CUST00620,35.63,online,US,16,desktop,89.36,1,65,0
TXN005687,CUST01028,17.2,grocery,US,3,mobile,63.43,1,69,0
TXN005688,CUST01117,40.24,grocery,IN,5,mobile,121.43,0,67,0
TXN005689,CUST00919,19.05,online,US,6,mobile,19.21,5,21,0
TXN005690,CUST00006,11.49,fuel,US,4,desktop,185.87,2,44,0
TXN005691,CUST00288,10.21,restaurant,FR,5,mobile,237.89,2,53,1
TXN005692,CUST01170,157.96,travel,GB,16,mobile,219.52,2,41,0
TXN005693,CUST01448,80.56,retail,AE,13,desktop,71.73,4,75,0
TXN005694,CUST00608,186.89,retail,US,10,desktop,332.94,5,74,0
TXN005695,CUST00457,56.82,restaurant,IN,4,mobile,528.23,4,41,0
TXN005696,CUST01226,21.54,entertainment,ET,1,mobile,63.45,4,20,0
TXN005697,CUST01236,124.38,online,US,13,tablet,54.86,3,62,0
TXN005698,CUST01030,32.04,retail,US,15,mobile,219.2,6,36,0
TXN005699,CUST00624,41.3,travel,IN,1,mobile,221.75,1,56,0
TXN005700,CUST00376,31.73,fuel,GB,16,mobile,128.56,2,66,0
TXN005701,CUST00447,1.74,fuel,CA,15,desktop,462.26,1,26,0
TXN005702,CUST00835,164.8,travel,FR,8,mobile,28.47,4,39,0
TXN005703,CUST01130,54.11,entertainment,CA,19,mobile,116.8,3,75,0
TXN005704,CUST00811,46.05,restaurant,US,19,mobile,6.45,3,39,0
TXN005705,CUST01425,31.13,grocery,US,8,mobile,9.74,2,72,0
TXN005706,CUST01120,38.99,electronics,CA,4,tablet,9.93,0,33,0
TXN005707,CUST01412,18.22,retail,US,3,mobile,121.83,5,73,0
TXN005708,CUST00959,61.35,travel,US,6,mobile,160.03,5,25,0
TXN005709,CUST01476,8.96,online,FR,4,mobile,0.63,6,34,1
TXN005710,CUST00849,39.89,online,US,23,desktop,180.21,5,65,0
TXN005711,CUST00809,58.07,grocery,US,2,mobile,121.1,4,54,0
TXN005712,CUST00979,27.15,electronics,AE,7,desktop,45.6,1,44,0
TXN005713,CUST00416,47.98,fuel,CA,15,mobile,2.74,5,52,0
TXN005714,CUST00726,12.29,retail,US,5,desktop,30.55,3,52,0
TXN005715,CUST00454,12.61,grocery,ET,8,mobile,165.08,4,31,0
TXN005716,CUST01315,41.96,electronics,GB,21,mobile,193.57,2,69,0
TXN005717,CUST01217,65.27,grocery,US,19,mobile,187.46,1,60,0
TXN005718,CUST00150,5.08,restaurant,US,17,mobile,29.92,3,58,0
TXN005719,CUST00759,55.81,electronics,US,10,desktop,435.88,1,39,0
TXN005720,CUST00779,19.24,online,AE,18,mobile,95.26,7,39,0
TXN005721,CUST00973,27.31,restaurant,US,6,tablet,262.99,2,69,0
TXN005722,CUST00763,8.68,restaurant,CA,9,mobile,32.78,5,28,0
TXN005723,CUST01002,14.13,fuel,NG,4,mobile,114.47,2,49,1
TXN005724,CUST01417,87.02,retail,US,6,mobile,132.69,5,44,0
TXN005725,CUST01340,34.22,restaurant,US,22,mobile,264.82,3,37,0
TXN005726,CUST00076,22.58,fuel,US,5,mobile,174.89,2,63,0
TXN005727,CUST00599,29.47,restaurant,US,17,mobile,91.74,6,51,0
TXN005728,CUST01294,54.01,retail,GB,20,desktop,59.76,5,36,0
TXN005729,CUST00225,51.44,fuel,GB,14,desktop,649.86,6,27,0
TXN005730,CUST00113,30.72,entertainment,US,9,mobile,60.27,2,30,0
TXN005731,CUST00251,98.79,grocery,US,5,desktop,24.96,3,68,0
TXN005732,CUST01257,87.4,online,US,23,mobile,64.31,3,69,0
TXN005733,CUST00841,50.07,online,IN,0,desktop,71.26,4,45,0
TXN005734,CUST00714,34.97,restaurant,DE,9,mobile,24.62,2,25,0
TXN005735,CUST01107,63.9,restaurant,CA,22,mobile,221.67,5,70,0
TXN005736,CUST00125,45.34,online,US,14,desktop,173.77,4,39,0
TXN005737,CUST01199,95.66,fuel,US,13,mobile,68.53,4,71,0
TXN005738,CUST01093,81.42,grocery,US,15,desktop,893.13,2,45,0
TXN005739,CUST01071,11.96,online,IN,4,desktop,191.56,1,33,0
TXN005740,CUST00884,11.18,grocery,FR,13,desktop,218.64,2,34,0
TXN005741,CUST01280,16.42,grocery,CA,15,desktop,146.63,3,57,0
TXN005742,CUST00030,87.89,online,CA,13,mobile,144.36,7,59,0
TXN005743,CUST00281,6.85,restaurant,US,6,desktop,3.64,6,66,0
TXN005744,CUST00924,49.14,travel,US,18,mobile,265.25,5,57,0
TXN005745,CUST01261,47.59,electronics,US,3,desktop,434.92,2,36,0
TXN005746,CUST01272,105.92,online,US,17,mobile,23.47,2,66,0
TXN005747,CUST00368,39.66,travel,US,21,mobile,285.81,3,71,0
TXN005748,CUST00495,8.64,retail,US,20,desktop,137.56,2,55,0
TXN005749,CUST01049,12.69,electronics,CA,14,desktop,60.46,1,35,0
TXN005750,CUST00718,10.16,fuel,NG,16,tablet,456.63,2,54,0
TXN005751,CUST01017,19.34,restaurant,NG,0,mobile,3.15,2,46,1
TXN005752,CUST01338,27.58,travel,US,23,mobile,57.65,3,32,0
TXN005753,CUST00606,10.32,online,US,14,tablet,391.28,4,38,0
TXN005754,CUST00375,144.12,restaurant,CA,15,mobile,118.06,0,73,0
TXN005755,CUST00639,8.8,travel,AE,23,desktop,164.45,4,24,0
TXN005756,CUST01049,127.24,restaurant,IN,21,desktop,249.37,3,68,0
TXN005757,CUST01358,108.33,grocery,AE,10,desktop,28.82,2,53,0
TXN005758,CUST01379,81.31,restaurant,GB,8,desktop,43.61,6,65,0
TXN005759,CUST00116,16.55,fuel,US,16,desktop,1186.58,4,39,0
TXN005760,CUST00048,46.64,fuel,US,14,mobile,48.8,2,72,0
TXN005761,CUST00099,9.23,restaurant,US,7,tablet,139.46,1,54,0
TXN005762,CUST01483,82.34,electronics,CA,17,mobile,63.87,6,23,0
TXN005763,CUST00405,30.75,grocery,US,7,mobile,343.19,1,57,0
TXN005764,CUST01238,21.99,restaurant,DE,2,mobile,587.48,4,31,0
TXN005765,CUST00685,9.74,fuel,DE,21,desktop,27.42,0,34,0
TXN005766,CUST00903,2.78,online,US,22,desktop,165.19,3,18,0
TXN005767,CUST00503,11.72,restaurant,NG,18,mobile,300.43,1,61,0
TXN005768,CUST01472,100.77,restaurant,US,13,desktop,311.72,2,19,0
TXN005769,CUST00894,22.14,entertainment,NG,1,desktop,104.51,1,59,1
TXN005770,CUST00258,27.96,restaurant,NG,0,desktop,45.97,2,62,0
TXN005771,CUST00844,63.79,electronics,US,4,mobile,88.13,2,55,0
TXN005772,CUST00121,201.48,fuel,US,16,desktop,250.36,4,63,0
TXN005773,CUST00810,124.59,online,US,0,desktop,914.34,2,66,0
TXN005774,CUST00978,12.52,travel,FR,20,tablet,145.46,1,53,0
TXN005775,CUST00054,4.75,retail,US,15,mobile,39.07,2,72,0
TXN005776,CUST01019,350.59,restaurant,IN,2,mobile,7.71,0,67,1
TXN005777,CUST01355,320.21,fuel,US,9,mobile,517.84,0,38,0
TXN005778,CUST00784,39.98,grocery,GB,18,mobile,118.76,4,22,0
TXN005779,CUST00241,9.3,online,IN,10,mobile,226.96,3,37,0
TXN005780,CUST00483,86.77,retail,GB,22,mobile,194.28,5,58,0
TXN005781,CUST01013,29.73,travel,US,2,desktop,398.74,3,75,0
TXN005782,CUST00187,29.58,fuel,CA,1,mobile,55.69,2,39,0
TXN005783,CUST00656,81.0,entertainment,US,2,mobile,104.92,2,57,0
TXN005784,CUST00262,46.26,grocery,US,14,mobile,440.82,5,40,0
TXN005785,CUST00953,10.12,fuel,US,19,mobile,158.56,0,75,0
TXN005786,CUST01388,23.93,retail,US,8,desktop,13.33,4,74,0
TXN005787,CUST00491,64.15,online,ET,14,mobile,38.93,2,18,0
TXN005788,CUST00431,55.16,restaurant,US,1,desktop,48.74,6,30,0
TXN005789,CUST00239,43.04,grocery,DE,5,mobile,914.56,5,41,0
TXN005790,CUST00304,84.22,restaurant,US,4,desktop,45.68,3,42,0
TXN005791,CUST00298,23.06,grocery,US,5,mobile,366.8,2,60,0
TXN005792,CUST00076,39.59,online,US,4,mobile,14.64,4,45,0
TXN005793,CUST01357,1.13,grocery,US,21,desktop,36.1,2,21,0
TXN005794,CUST00999,21.12,restaurant,US,11,mobile,370.11,2,40,0
TXN005795,CUST00642,71.09,travel,CA,3,mobile,412.56,4,66,0
TXN005796,CUST01498,22.41,travel,IN,23,desktop,34.89,1,21,0
TXN005797,CUST00827,20.78,online,US,22,mobile,47.01,5,57,0
TXN005798,CUST00283,11.69,fuel,US,13,desktop,136.12,4,75,0
TXN005799,CUST00591,90.32,grocery,US,13,mobile,9.74,5,51,0
TXN005800,CUST00072,57.31,grocery,NG,10,mobile,523.01,2,37,0
TXN005801,CUST01287,75.6,grocery,DE,0,mobile,80.92,3,34,0
TXN005802,CUST00703,5.89,electronics,ET,20,mobile,120.95,2,47,0
TXN005803,CUST00575,28.21,grocery,US,22,mobile,19.98,6,45,0
TXN005804,CUST01000,25.03,fuel,US,4,mobile,5.96,5,41,0
TXN005805,CUST00892,25.01,restaurant,US,4,desktop,113.54,3,65,0
TXN005806,CUST00012,17.89,retail,AE,11,desktop,23.35,3,48,0
TXN005807,CUST00141,23.43,travel,US,4,desktop,179.12,3,49,0
TXN005808,CUST00017,77.45,travel,GB,20,mobile,284.8,3,55,0
TXN005809,CUST01087,4.89,entertainment,US,12,mobile,5.79,4,46,0
TXN005810,CUST00253,195.84,fuel,US,10,mobile,170.52,2,24,0
TXN005811,CUST00465,53.72,online,US,20,mobile,304.34,4,69,0
TXN005812,CUST00376,31.74,retail,GB,0,desktop,104.18,2,71,0
TXN005813,CUST00981,82.01,electronics,US,11,desktop,578.07,2,71,0
TXN005814,CUST00520,7.75,entertainment,IN,5,mobile,21.22,5,32,0
TXN005815,CUST00090,17.04,electronics,US,10,mobile,70.21,5,73,0
TXN005816,CUST00720,29.34,entertainment,US,11,tablet,47.06,2,62,0
TXN005817,CUST00804,129.74,restaurant,US,5,mobile,1002.68,1,23,0
TXN005818,CUST00796,31.61,restaurant,AE,23,tablet,62.71,0,71,0
TXN005819,CUST00630,51.94,fuel,US,4,desktop,88.36,2,34,0
TXN005820,CUST01199,18.36,restaurant,US,17,mobile,338.64,2,50,0
TXN005821,CUST00076,53.88,restaurant,US,15,mobile,478.57,2,61,0
TXN005822,CUST00926,177.19,restaurant,US,12,tablet,499.78,1,18,0
TXN005823,CUST00400,89.62,fuel,CA,6,desktop,147.03,3,20,0
TXN005824,CUST00970,30.52,retail,US,13,mobile,195.94,4,30,0
TXN005825,CUST01095,65.07,fuel,DE,0,mobile,77.31,3,28,0
TXN005826,CUST01204,59.0,entertainment,ET,20,desktop,168.18,2,29,0
TXN005827,CUST01148,54.96,online,AE,20,mobile,64.91,3,35,0
TXN005828,CUST01405,100.68,grocery,US,11,mobile,246.7,8,57,0
TXN005829,CUST01317,99.93,grocery,US,2,mobile,66.07,3,33,0
TXN005830,CUST00797,29.16,online,IN,17,mobile,380.77,4,50,0
TXN005831,CUST00195,62.92,restaurant,FR,10,mobile,27.88,2,58,0
TXN005832,CUST00228,22.58,restaurant,US,19,mobile,152.67,2,21,0
TXN005833,CUST01455,13.16,travel,US,6,mobile,132.37,2,41,0
TXN005834,CUST01460,25.29,fuel,IN,9,mobile,55.11,2,53,0
TXN005835,CUST00461,30.68,electronics,US,18,tablet,5.11,6,64,0
TXN005836,CUST00618,6.29,entertainment,AE,12,desktop,28.94,3,63,0
TXN005837,CUST01045,78.28,fuel,US,13,mobile,619.29,2,71,0
TXN005838,CUST00064,2.08,fuel,US,14,desktop,510.37,5,61,0
TXN005839,CUST00165,500.1,retail,US,5,mobile,22.87,5,24,1
TXN005840,CUST00027,148.69,restaurant,US,6,desktop,84.56,1,26,0
TXN005841,CUST01335,25.51,online,US,12,mobile,112.63,2,54,0
TXN005842,CUST01012,33.43,retail,NG,15,mobile,117.04,3,36,0
TXN005843,CUST00285,44.83,online,GB,14,tablet,63.9,4,74,0
TXN005844,CUST00281,18.37,entertainment,DE,17,desktop,439.43,4,75,0
TXN005845,CUST00838,40.15,electronics,CA,2,mobile,430.44,2,46,0
TXN005846,CUST00831,28.67,online,US,15,tablet,3.44,3,23,0
TXN005847,CUST01188,30.14,grocery,US,0,desktop,188.97,2,53,0
TXN005848,CUST00918,39.7,retail,IN,23,tablet,13.91,5,75,0
TXN005849,CUST00224,8.9,entertainment,US,0,mobile,163.81,4,39,0
TXN005850,CUST00784,34.45,retail,US,18,tablet,362.99,2,39,0
TXN005851,CUST01170,39.0,fuel,IN,5,mobile,188.73,3,55,0
TXN005852,CUST00965,37.67,restaurant,US,10,desktop,113.91,4,60,0
TXN005853,CUST00950,26.69,grocery,AE,23,mobile,570.17,2,20,0
TXN005854,CUST01054,103.32,retail,AE,6,mobile,247.1,5,42,0
TXN005855,CUST00045,23.25,electronics,US,2,mobile,51.62,3,31,0
TXN005856,CUST00471,41.57,restaurant,US,5,mobile,88.07,2,22,0
TXN005857,CUST00034,121.18,online,IN,0,mobile,256.79,5,35,0
TXN005858,CUST00653,30.59,electronics,US,7,mobile,3.51,1,45,0
TXN005859,CUST01451,41.04,online,US,13,tablet,11.9,5,47,0
TXN005860,CUST00830,30.07,travel,US,3,desktop,353.16,5,53,0
TXN005861,CUST00221,114.13,fuel,CA,3,mobile,7.9,3,23,0
TXN005862,CUST00534,25.59,retail,FR,22,desktop,204.26,3,48,0
TXN005863,CUST00692,119.5,restaurant,IN,22,desktop,69.13,1,72,0
TXN005864,CUST01391,29.86,restaurant,NG,15,mobile,314.65,0,35,0
TXN005865,CUST00932,14.02,travel,IN,10,desktop,338.32,5,42,0
TXN005866,CUST00841,65.32,retail,US,21,desktop,551.67,2,51,0
TXN005867,CUST01011,24.42,electronics,DE,6,mobile,18.08,3,70,0
TXN005868,CUST00582,61.59,electronics,US,0,mobile,98.94,2,25,0
TXN005869,CUST01140,2.16,online,US,8,mobile,153.58,4,45,0
TXN005870,CUST00239,33.29,electronics,ET,5,desktop,445.97,0,24,0
TXN005871,CUST01359,20.91,retail,US,23,mobile,55.79,2,51,0
TXN005872,CUST00441,11.44,retail,NG,12,desktop,13.38,2,42,0
TXN005873,CUST00148,19.04,online,US,20,mobile,40.56,6,71,0
TXN005874,CUST01033,18.66,online,ET,11,desktop,123.18,5,18,0
TXN005875,CUST01312,31.56,grocery,US,22,tablet,205.69,3,60,0
TXN005876,CUST00388,8.44,fuel,US,18,desktop,211.2,0,19,0
TXN005877,CUST01074,45.43,fuel,US,16,desktop,13.97,2,51,0
TXN005878,CUST00916,129.83,electronics,US,22,mobile,257.94,0,49,0
TXN005879,CUST00638,43.86,restaurant,US,20,desktop,194.31,1,29,0
TXN005880,CUST00278,74.37,retail,IN,0,desktop,94.23,3,61,0
TXN005881,CUST00989,98.94,electronics,GB,8,desktop,152.37,6,71,0
TXN005882,CUST01324,114.03,online,US,21,desktop,262.78,5,43,0
TXN005883,CUST00589,214.89,grocery,US,22,mobile,54.71,1,71,0
TXN005884,CUST00649,20.1,electronics,US,7,desktop,506.51,2,39,0
TXN005885,CUST00618,16.14,entertainment,US,1,mobile,26.68,0,60,0
TXN005886,CUST00135,72.49,electronics,CA,17,mobile,418.51,2,48,0
TXN005887,CUST00580,67.24,online,US,3,mobile,243.07,3,50,0
TXN005888,CUST01171,71.93,restaurant,FR,0,mobile,194.46,2,39,0
TXN005889,CUST00490,219.05,electronics,US,23,desktop,15.58,5,65,0
TXN005890,CUST00478,33.49,retail,CA,20,desktop,452.41,2,25,0
TXN005891,CUST01183,50.71,online,CA,11,desktop,63.0,3,33,0
TXN005892,CUST00384,12.42,retail,US,15,tablet,246.4,2,45,0
TXN005893,CUST00163,280.15,retail,AE,22,desktop,389.0,3,31,1
TXN005894,CUST00441,23.65,retail,CA,17,tablet,50.42,5,21,1
TXN005895,CUST01213,24.33,retail,GB,4,desktop,442.88,5,41,0
TXN005896,CUST00415,23.41,grocery,US,15,mobile,170.39,5,36,0
TXN005897,CUST01363,17.38,retail,NG,8,mobile,193.67,1,71,0
TXN005898,CUST01205,15.97,grocery,DE,8,desktop,442.69,4,42,0
TXN005899,CUST00288,19.62,grocery,US,1,desktop,134.66,4,64,0
TXN005900,CUST00187,8.45,grocery,US,13,desktop,104.58,1,65,0
TXN005901,CUST01162,15.1,electronics,US,10,desktop,180.54,1,34,0
TXN005902,CUST00130,232.52,online,US,1,desktop,145.35,3,53,0
TXN005903,CUST00194,69.11,electronics,IN,15,mobile,11.42,2,19,0
TXN005904,CUST00316,83.59,grocery,US,20,desktop,35.83,4,62,0
TXN005905,CUST00144,107.47,travel,NG,18,desktop,2.46,2,44,1
TXN005906,CUST00016,207.29,travel,US,12,mobile,20.6,2,59,0
TXN005907,CUST01326,5.63,fuel,US,16,tablet,235.58,2,25,0
TXN005908,CUST00423,9.68,restaurant,IN,0,desktop,0.85,6,54,0
TXN005909,CUST00245,14.82,restaurant,US,20,mobile,65.34,2,22,0
TXN005910,CUST00927,20.7,restaurant,CA,18,mobile,107.39,3,63,0
TXN005911,CUST01131,24.52,restaurant,NG,15,desktop,499.97,1,21,0
TXN005912,CUST01112,21.18,online,IN,12,mobile,71.28,3,23,0
TXN005913,CUST00129,41.24,travel,AE,18,mobile,275.12,3,46,0
TXN005914,CUST00907,34.31,electronics,AE,2,mobile,94.6,4,25,1
TXN005915,CUST00887,16.07,electronics,GB,2,desktop,18.66,2,65,0
TXN005916,CUST00341,3.76,electronics,US,0,desktop,18.73,2,27,0
TXN005917,CUST00004,12.27,retail,DE,2,mobile,101.95,7,52,0
TXN005918,CUST01351,19.12,restaurant,IN,15,desktop,10.73,2,70,0
TXN005919,CUST01434,25.87,entertainment,US,20,tablet,152.59,2,27,0
TXN005920,CUST00306,10.7,fuel,US,7,desktop,122.49,2,63,0
TXN005921,CUST00908,20.27,grocery,CA,22,mobile,218.24,2,33,0
TXN005922,CUST00607,10.69,retail,DE,15,desktop,36.96,5,29,0
TXN005923,CUST01249,29.2,fuel,US,12,mobile,161.78,4,42,0
TXN005924,CUST01372,11.32,fuel,DE,12,mobile,34.52,0,32,0
TXN005925,CUST00992,14.17,electronics,CA,10,mobile,230.58,4,31,0
TXN005926,CUST00321,8.95,online,CA,3,mobile,66.05,1,23,0
TXN005927,CUST00559,28.4,restaurant,US,3,mobile,171.54,3,53,0
TXN005928,CUST01205,13.92,grocery,US,14,desktop,385.71,7,74,0
TXN005929,CUST00618,82.01,entertainment,CA,3,mobile,120.58,2,20,0
TXN005930,CUST00711,49.69,retail,CA,7,desktop,38.44,3,62,0
TXN005931,CUST01410,30.88,grocery,US,23,desktop,391.07,2,44,0
TXN005932,CUST01132,14.92,entertainment,US,1,mobile,79.93,0,34,0
TXN005933,CUST00531,48.45,fuel,US,14,desktop,235.85,4,42,0
TXN005934,CUST00410,66.07,grocery,US,22,mobile,69.44,4,69,0
TXN005935,CUST01320,38.19,electronics,IN,13,desktop,63.74,2,65,0
TXN005936,CUST00818,164.63,electronics,FR,20,mobile,184.91,0,52,0
TXN005937,CUST01195,52.44,fuel,AE,1,desktop,30.59,3,22,1
TXN005938,CUST01355,82.57,entertainment,US,2,mobile,363.1,4,47,0
TXN005939,CUST00493,37.85,grocery,US,10,mobile,88.27,1,35,0
TXN005940,CUST01219,65.08,online,US,6,mobile,3.5,5,37,0
TXN005941,CUST00012,14.93,fuel,DE,15,desktop,65.6,3,44,0
TXN005942,CUST00195,20.94,entertainment,US,21,desktop,276.65,2,61,0
TXN005943,CUST00490,46.96,grocery,FR,21,tablet,353.08,0,34,0
TXN005944,CUST00795,46.62,online,US,6,desktop,151.03,3,51,0
TXN005945,CUST00881,55.02,retail,US,21,desktop,62.69,3,73,0
TXN005946,CUST00182,99.52,restaurant,US,10,desktop,135.08,3,25,0
TXN005947,CUST00962,7.96,electronics,ET,1,mobile,325.83,4,74,0
TXN005948,CUST00656,12.5,entertainment,US,7,tablet,68.37,3,29,0
TXN005949,CUST01340,41.66,grocery,US,6,mobile,87.63,5,52,0
TXN005950,CUST00694,16.05,retail,IN,5,mobile,139.66,2,20,0
TXN005951,CUST00030,970.46,restaurant,GB,15,desktop,392.69,3,64,0
TXN005952,CUST01120,55.46,grocery,US,20,mobile,157.07,2,31,0
TXN005953,CUST01405,30.62,restaurant,US,10,mobile,41.89,2,62,0
TXN005954,CUST00778,19.78,grocery,US,21,mobile,16.8,0,32,0
TXN005955,CUST00444,20.49,grocery,CA,2,tablet,17.97,4,56,0
TXN005956,CUST00298,34.13,fuel,FR,17,tablet,540.13,3,20,0
TXN005957,CUST00808,37.04,restaurant,US,8,desktop,311.09,1,41,0
TXN005958,CUST00845,20.97,retail,NG,16,desktop,261.33,1,19,0
TXN005959,CUST01016,25.2,online,US,1,mobile,123.46,5,22,0
TXN005960,CUST01385,127.01,travel,US,9,mobile,200.95,3,21,0
TXN005961,CUST01398,132.22,travel,IN,9,mobile,24.52,3,53,0
TXN005962,CUST00554,42.61,fuel,US,16,mobile,174.59,3,19,0
TXN005963,CUST00303,8.66,travel,NG,7,mobile,299.67,1,28,0
TXN005964,CUST00421,56.74,grocery,DE,19,mobile,11.55,2,34,0
TXN005965,CUST01270,156.69,retail,US,5,mobile,63.21,1,29,0
TXN005966,CUST01261,130.29,electronics,US,10,mobile,21.03,4,70,0
TXN005967,CUST00185,69.02,grocery,US,4,mobile,54.25,1,36,0
TXN005968,CUST00468,137.33,online,IN,23,desktop,266.53,2,30,0
TXN005969,CUST00754,34.93,online,US,9,mobile,72.64,1,36,0
TXN005970,CUST00363,62.06,restaurant,US,22,mobile,210.63,2,37,0
TXN005971,CUST01307,16.76,entertainment,US,0,mobile,267.14,2,38,0
TXN005972,CUST00336,44.36,fuel,GB,7,desktop,305.33,4,73,0
TXN005973,CUST00162,125.15,online,US,3,desktop,371.98,3,48,0
TXN005974,CUST01184,18.37,electronics,US,6,desktop,163.87,4,48,0
TXN005975,CUST01498,13.99,retail,IN,18,mobile,59.29,3,22,0
TXN005976,CUST01346,36.51,restaurant,US,14,mobile,29.37,4,57,0
TXN005977,CUST00012,26.4,online,US,1,mobile,126.11,4,19,0
TXN005978,CUST01448,63.38,restaurant,DE,16,mobile,19.68,3,28,0
TXN005979,CUST01097,21.05,fuel,AE,20,desktop,434.88,3,69,0
TXN005980,CUST00588,184.65,grocery,US,15,desktop,105.17,7,41,0
TXN005981,CUST00201,9.12,grocery,US,13,mobile,371.42,4,65,0
TXN005982,CUST00522,116.02,entertainment,US,2,desktop,222.37,5,48,0
TXN005983,CUST00505,15.41,travel,US,18,mobile,350.36,1,19,0
TXN005984,CUST00788,5.5,electronics,GB,7,mobile,387.68,3,43,0
TXN005985,CUST01063,42.01,online,CA,16,mobile,9.86,2,34,0
TXN005986,CUST00060,25.67,fuel,GB,17,tablet,232.55,3,72,0
TXN005987,CUST00578,10.92,restaurant,US,0,mobile,46.24,4,66,0
TXN005988,CUST00321,6.16,restaurant,ET,6,desktop,816.7,2,28,0
TXN005989,CUST01459,32.84,retail,US,3,mobile,271.24,2,73,0
TXN005990,CUST01432,87.87,online,NG,2,mobile,0.68,4,72,1
TXN005991,CUST00923,59.44,electronics,US,18,mobile,472.14,4,59,0
TXN005992,CUST01410,35.05,entertainment,ET,9,mobile,62.23,2,69,0
TXN005993,CUST00569,53.46,online,US,2,desktop,97.02,4,64,0
TXN005994,CUST01102,32.23,restaurant,US,1,desktop,170.55,0,30,0
TXN005995,CUST01218,7.93,restaurant,AE,4,mobile,446.51,3,43,1
TXN005996,CUST01309,8.0,electronics,US,16,desktop,471.92,0,47,0
TXN005997,CUST00527,27.03,retail,CA,4,mobile,149.2,1,37,0
TXN005998,CUST00524,28.2,grocery,DE,13,desktop,68.55,2,25,0
TXN005999,CUST00613,77.55,restaurant,FR,15,desktop,58.93,7,75,0
TXN006000,CUST01180,70.62,retail,CA,23,mobile,81.57,3,60,0
TXN006001,CUST01364,60.65,grocery,US,22,desktop,35.83,4,37,0
TXN006002,CUST00125,25.02,online,US,13,mobile,199.47,1,63,0
TXN006003,CUST00871,8.33,restaurant,NG,18,mobile,135.06,3,28,0
TXN006004,CUST00280,50.0,online,US,12,desktop,267.27,4,45,0
TXN006005,CUST00917,55.99,electronics,ET,11,mobile,17.79,3,28,0
TXN006006,CUST00622,3.04,grocery,US,15,mobile,91.92,1,26,0
TXN006007,CUST00846,14.38,online,US,22,mobile,49.37,0,53,0
TXN006008,CUST00674,16.59,fuel,US,16,desktop,137.9,4,44,0
TXN006009,CUST01152,37.28,fuel,GB,21,mobile,113.68,2,23,0
TXN006010,CUST00314,14.83,online,US,19,mobile,107.47,5,45,0
TXN006011,CUST00332,31.88,travel,US,5,mobile,68.27,7,30,0
TXN006012,CUST01174,26.83,online,US,13,mobile,233.59,2,62,0
TXN006013,CUST01478,28.24,online,US,15,desktop,118.25,5,40,0
TXN006014,CUST00036,16.18,fuel,US,2,mobile,40.67,2,64,0
TXN006015,CUST01444,17.48,online,US,20,desktop,142.71,3,28,0
TXN006016,CUST01046,11.24,online,FR,18,desktop,163.44,1,72,0
TXN006017,CUST00206,48.43,grocery,US,6,mobile,3.89,4,38,0
TXN006018,CUST00639,58.62,restaurant,US,4,mobile,41.02,4,56,0
TXN006019,CUST00848,15.32,restaurant,IN,19,desktop,49.97,2,41,0
TXN006020,CUST01380,151.51,retail,US,22,mobile,51.32,2,28,0
TXN006021,CUST00440,24.18,fuel,IN,22,desktop,49.13,1,62,0
TXN006022,CUST00729,152.96,online,US,9,tablet,57.05,3,43,0
TXN006023,CUST01120,17.42,restaurant,US,8,desktop,54.86,3,65,0
TXN006024,CUST00941,4.36,grocery,US,2,tablet,387.86,0,59,0
TXN006025,CUST00164,49.51,retail,US,9,desktop,69.33,1,37,0
TXN006026,CUST00148,42.46,retail,CA,15,mobile,77.48,5,46,0
TXN006027,CUST00294,34.27,grocery,US,23,mobile,55.71,2,21,0
TXN006028,CUST00195,17.42,entertainment,ET,22,mobile,617.19,2,67,0
TXN006029,CUST00663,31.99,travel,US,8,mobile,138.02,0,35,0
TXN006030,CUST00480,19.86,restaurant,US,1,mobile,169.74,1,63,0
TXN006031,CUST00123,24.47,fuel,CA,5,mobile,239.38,2,75,0
TXN006032,CUST01424,76.83,online,ET,4,mobile,73.09,1,29,0
TXN006033,CUST00699,39.81,entertainment,US,2,mobile,624.01,4,49,0
TXN006034,CUST00965,60.94,grocery,US,6,mobile,29.75,0,48,1
TXN006035,CUST01476,26.26,restaurant,ET,14,mobile,110.19,1,25,0
TXN006036,CUST00661,23.52,restaurant,IN,20,desktop,28.29,2,42,0
TXN006037,CUST01128,10.45,restaurant,US,5,mobile,281.24,1,28,0
TXN006038,CUST01486,22.87,travel,IN,3,desktop,20.43,1,43,0
TXN006039,CUST00710,1.2,restaurant,US,22,desktop,145.3,4,58,0
TXN006040,CUST00396,18.35,travel,IN,12,desktop,19.93,4,36,0
TXN006041,CUST00912,30.51,electronics,GB,22,mobile,108.48,3,65,0
TXN006042,CUST01361,58.19,fuel,NG,4,desktop,59.21,4,34,1
TXN006043,CUST01005,25.31,online,ET,14,mobile,420.5,6,27,0
TXN006044,CUST01166,46.88,online,US,6,desktop,9.82,6,51,0
TXN006045,CUST00317,3.74,restaurant,US,6,mobile,188.94,5,73,0
TXN006046,CUST01425,31.29,restaurant,US,9,desktop,213.89,2,46,0
TXN006047,CUST00681,6.17,grocery,US,12,desktop,395.65,3,68,0
TXN006048,CUST01334,9.89,grocery,US,23,desktop,378.27,1,62,0
TXN006049,CUST00495,27.46,restaurant,IN,10,desktop,679.45,8,45,0
TXN006050,CUST00556,118.66,grocery,US,0,mobile,52.72,3,35,0
TXN006051,CUST00610,48.0,online,US,19,desktop,57.84,6,49,0
TXN006052,CUST00109,33.72,retail,US,10,mobile,91.14,2,53,0
TXN006053,CUST00372,32.47,grocery,CA,0,mobile,138.83,1,22,0
TXN006054,CUST00855,16.22,entertainment,US,2,mobile,82.35,3,35,0
TXN006055,CUST00616,19.22,grocery,US,7,mobile,242.68,4,33,0
TXN006056,CUST00768,50.77,fuel,AE,12,mobile,1.54,1,20,1
TXN006057,CUST00206,8.29,online,ET,6,desktop,3.21,3,23,0
TXN006058,CUST00847,59.92,retail,ET,2,desktop,226.62,3,50,0
TXN006059,CUST00043,22.45,grocery,FR,19,mobile,386.39,6,33,0
TXN006060,CUST00865,75.61,restaurant,US,1,mobile,269.74,1,61,0
TXN006061,CUST01269,86.58,grocery,DE,17,desktop,22.42,1,19,0
TXN006062,CUST01311,6.21,electronics,US,4,desktop,491.93,2,72,0
TXN006063,CUST01379,18.51,retail,US,17,mobile,132.83,1,19,0
TXN006064,CUST00785,14.08,entertainment,US,15,mobile,244.07,1,22,0
TXN006065,CUST00476,5.4,fuel,US,6,desktop,40.4,5,45,0
TXN006066,CUST00083,11.79,online,US,0,mobile,143.25,5,69,0
TXN006067,CUST01134,380.41,retail,US,8,mobile,72.1,6,18,1
TXN006068,CUST00190,60.92,travel,CA,14,tablet,662.28,3,22,0
TXN006069,CUST00800,225.27,grocery,US,0,mobile,115.71,2,21,0
TXN006070,CUST00936,75.88,entertainment,DE,16,desktop,253.59,0,73,0
TXN006071,CUST00251,15.77,restaurant,US,8,mobile,166.39,2,46,0
TXN006072,CUST00291,22.61,grocery,NG,22,mobile,17.83,3,19,1
TXN006073,CUST01225,59.65,grocery,US,14,mobile,140.92,3,32,0
TXN006074,CUST00326,51.29,online,GB,9,mobile,139.86,3,22,0
TXN006075,CUST01433,18.59,online,GB,19,desktop,226.4,2,48,0
TXN006076,CUST00837,7.32,restaurant,IN,2,mobile,69.93,4,43,0
TXN006077,CUST00508,886.93,fuel,US,4,desktop,354.74,0,31,1
TXN006078,CUST00731,28.76,fuel,US,1,mobile,175.4,1,58,0
TXN006079,CUST00072,23.91,retail,US,21,mobile,7.22,3,58,0
TXN006080,CUST01271,37.09,online,US,5,desktop,220.86,2,28,0
TXN006081,CUST00641,25.98,fuel,US,15,mobile,427.46,4,36,0
TXN006082,CUST00940,37.44,fuel,AE,11,mobile,206.88,3,27,0
TXN006083,CUST00608,119.93,restaurant,US,16,mobile,86.05,1,69,0
TXN006084,CUST00566,29.24,restaurant,US,11,mobile,160.77,7,59,0
TXN006085,CUST01368,10.35,travel,US,16,mobile,33.84,5,34,0
TXN006086,CUST00054,28.17,grocery,US,21,desktop,165.5,4,35,0
TXN006087,CUST00528,20.81,restaurant,IN,6,desktop,125.12,1,71,0
TXN006088,CUST00611,137.54,travel,NG,23,desktop,4.77,1,42,1
TXN006089,CUST00193,106.82,grocery,US,15,desktop,69.92,1,32,0
TXN006090,CUST00058,36.87,grocery,US,17,tablet,38.21,2,64,0
TXN006091,CUST01461,9.22,travel,NG,7,desktop,89.17,3,55,0
TXN006092,CUST01135,9.72,fuel,US,17,mobile,49.83,3,64,0
TXN006093,CUST00129,33.62,entertainment,CA,1,desktop,323.51,1,62,0
TXN006094,CUST00706,46.35,online,NG,8,mobile,215.33,8,50,0
TXN006095,CUST00852,22.77,travel,US,22,mobile,242.55,1,48,0
TXN006096,CUST01350,20.49,electronics,US,23,mobile,80.58,1,54,0
TXN006097,CUST00008,18.31,restaurant,US,15,tablet,0.62,4,64,0
TXN006098,CUST00029,32.35,grocery,IN,16,tablet,44.53,2,53,0
TXN006099,CUST01136,3.06,entertainment,US,9,desktop,253.39,2,23,0
TXN006100,CUST00947,11.01,travel,US,21,mobile,166.21,3,61,0
TXN006101,CUST00131,17.69,entertainment,ET,0,mobile,139.22,3,63,0
TXN006102,CUST00188,110.78,fuel,AE,20,mobile,59.26,2,69,0
TXN006103,CUST00709,14.68,restaurant,US,17,desktop,14.18,4,65,0
TXN006104,CUST01499,39.66,online,US,14,desktop,276.57,4,25,0
TXN006105,CUST01388,41.54,travel,CA,8,desktop,7.1,5,73,0
TXN006106,CUST01228,121.26,electronics,US,2,mobile,10.97,7,28,0
TXN006107,CUST00212,117.05,online,US,15,mobile,62.9,5,72,0
TXN006108,CUST00276,31.26,retail,ET,22,mobile,153.15,2,43,0
TXN006109,CUST01097,20.58,entertainment,US,14,mobile,874.27,5,46,0
TXN006110,CUST00243,17.05,retail,US,1,mobile,17.1,6,19,0
TXN006111,CUST01126,26.02,grocery,US,9,mobile,115.36,4,41,0
TXN006112,CUST00987,21.46,grocery,US,3,tablet,165.72,3,35,0
TXN006113,CUST00685,57.61,grocery,DE,18,desktop,311.8,6,50,0
TXN006114,CUST00171,50.42,restaurant,ET,16,desktop,210.59,1,74,0
TXN006115,CUST00653,59.85,travel,GB,9,mobile,296.8,5,63,0
TXN006116,CUST00188,116.66,online,CA,21,mobile,133.04,4,38,0
TXN006117,CUST01465,213.34,travel,GB,20,mobile,102.44,3,39,0
TXN006118,CUST01110,37.51,retail,US,5,mobile,173.56,5,50,0
TXN006119,CUST01500,99.43,retail,US,0,desktop,416.04,3,49,0
TXN006120,CUST00052,23.3,grocery,CA,10,mobile,144.07,3,50,0
TXN006121,CUST00111,108.31,retail,US,15,mobile,167.47,3,57,0
TXN006122,CUST00877,95.73,travel,US,23,mobile,74.24,1,31,0
TXN006123,CUST01067,90.78,travel,US,19,desktop,163.2,5,62,0
TXN006124,CUST00211,36.38,entertainment,US,6,desktop,177.88,3,43,0
TXN006125,CUST01224,16.97,grocery,US,23,desktop,252.02,5,44,0
TXN006126,CUST00858,8.21,retail,DE,2,mobile,152.83,2,27,0
TXN006127,CUST00627,31.82,fuel,US,13,mobile,39.62,2,54,0
TXN006128,CUST01050,153.39,retail,NG,3,desktop,156.98,3,67,1
TXN006129,CUST00299,24.29,retail,US,8,mobile,63.65,5,24,0
TXN006130,CUST01101,72.61,online,US,14,mobile,16.45,2,34,0
TXN006131,CUST00924,77.01,grocery,US,11,mobile,314.18,2,60,0
TXN006132,CUST00137,24.94,grocery,US,15,mobile,12.3,5,21,0
TXN006133,CUST01044,123.51,restaurant,AE,22,mobile,179.8,1,50,0
TXN006134,CUST00440,1.81,grocery,US,18,desktop,803.69,5,33,0
TXN006135,CUST00211,9.75,entertainment,US,13,mobile,16.51,4,41,0
TXN006136,CUST00752,13.25,restaurant,US,3,desktop,44.75,4,64,0
TXN006137,CUST00435,14.59,retail,US,22,desktop,257.49,2,38,0
TXN006138,CUST00780,46.35,fuel,US,5,mobile,18.34,2,46,0
TXN006139,CUST01231,44.26,grocery,US,21,mobile,321.86,7,67,0
TXN006140,CUST00439,49.11,travel,US,10,desktop,0.05,2,32,0
TXN006141,CUST00666,60.1,travel,ET,3,desktop,397.22,2,45,0
TXN006142,CUST01066,12.81,travel,GB,7,mobile,12.45,1,69,0
TXN006143,CUST00411,9.79,online,US,8,desktop,459.14,3,35,0
TXN006144,CUST00806,49.22,grocery,CA,22,desktop,359.85,1,25,0
TXN006145,CUST00610,17.63,fuel,FR,23,tablet,139.6,1,71,0
TXN006146,CUST00427,6.89,travel,FR,1,desktop,270.87,3,26,0
TXN006147,CUST01299,87.47,entertainment,US,19,mobile,14.01,4,63,0
TXN006148,CUST01472,133.63,entertainment,US,2,mobile,26.14,5,61,0
TXN006149,CUST00902,157.14,restaurant,US,5,mobile,82.96,3,23,0
TXN006150,CUST00942,39.93,grocery,US,1,mobile,138.78,1,51,0
TXN006151,CUST00742,61.93,fuel,US,22,desktop,364.78,5,20,0
TXN006152,CUST01393,130.3,retail,US,7,tablet,140.83,2,35,0
TXN006153,CUST01244,17.44,travel,ET,19,tablet,196.96,2,36,0
TXN006154,CUST01256,100.55,restaurant,US,23,mobile,205.03,3,68,0
TXN006155,CUST00328,43.61,grocery,US,7,mobile,378.04,4,26,0
TXN006156,CUST01467,82.58,restaurant,CA,2,desktop,269.91,2,30,0
TXN006157,CUST00052,39.89,restaurant,DE,16,mobile,679.24,1,57,0
TXN006158,CUST00376,121.06,electronics,US,10,mobile,3.64,3,22,0
TXN006159,CUST00263,41.41,online,US,2,desktop,41.94,2,64,0
TXN006160,CUST00267,7.51,restaurant,US,11,desktop,479.82,4,56,0
TXN006161,CUST00359,141.45,grocery,CA,13,desktop,282.83,9,53,0
TXN006162,CUST01341,12.84,electronics,US,0,mobile,56.0,3,41,0
TXN006163,CUST01348,115.94,retail,US,11,desktop,658.65,2,54,0
TXN006164,CUST00652,30.26,travel,US,17,desktop,367.08,4,61,0
TXN006165,CUST01445,107.34,retail,GB,23,mobile,12.03,4,63,0
TXN006166,CUST00046,103.0,travel,CA,3,desktop,300.18,0,61,0
TXN006167,CUST00600,50.91,restaurant,US,22,mobile,276.25,1,28,0
TXN006168,CUST00720,55.07,restaurant,US,2,desktop,44.99,1,59,0
TXN006169,CUST01293,50.53,fuel,CA,16,desktop,199.15,3,63,0
TXN006170,CUST00601,4.42,online,NG,12,mobile,632.54,2,27,0
TXN006171,CUST00381,37.28,online,FR,16,desktop,202.79,1,20,0
TXN006172,CUST00118,10.85,fuel,IN,16,mobile,302.53,3,34,0
TXN006173,CUST00116,39.3,fuel,US,18,desktop,18.84,2,68,0
TXN006174,CUST00260,10.56,grocery,US,4,desktop,233.99,9,68,0
TXN006175,CUST01099,10.13,entertainment,US,7,desktop,41.24,7,22,0
TXN006176,CUST00305,164.83,online,US,23,tablet,13.42,1,54,0
TXN006177,CUST00007,96.49,electronics,US,1,mobile,144.56,4,72,0
TXN006178,CUST00366,32.98,online,US,8,mobile,249.97,1,52,0
TXN006179,CUST00523,39.84,online,US,6,desktop,142.43,1,57,0
TXN006180,CUST01372,25.84,grocery,US,15,desktop,482.82,2,35,0
TXN006181,CUST01462,58.55,electronics,IN,11,desktop,214.13,3,44,0
TXN006182,CUST01239,16.84,electronics,US,20,mobile,22.51,2,43,0
TXN006183,CUST00429,89.46,electronics,US,4,desktop,490.68,0,74,0
TXN006184,CUST00791,25.71,grocery,US,23,desktop,29.87,2,48,0
TXN006185,CUST00747,21.76,grocery,ET,23,desktop,255.58,1,30,0
TXN006186,CUST00367,33.84,grocery,DE,20,desktop,28.95,4,33,0
TXN006187,CUST00313,18.34,electronics,US,21,mobile,1180.31,3,67,0
TXN006188,CUST00538,46.0,retail,US,5,mobile,72.67,2,39,0
TXN006189,CUST00921,19.35,restaurant,FR,21,mobile,123.31,4,33,0
TXN006190,CUST01078,52.91,electronics,US,20,mobile,113.21,2,25,0
TXN006191,CUST01491,111.72,restaurant,IN,16,mobile,19.34,4,49,0
TXN006192,CUST00865,16.13,entertainment,US,14,tablet,122.62,4,35,0
TXN006193,CUST01188,29.06,grocery,US,9,desktop,29.15,1,50,0
TXN006194,CUST00782,52.53,restaurant,AE,2,desktop,291.49,5,62,1
TXN006195,CUST00334,21.42,restaurant,US,6,tablet,571.96,3,63,0
TXN006196,CUST00798,52.68,retail,US,1,mobile,297.1,3,62,0
TXN006197,CUST00348,57.71,online,US,12,mobile,101.52,2,55,0
TXN006198,CUST00273,97.83,grocery,FR,13,mobile,0.43,4,47,0
TXN006199,CUST00963,18.07,restaurant,US,3,desktop,6.72,4,70,0
TXN006200,CUST00720,12.9,grocery,US,7,mobile,122.99,1,59,0
TXN006201,CUST01438,24.35,grocery,US,4,desktop,204.81,1,30,0
TXN006202,CUST00500,12.58,entertainment,AE,11,mobile,308.18,4,30,0
TXN006203,CUST01117,58.24,travel,US,23,mobile,164.72,3,21,0
TXN006204,CUST00685,10.36,online,US,11,mobile,689.59,3,57,0
TXN006205,CUST00079,341.39,electronics,CA,10,desktop,122.54,3,75,0
TXN006206,CUST00622,121.02,online,DE,1,desktop,164.95,3,59,0
TXN006207,CUST01241,33.53,restaurant,ET,23,tablet,47.07,2,23,0
TXN006208,CUST00947,78.84,restaurant,US,21,desktop,74.7,2,63,0
TXN006209,CUST00358,6.44,online,ET,4,mobile,206.87,3,54,0
TXN006210,CUST00618,412.97,grocery,US,12,desktop,165.67,3,32,0
TXN006211,CUST00507,18.35,online,US,17,mobile,83.07,3,44,0
TXN006212,CUST01205,29.36,retail,AE,22,mobile,21.38,1,49,0
TXN006213,CUST00576,5.18,grocery,US,16,desktop,75.51,5,70,0
TXN006214,CUST01270,53.85,retail,CA,5,mobile,8.13,0,75,0
TXN006215,CUST00244,10.95,grocery,IN,18,mobile,156.48,5,24,0
TXN006216,CUST00506,36.66,electronics,CA,21,mobile,70.22,4,48,0
TXN006217,CUST00422,19.22,online,US,16,tablet,86.0,2,41,0
TXN006218,CUST01344,11.27,online,NG,16,desktop,154.06,4,19,0
TXN006219,CUST01111,14.81,grocery,US,17,mobile,156.7,4,25,0
TXN006220,CUST00217,41.5,entertainment,US,14,tablet,159.76,2,69,0
TXN006221,CUST01302,9.19,retail,US,22,tablet,121.76,2,24,0
TXN006222,CUST01009,15.66,restaurant,US,19,desktop,120.54,3,66,0
TXN006223,CUST01193,64.28,retail,GB,3,desktop,309.89,2,70,0
TXN006224,CUST00330,446.96,online,US,3,mobile,113.45,0,18,1
TXN006225,CUST00650,53.39,retail,CA,4,mobile,138.23,2,55,0
TXN006226,CUST01465,13.23,grocery,AE,14,mobile,799.59,2,25,0
TXN006227,CUST00391,22.94,entertainment,US,1,tablet,35.95,3,70,0
TXN006228,CUST00381,34.18,grocery,CA,10,desktop,233.31,2,21,0
TXN006229,CUST01330,23.35,retail,FR,22,mobile,115.36,3,47,0
TXN006230,CUST00742,81.7,fuel,DE,2,desktop,319.53,4,74,0
TXN006231,CUST00820,41.16,electronics,US,10,desktop,93.16,3,36,0
TXN006232,CUST00673,82.09,restaurant,US,2,desktop,64.97,3,54,0
TXN006233,CUST00513,24.18,entertainment,US,10,mobile,41.93,4,37,0
TXN006234,CUST00949,124.65,online,US,1,desktop,370.36,2,62,0
TXN006235,CUST01212,28.04,electronics,US,21,mobile,228.06,3,61,0
TXN006236,CUST00930,12.54,travel,DE,19,mobile,14.4,3,70,0
TXN006237,CUST00913,292.17,entertainment,US,19,desktop,225.0,7,30,0
TXN006238,CUST00644,5.34,electronics,IN,14,mobile,6.42,0,49,0
TXN006239,CUST00427,15.82,grocery,FR,7,desktop,36.08,2,71,0
TXN006240,CUST00502,17.69,retail,US,1,mobile,161.72,3,68,0
TXN006241,CUST00730,406.79,electronics,US,22,tablet,112.09,5,19,0
TXN006242,CUST01284,201.72,electronics,DE,17,desktop,330.41,2,30,0
TXN006243,CUST00071,147.51,restaurant,DE,21,mobile,168.52,4,25,0
TXN006244,CUST00478,23.79,retail,IN,20,desktop,603.3,9,49,0
TXN006245,CUST01202,374.72,restaurant,US,7,mobile,347.81,2,65,0
TXN006246,CUST00457,47.86,online,US,21,desktop,74.85,3,31,0
TXN006247,CUST00189,87.99,retail,NG,11,mobile,323.4,2,38,0
TXN006248,CUST00291,39.63,grocery,US,22,mobile,367.15,2,50,0
TXN006249,CUST00920,31.52,entertainment,DE,5,tablet,629.54,3,53,0
TXN006250,CUST00292,25.74,electronics,US,23,mobile,2.28,2,38,0
TXN006251,CUST00756,26.85,online,FR,1,desktop,373.93,3,23,0
TXN006252,CUST01307,60.85,electronics,US,11,mobile,13.04,2,22,0
TXN006253,CUST00377,47.81,fuel,DE,22,desktop,135.18,4,65,0
TXN006254,CUST01180,32.09,restaurant,US,20,mobile,96.4,2,47,0
TXN006255,CUST00508,149.83,grocery,IN,11,mobile,454.37,2,45,0
TXN006256,CUST01437,1.7,retail,US,12,mobile,93.5,2,54,0
TXN006257,CUST00528,55.14,grocery,US,8,mobile,163.16,7,58,0
TXN006258,CUST01379,67.88,entertainment,US,14,tablet,211.91,3,29,0
TXN006259,CUST00559,104.27,grocery,NG,10,tablet,3.46,4,75,1
TXN006260,CUST01211,31.04,electronics,CA,8,desktop,160.9,1,58,0
TXN006261,CUST01055,40.77,entertainment,US,23,mobile,131.36,2,28,0
TXN006262,CUST00260,88.76,restaurant,US,7,mobile,162.26,6,23,0
TXN006263,CUST00421,147.11,retail,US,19,desktop,14.18,3,37,0
TXN006264,CUST00304,24.52,travel,US,23,tablet,10.29,2,44,0
TXN006265,CUST00942,43.25,electronics,US,17,desktop,35.18,1,46,0
TXN006266,CUST01063,177.43,fuel,FR,10,mobile,366.55,5,26,0
TXN006267,CUST00542,3.96,electronics,US,4,desktop,79.34,1,57,0
TXN006268,CUST01302,16.61,electronics,GB,3,mobile,102.46,0,65,0
TXN006269,CUST01227,143.43,fuel,AE,20,desktop,89.02,1,24,0
TXN006270,CUST01090,98.74,restaurant,NG,4,tablet,225.55,4,38,1
TXN006271,CUST00108,55.84,restaurant,FR,20,tablet,54.07,4,35,0
TXN006272,CUST00268,21.14,entertainment,US,6,mobile,12.75,2,32,0
TXN006273,CUST00222,13.71,entertainment,CA,16,mobile,85.52,2,19,0
TXN006274,CUST01114,18.33,travel,US,17,desktop,234.24,3,50,0
TXN006275,CUST00693,155.71,online,US,22,mobile,443.65,3,67,0
TXN006276,CUST00255,17.66,fuel,GB,0,mobile,9.39,2,28,0
TXN006277,CUST01479,36.65,travel,AE,15,desktop,299.4,3,70,0
TXN006278,CUST00253,15.58,electronics,US,8,mobile,12.32,2,72,0
TXN006279,CUST00257,76.92,retail,US,11,mobile,72.26,2,23,0
TXN006280,CUST00383,19.32,grocery,CA,18,mobile,4.06,6,30,0
TXN006281,CUST00442,30.04,online,US,10,tablet,436.54,6,61,0
TXN006282,CUST00599,6.15,retail,CA,5,desktop,220.84,1,75,0
TXN006283,CUST01114,6.6,fuel,US,3,desktop,82.92,2,34,0
TXN006284,CUST00390,33.37,retail,US,15,mobile,85.31,8,58,0
TXN006285,CUST00582,8.8,electronics,US,2,desktop,183.82,2,42,0
TXN006286,CUST01068,271.81,restaurant,AE,7,mobile,16.91,2,22,1
TXN006287,CUST00598,4.21,retail,GB,15,desktop,28.21,2,31,0
TXN006288,CUST00019,14.88,electronics,ET,1,desktop,338.18,3,70,0
TXN006289,CUST01125,33.67,fuel,US,12,desktop,40.69,1,62,0
TXN006290,CUST00607,22.99,grocery,NG,18,mobile,233.47,7,46,0
TXN006291,CUST01381,10.98,fuel,US,23,mobile,46.07,5,69,0
TXN006292,CUST00033,12.71,online,AE,15,tablet,16.61,3,47,0
TXN006293,CUST01253,12.3,restaurant,US,18,tablet,414.52,3,29,0
TXN006294,CUST00862,24.86,travel,US,7,mobile,417.5,4,44,0
TXN006295,CUST00155,233.21,fuel,US,22,mobile,167.34,4,48,0
TXN006296,CUST01447,35.8,grocery,CA,1,mobile,111.59,2,64,0
TXN006297,CUST00905,108.08,online,US,0,mobile,144.84,4,46,0
TXN006298,CUST01270,54.98,online,IN,16,desktop,94.4,2,44,0
TXN006299,CUST00405,100.87,restaurant,US,17,desktop,254.77,2,22,0
TXN006300,CUST00844,2.01,fuel,US,6,mobile,252.85,4,26,0
TXN006301,CUST01185,24.42,restaurant,US,8,desktop,307.65,2,43,0
TXN006302,CUST00747,122.38,restaurant,US,22,mobile,133.22,3,71,0
TXN006303,CUST01141,18.7,travel,DE,2,mobile,290.91,3,44,0
TXN006304,CUST00271,192.96,fuel,CA,23,mobile,30.47,2,32,0
TXN006305,CUST00770,146.04,retail,ET,23,mobile,5.51,0,32,0
TXN006306,CUST00172,20.72,grocery,US,10,desktop,187.97,4,51,0
TXN006307,CUST00274,20.02,electronics,IN,15,mobile,20.06,2,31,0
TXN006308,CUST00259,12.02,grocery,US,8,desktop,144.0,3,19,0
TXN006309,CUST01159,17.64,fuel,NG,11,desktop,229.86,1,63,0
TXN006310,CUST00422,9.65,travel,US,13,tablet,94.09,4,23,0
TXN006311,CUST01445,50.85,fuel,FR,3,tablet,8.08,3,64,0
TXN006312,CUST01210,7.72,restaurant,CA,3,desktop,392.68,4,68,0
TXN006313,CUST00364,60.57,entertainment,US,10,mobile,7.96,4,33,0
TXN006314,CUST00378,62.06,online,US,1,mobile,423.23,1,26,0
TXN006315,CUST00580,6.29,retail,CA,23,desktop,9.73,2,61,0
TXN006316,CUST00891,155.99,grocery,US,17,mobile,239.15,2,68,0
TXN006317,CUST00722,55.35,online,US,2,mobile,465.88,2,33,0
TXN006318,CUST01220,70.08,fuel,CA,1,mobile,427.49,3,61,0
TXN006319,CUST00881,15.51,online,DE,0,mobile,402.94,2,39,0
TXN006320,CUST01122,61.71,grocery,IN,4,desktop,386.33,5,36,0
TXN006321,CUST00605,102.15,retail,US,6,desktop,128.55,3,73,0
TXN006322,CUST00022,30.01,restaurant,US,19,desktop,146.83,4,25,0
TXN006323,CUST01474,245.16,restaurant,US,3,mobile,174.03,3,61,0
TXN006324,CUST01196,34.61,travel,DE,2,mobile,407.32,4,62,0
TXN006325,CUST00383,103.63,online,IN,5,mobile,327.81,4,38,0
TXN006326,CUST00134,44.39,fuel,IN,11,tablet,275.0,2,20,0
TXN006327,CUST01450,59.47,electronics,IN,15,mobile,202.71,2,32,0
TXN006328,CUST01049,6.23,travel,NG,7,mobile,173.4,3,19,0
TXN006329,CUST00503,47.99,online,IN,10,mobile,460.27,3,39,0
TXN006330,CUST01209,15.88,electronics,US,12,mobile,38.52,3,34,0
TXN006331,CUST01109,14.21,retail,IN,13,mobile,38.54,2,75,0
TXN006332,CUST00144,189.45,retail,FR,17,desktop,727.89,1,33,1
TXN006333,CUST01436,26.74,travel,US,21,mobile,145.0,1,64,0
TXN006334,CUST00224,12.14,grocery,US,7,mobile,118.88,2,61,0
TXN006335,CUST00220,23.12,retail,US,0,desktop,342.2,2,31,0
TXN006336,CUST00179,9.02,grocery,FR,3,mobile,341.2,2,66,0
TXN006337,CUST00433,138.92,restaurant,GB,16,mobile,34.98,1,58,0
TXN006338,CUST00265,16.52,grocery,US,19,mobile,34.32,5,22,0
TXN006339,CUST00954,56.22,grocery,FR,21,desktop,285.49,2,72,0
TXN006340,CUST00429,128.52,entertainment,US,5,mobile,277.21,2,38,0
TXN006341,CUST00416,20.08,online,AE,4,mobile,45.92,5,33,1
TXN006342,CUST01477,56.37,retail,ET,13,mobile,331.57,2,48,0
TXN006343,CUST00727,11.82,restaurant,IN,18,desktop,117.72,4,49,0
TXN006344,CUST00197,382.13,travel,US,13,desktop,114.27,1,33,0
TXN006345,CUST01077,84.47,retail,NG,1,desktop,764.47,3,73,1
TXN006346,CUST00480,27.31,entertainment,US,8,desktop,131.82,4,26,0
TXN006347,CUST01467,15.29,fuel,US,6,mobile,26.53,2,54,0
TXN006348,CUST01354,29.55,restaurant,US,17,tablet,59.17,0,65,0
TXN006349,CUST01275,23.57,fuel,CA,19,mobile,73.08,8,26,0
TXN006350,CUST00890,233.44,electronics,IN,10,mobile,572.63,3,38,0
TXN006351,CUST00925,9.72,online,CA,7,desktop,55.18,4,73,0
TXN006352,CUST00123,37.89,online,IN,21,desktop,101.31,1,25,0
TXN006353,CUST01411,32.51,online,US,20,mobile,249.27,6,41,0
TXN006354,CUST01363,29.45,fuel,US,9,tablet,57.66,7,33,0
TXN006355,CUST00778,29.71,fuel,US,17,desktop,217.7,4,48,0
TXN006356,CUST00348,29.49,grocery,US,16,mobile,41.87,4,37,0
TXN006357,CUST00029,79.29,travel,IN,16,mobile,50.0,2,22,0
TXN006358,CUST00975,60.88,fuel,DE,0,mobile,772.68,6,67,0
TXN006359,CUST00035,50.35,restaurant,US,21,tablet,82.87,7,62,0
TXN006360,CUST01420,1.59,restaurant,FR,3,desktop,235.47,4,19,0
TXN006361,CUST00623,44.69,grocery,US,10,desktop,329.94,4,20,0
TXN006362,CUST01318,6.32,electronics,US,8,desktop,76.67,3,75,0
TXN006363,CUST00589,63.2,retail,US,8,desktop,79.54,4,49,0
TXN006364,CUST01373,144.68,restaurant,CA,2,desktop,266.98,5,42,0
TXN006365,CUST01171,13.12,online,IN,5,mobile,168.11,5,52,0
TXN006366,CUST01091,25.49,fuel,US,5,desktop,80.83,4,47,0
TXN006367,CUST00904,18.19,grocery,US,9,desktop,249.22,3,32,0
TXN006368,CUST00520,113.91,retail,US,9,tablet,358.73,6,46,0
TXN006369,CUST00122,36.42,electronics,US,16,desktop,48.23,2,19,0
TXN006370,CUST00340,186.48,retail,CA,14,mobile,4.44,2,23,1
TXN006371,CUST00175,50.09,grocery,US,3,mobile,57.67,3,46,0
TXN006372,CUST00597,42.2,grocery,FR,21,mobile,202.02,0,53,0
TXN006373,CUST00451,35.45,restaurant,US,9,desktop,444.25,4,75,0
TXN006374,CUST00557,75.04,electronics,US,7,mobile,357.88,0,39,0
TXN006375,CUST01160,5.83,entertainment,US,0,desktop,45.22,5,23,0
TXN006376,CUST01040,36.07,grocery,US,23,desktop,383.15,5,46,0
TXN006377,CUST01357,30.88,online,AE,21,mobile,299.63,6,34,0
TXN006378,CUST01219,68.4,grocery,US,16,desktop,238.64,3,49,0
TXN006379,CUST00009,27.45,entertainment,US,11,mobile,209.79,4,35,0
TXN006380,CUST00334,11.72,fuel,CA,11,mobile,296.2,1,42,0
TXN006381,CUST01357,33.36,travel,IN,12,mobile,356.14,1,35,0
TXN006382,CUST01017,11.21,restaurant,AE,13,desktop,307.78,5,59,0
TXN006383,CUST00327,4.83,online,US,7,tablet,23.39,2,63,0
TXN006384,CUST00015,68.52,grocery,US,13,desktop,230.52,3,28,0
TXN006385,CUST00839,59.09,restaurant,CA,6,mobile,331.34,4,22,0
TXN006386,CUST00226,52.83,online,AE,16,mobile,36.98,4,71,1
TXN006387,CUST01449,121.87,retail,US,10,desktop,43.3,0,44,0
TXN006388,CUST01432,17.03,retail,US,0,mobile,277.5,3,61,0
TXN006389,CUST00113,7.92,online,US,7,desktop,75.87,0,63,0
TXN006390,CUST01452,30.88,online,US,12,mobile,91.86,3,23,0
TXN006391,CUST00001,23.39,retail,CA,23,mobile,85.22,4,28,0
TXN006392,CUST00266,14.26,online,US,16,mobile,43.08,5,57,0
TXN006393,CUST01232,30.57,electronics,US,23,desktop,502.83,1,46,0
TXN006394,CUST00952,17.96,retail,US,23,mobile,295.05,3,49,0
TXN006395,CUST01393,5.28,restaurant,US,11,mobile,51.91,2,21,0
TXN006396,CUST00306,21.3,grocery,US,15,mobile,20.19,3,22,0
TXN006397,CUST00012,10.63,online,US,9,mobile,83.91,5,35,0
TXN006398,CUST01369,41.75,grocery,IN,15,tablet,96.6,3,74,0
TXN006399,CUST01489,17.18,electronics,US,2,mobile,1.28,2,25,1
TXN006400,CUST01392,100.65,electronics,GB,0,mobile,392.71,3,40,0
TXN006401,CUST00937,164.66,online,AE,18,mobile,343.03,1,55,0
TXN006402,CUST00420,65.33,retail,US,23,mobile,341.68,3,60,0
TXN006403,CUST00889,7.02,restaurant,US,7,mobile,295.0,4,29,0
TXN006404,CUST00171,149.19,electronics,US,15,mobile,237.78,1,38,0
TXN006405,CUST00134,160.09,grocery,GB,14,desktop,181.18,3,39,0
TXN006406,CUST00965,33.74,online,CA,6,mobile,580.7,2,49,0
TXN006407,CUST01451,124.33,fuel,US,1,desktop,223.89,3,75,0
TXN006408,CUST01049,19.07,travel,AE,12,tablet,179.08,1,45,0
TXN006409,CUST01214,5.12,restaurant,DE,4,tablet,279.91,2,35,0
TXN006410,CUST01165,15.48,online,US,9,mobile,50.89,1,70,0
TXN006411,CUST00658,186.66,online,FR,7,tablet,614.82,3,20,0
TXN006412,CUST01339,7.46,grocery,US,12,desktop,3.48,2,47,0
TXN006413,CUST01468,33.1,electronics,GB,18,mobile,188.15,2,30,0
TXN006414,CUST01343,34.27,travel,US,5,desktop,14.44,4,18,0
TXN006415,CUST01465,19.83,retail,DE,17,mobile,345.49,1,52,0
TXN006416,CUST01116,21.25,entertainment,US,7,mobile,617.55,4,56,0
TXN006417,CUST00179,35.6,fuel,CA,8,desktop,94.55,4,43,0
TXN006418,CUST01080,18.87,retail,US,16,desktop,350.29,1,34,0
TXN006419,CUST01179,7.99,fuel,DE,3,desktop,73.63,1,67,0
TXN006420,CUST00111,41.06,retail,US,21,desktop,31.26,1,49,0
TXN006421,CUST00137,96.87,grocery,US,17,mobile,58.3,6,39,0
TXN006422,CUST00232,79.01,travel,US,5,mobile,64.68,3,65,0
TXN006423,CUST00992,14.74,fuel,US,10,desktop,179.29,3,56,0
TXN006424,CUST00468,9.48,online,FR,22,desktop,286.27,3,42,0
TXN006425,CUST00732,24.92,grocery,IN,21,mobile,41.34,1,65,0
TXN006426,CUST00481,158.82,electronics,FR,9,mobile,16.62,2,49,0
TXN006427,CUST01092,63.16,restaurant,AE,10,mobile,45.1,3,41,0
TXN006428,CUST00814,66.95,restaurant,US,7,desktop,63.31,1,73,0
TXN006429,CUST01273,80.63,electronics,US,20,mobile,59.08,3,25,0
TXN006430,CUST00994,50.44,online,CA,2,mobile,44.71,2,61,0
TXN006431,CUST00323,37.36,retail,IN,1,mobile,112.92,3,70,0
TXN006432,CUST00922,64.22,fuel,GB,17,mobile,348.81,5,47,1
TXN006433,CUST00904,19.18,entertainment,US,1,mobile,19.03,4,30,0
TXN006434,CUST01456,8.05,retail,US,11,tablet,356.53,3,40,0
TXN006435,CUST00606,68.24,electronics,US,4,desktop,123.69,4,70,0
TXN006436,CUST00429,114.18,electronics,US,3,mobile,194.43,1,74,0
TXN006437,CUST01293,10.82,grocery,DE,15,desktop,304.09,6,54,0
TXN006438,CUST00148,75.33,retail,US,13,mobile,65.32,5,30,0
TXN006439,CUST01142,177.82,grocery,AE,1,desktop,555.16,1,47,1
TXN006440,CUST00850,33.04,fuel,IN,20,mobile,15.74,2,23,0
TXN006441,CUST00367,14.61,electronics,NG,6,desktop,135.01,3,47,0
TXN006442,CUST00850,37.45,retail,NG,20,mobile,52.94,4,51,0
TXN006443,CUST01090,19.1,electronics,US,10,mobile,94.35,2,64,0
TXN006444,CUST00813,17.87,entertainment,IN,23,desktop,107.24,2,34,0
TXN006445,CUST01394,51.07,restaurant,US,11,desktop,442.69,0,41,0
TXN006446,CUST00175,6.66,restaurant,AE,21,mobile,104.88,2,26,0
TXN006447,CUST00588,7.82,online,US,4,desktop,215.49,2,71,0
TXN006448,CUST00495,33.76,retail,US,23,mobile,545.69,2,36,0
TXN006449,CUST00973,32.38,online,US,15,desktop,122.81,3,48,0
TXN006450,CUST01138,46.69,retail,US,21,desktop,94.46,2,60,0
TXN006451,CUST01135,215.99,entertainment,IN,6,mobile,649.94,5,42,0
TXN006452,CUST01463,36.76,entertainment,ET,7,desktop,316.51,4,50,0
TXN006453,CUST01171,60.23,travel,US,3,desktop,505.73,3,55,0
TXN006454,CUST00035,12.48,electronics,US,3,tablet,91.12,3,72,0
TXN006455,CUST00999,71.37,restaurant,FR,5,desktop,214.52,3,67,0
TXN006456,CUST01333,19.56,retail,US,1,desktop,51.69,5,54,0
TXN006457,CUST00538,35.57,retail,FR,8,desktop,361.55,3,74,0
TXN006458,CUST00750,29.7,fuel,US,7,mobile,486.76,3,63,0
TXN006459,CUST01038,93.03,restaurant,GB,17,tablet,56.12,1,52,0
TXN006460,CUST00374,8.94,restaurant,IN,11,mobile,19.95,2,49,0
TXN006461,CUST00557,3.38,retail,US,15,mobile,40.33,2,39,0
TXN006462,CUST01452,26.75,grocery,US,0,mobile,180.35,4,20,0
TXN006463,CUST00233,52.91,entertainment,NG,19,desktop,57.19,4,28,0
TXN006464,CUST00705,38.56,electronics,NG,3,mobile,183.2,0,41,1
TXN006465,CUST00563,113.55,electronics,IN,13,mobile,77.59,3,51,0
TXN006466,CUST00939,51.28,entertainment,CA,17,desktop,447.65,2,47,0
TXN006467,CUST00887,18.84,grocery,US,4,mobile,108.46,1,32,0
TXN006468,CUST00726,3.24,electronics,US,2,desktop,123.91,3,28,0
TXN006469,CUST01464,26.12,retail,US,18,mobile,77.01,3,37,0
TXN006470,CUST01299,92.57,fuel,DE,11,mobile,13.65,6,41,0
TXN006471,CUST00076,22.38,fuel,US,18,mobile,122.49,2,27,0
TXN006472,CUST00439,34.07,fuel,CA,19,mobile,267.99,6,56,0
TXN006473,CUST00699,50.47,grocery,NG,10,mobile,550.43,2,52,0
TXN006474,CUST01313,12.0,restaurant,IN,20,mobile,14.34,1,59,0
TXN006475,CUST00915,61.76,travel,US,19,mobile,287.37,2,48,0
TXN006476,CUST00891,170.23,electronics,US,8,desktop,55.92,2,44,0
TXN006477,CUST00692,27.86,electronics,AE,19,mobile,311.5,3,22,0
TXN006478,CUST00253,10.71,entertainment,US,22,mobile,75.34,4,29,0
TXN006479,CUST01150,30.98,grocery,ET,4,mobile,21.87,5,51,0
TXN006480,CUST01201,3.58,fuel,AE,9,mobile,170.42,8,28,0
TXN006481,CUST01061,46.38,grocery,US,8,mobile,403.81,3,46,0
TXN006482,CUST00410,52.05,grocery,US,12,mobile,36.07,3,44,0
TXN006483,CUST00127,176.91,electronics,US,7,mobile,3.97,5,73,0
TXN006484,CUST01192,27.28,entertainment,GB,21,desktop,387.5,4,60,0
TXN006485,CUST00592,49.82,grocery,US,12,desktop,215.42,2,33,0
TXN006486,CUST00294,14.0,online,FR,21,desktop,297.7,3,32,0
TXN006487,CUST01367,23.19,fuel,NG,17,mobile,11.11,2,30,0
TXN006488,CUST01020,7.21,restaurant,US,22,desktop,398.06,1,50,0
TXN006489,CUST00310,27.25,online,IN,8,desktop,97.79,4,22,0
TXN006490,CUST00662,24.4,retail,CA,8,desktop,410.23,3,47,0
TXN006491,CUST00528,44.67,online,NG,1,mobile,12.08,3,67,1
TXN006492,CUST00540,17.75,grocery,US,6,desktop,389.01,3,67,0
TXN006493,CUST00419,35.99,online,US,4,desktop,201.41,1,66,0
TXN006494,CUST00444,23.73,online,US,20,desktop,145.45,3,43,0
TXN006495,CUST00685,23.77,grocery,US,5,desktop,11.48,1,26,0
TXN006496,CUST00840,35.89,grocery,US,12,desktop,209.9,6,22,0
TXN006497,CUST00236,34.48,grocery,AE,23,mobile,163.93,2,52,0
TXN006498,CUST01463,70.89,grocery,US,17,desktop,233.22,2,56,0
TXN006499,CUST00214,29.35,restaurant,IN,2,desktop,227.04,4,72,0
TXN006500,CUST00085,23.34,travel,CA,9,tablet,105.57,5,57,0
TXN006501,CUST00794,27.64,electronics,US,22,tablet,41.22,1,18,0
TXN006502,CUST00085,16.21,retail,US,2,mobile,452.32,6,56,0
TXN006503,CUST00065,23.11,online,IN,0,mobile,467.67,3,20,0
TXN006504,CUST00663,252.44,retail,CA,5,mobile,42.87,2,26,1
TXN006505,CUST00627,13.29,online,US,22,tablet,179.28,5,43,0
TXN006506,CUST00064,25.06,grocery,IN,15,mobile,40.81,4,19,0
TXN006507,CUST01367,22.48,travel,US,16,mobile,355.48,4,45,0
TXN006508,CUST00939,25.86,entertainment,GB,15,mobile,18.61,3,37,0
TXN006509,CUST00919,23.78,restaurant,US,9,mobile,832.52,2,43,0
TXN006510,CUST01376,43.78,grocery,US,6,desktop,169.89,4,31,0
TXN006511,CUST01182,5.99,restaurant,US,7,desktop,4.17,4,19,0
TXN006512,CUST00491,93.43,electronics,IN,2,mobile,384.53,2,75,0
TXN006513,CUST01487,62.34,restaurant,NG,4,desktop,207.62,7,69,1
TXN006514,CUST01249,9.56,grocery,US,18,desktop,215.12,0,38,0
TXN006515,CUST00313,3.42,restaurant,US,6,mobile,57.89,1,36,0
TXN006516,CUST00615,12.47,fuel,US,17,mobile,73.92,1,63,0
TXN006517,CUST00919,25.98,electronics,US,21,desktop,442.49,1,73,0
TXN006518,CUST00813,437.16,online,US,17,mobile,181.39,7,32,0
TXN006519,CUST00940,57.01,online,US,5,mobile,3.08,0,49,1
TXN006520,CUST01490,5.43,online,US,4,desktop,71.39,3,53,0
TXN006521,CUST01112,16.62,restaurant,US,5,tablet,164.28,5,31,0
TXN006522,CUST01327,31.4,online,FR,5,mobile,28.83,4,52,0
TXN006523,CUST00680,42.68,grocery,NG,21,desktop,18.62,2,26,0
TXN006524,CUST00435,8.89,travel,CA,21,mobile,11.02,2,69,0
TXN006525,CUST00682,28.93,online,DE,22,mobile,179.25,3,51,0
TXN006526,CUST01159,16.16,restaurant,US,10,mobile,69.58,4,54,0
TXN006527,CUST01074,10.98,restaurant,US,16,mobile,84.22,1,48,0
TXN006528,CUST01456,42.93,restaurant,DE,8,mobile,11.15,2,42,0
TXN006529,CUST00340,71.8,grocery,DE,21,desktop,241.11,0,58,0
TXN006530,CUST00347,76.79,electronics,US,15,mobile,262.02,5,61,0
TXN006531,CUST00646,58.81,retail,US,9,desktop,318.36,2,27,0
TXN006532,CUST01371,20.14,electronics,IN,14,tablet,189.83,0,51,0
TXN006533,CUST00649,67.66,travel,GB,7,mobile,267.13,1,66,0
TXN006534,CUST00245,45.11,online,GB,13,mobile,154.97,3,72,0
TXN006535,CUST00109,37.86,online,ET,15,mobile,121.78,1,32,0
TXN006536,CUST00533,17.96,retail,US,18,desktop,54.15,2,64,0
TXN006537,CUST01114,20.15,retail,US,2,desktop,9.87,3,19,0
TXN006538,CUST00296,35.65,entertainment,IN,12,mobile,62.11,3,55,0
TXN006539,CUST00112,379.89,retail,US,8,mobile,207.15,4,43,0
TXN006540,CUST01201,44.76,restaurant,US,11,desktop,470.71,5,59,0
TXN006541,CUST00343,17.97,online,CA,4,desktop,53.28,4,52,0
TXN006542,CUST00101,14.41,retail,US,20,desktop,199.48,4,62,0
TXN006543,CUST00629,20.25,online,CA,18,tablet,117.1,4,49,0
TXN006544,CUST01425,292.16,retail,US,6,desktop,177.78,2,69,0
TXN006545,CUST00028,22.21,grocery,CA,6,mobile,0.29,3,49,0
TXN006546,CUST00937,82.01,travel,CA,18,desktop,23.55,2,69,0
TXN006547,CUST00058,22.74,retail,US,7,mobile,44.04,4,68,0
TXN006548,CUST00297,43.0,electronics,US,5,desktop,403.05,3,60,0
TXN006549,CUST00134,73.09,fuel,US,2,desktop,7.45,2,45,0
TXN006550,CUST01355,18.69,grocery,US,21,mobile,151.76,2,72,0
TXN006551,CUST00249,17.44,fuel,US,0,mobile,475.2,1,61,0
TXN006552,CUST01021,173.97,retail,US,5,mobile,190.04,1,75,0
TXN006553,CUST00550,88.64,electronics,ET,22,mobile,119.24,3,44,0
TXN006554,CUST00902,73.02,grocery,DE,19,desktop,87.79,3,32,0
TXN006555,CUST01099,72.77,grocery,US,19,desktop,176.16,3,71,0
TXN006556,CUST00834,52.44,retail,US,18,mobile,117.84,4,41,0
TXN006557,CUST01192,249.08,fuel,US,20,mobile,219.99,2,38,0
TXN006558,CUST00771,34.6,grocery,CA,12,desktop,173.11,1,18,0
TXN006559,CUST01379,58.98,grocery,US,16,mobile,150.83,4,38,0
TXN006560,CUST01249,7.76,entertainment,US,21,desktop,565.59,3,40,0
TXN006561,CUST00146,14.51,entertainment,US,17,mobile,325.08,8,39,0
TXN006562,CUST01265,9.97,grocery,IN,19,desktop,168.96,8,67,0
TXN006563,CUST00893,118.4,restaurant,GB,5,desktop,139.25,3,48,0
TXN006564,CUST00344,2.58,entertainment,AE,10,desktop,231.69,4,75,0
TXN006565,CUST01059,22.15,online,US,5,mobile,293.26,2,67,0
TXN006566,CUST00702,1.66,retail,US,6,desktop,62.98,4,46,0
TXN006567,CUST00001,14.42,travel,US,0,desktop,197.9,3,56,0
TXN006568,CUST00153,20.27,fuel,IN,21,desktop,26.14,4,64,0
TXN006569,CUST00429,132.27,travel,US,23,mobile,101.32,3,18,0
TXN006570,CUST00508,49.24,retail,US,7,mobile,501.78,1,18,0
TXN006571,CUST01150,14.39,electronics,US,13,desktop,71.09,2,67,0
TXN006572,CUST00491,96.16,restaurant,DE,21,mobile,30.15,3,35,0
TXN006573,CUST00345,33.71,restaurant,US,19,desktop,28.44,3,58,0
TXN006574,CUST00221,34.38,retail,US,0,desktop,90.08,3,66,0
TXN006575,CUST00723,9.95,travel,IN,4,desktop,45.92,4,28,0
TXN006576,CUST01049,12.3,electronics,US,4,mobile,100.21,0,64,0
TXN006577,CUST00528,14.51,online,CA,13,mobile,228.42,3,61,0
TXN006578,CUST01206,34.69,grocery,US,6,mobile,394.32,0,70,0
TXN006579,CUST00841,35.8,grocery,ET,16,mobile,21.01,2,54,0
TXN006580,CUST01066,155.1,restaurant,US,10,tablet,263.3,2,23,0
TXN006581,CUST00481,48.67,online,US,21,mobile,19.66,5,69,0
TXN006582,CUST00930,2.21,fuel,FR,6,desktop,85.88,2,29,0
TXN006583,CUST00872,43.06,entertainment,US,0,mobile,1020.39,2,52,0
TXN006584,CUST01463,7.77,retail,NG,14,desktop,12.81,5,58,0
TXN006585,CUST01426,12.6,electronics,GB,18,mobile,4.17,2,58,0
TXN006586,CUST00345,14.7,fuel,CA,9,mobile,73.07,3,25,0
TXN006587,CUST00045,17.06,grocery,US,8,desktop,543.31,3,60,0
TXN006588,CUST00021,8.37,grocery,DE,12,mobile,3.64,4,18,0
TXN006589,CUST01094,40.59,grocery,GB,23,mobile,45.35,3,60,0
TXN006590,CUST00873,8.08,travel,GB,12,mobile,166.36,4,19,0
TXN006591,CUST00048,47.31,restaurant,US,5,mobile,47.93,3,52,0
TXN006592,CUST00551,310.12,restaurant,IN,7,desktop,9.96,3,51,0
TXN006593,CUST00287,8.76,online,US,11,tablet,9.7,1,59,0
TXN006594,CUST01002,24.92,electronics,US,1,mobile,147.43,3,33,0
TXN006595,CUST01034,2.66,online,IN,15,desktop,148.55,3,59,0
TXN006596,CUST00542,24.51,electronics,FR,11,mobile,220.64,3,25,0
TXN006597,CUST00756,62.97,grocery,US,22,mobile,25.43,6,23,0
TXN006598,CUST00274,68.08,grocery,IN,17,mobile,124.71,1,57,0
TXN006599,CUST00956,35.78,restaurant,US,2,desktop,165.36,6,21,0
TXN006600,CUST00600,80.58,grocery,US,17,mobile,45.27,3,40,0
TXN006601,CUST00381,422.44,online,GB,10,desktop,142.67,1,31,0
TXN006602,CUST01353,183.52,entertainment,US,4,mobile,221.73,5,42,0
TXN006603,CUST00479,19.64,electronics,NG,12,desktop,844.74,7,75,0
TXN006604,CUST00015,7.76,electronics,AE,9,desktop,163.33,2,53,0
TXN006605,CUST00516,22.06,entertainment,US,20,mobile,355.44,5,51,0
TXN006606,CUST00191,12.85,restaurant,NG,21,desktop,322.88,9,55,0
TXN006607,CUST01192,52.01,grocery,US,14,mobile,507.22,2,29,0
TXN006608,CUST00621,10.16,travel,US,5,mobile,231.11,2,69,0
TXN006609,CUST01161,30.79,online,IN,15,mobile,43.14,3,38,0
TXN006610,CUST00154,76.56,online,AE,22,mobile,63.71,3,62,0
TXN006611,CUST01412,29.94,fuel,US,7,mobile,276.42,6,75,1
TXN006612,CUST01233,12.85,grocery,US,19,mobile,132.42,3,32,0
TXN006613,CUST00272,107.21,electronics,US,2,mobile,52.1,5,62,0
TXN006614,CUST00143,5.06,restaurant,US,4,mobile,192.43,4,34,0
TXN006615,CUST01093,23.86,fuel,CA,14,tablet,426.63,1,67,0
TXN006616,CUST00247,31.76,retail,US,2,desktop,79.68,6,41,0
TXN006617,CUST01285,33.65,restaurant,US,14,mobile,163.25,2,72,1
TXN006618,CUST00788,39.67,grocery,AE,1,desktop,156.79,2,45,1
TXN006619,CUST00079,60.97,restaurant,US,11,desktop,24.44,3,48,0
TXN006620,CUST00623,31.96,grocery,US,4,mobile,17.02,1,61,0
TXN006621,CUST00525,22.92,restaurant,IN,8,mobile,396.37,3,48,0
TXN006622,CUST00772,22.03,online,US,21,tablet,488.0,7,38,0
TXN006623,CUST00938,17.97,retail,ET,3,desktop,422.27,4,50,0
TXN006624,CUST01354,72.79,electronics,US,22,desktop,90.95,1,27,0
TXN006625,CUST01213,17.35,restaurant,US,20,desktop,61.05,4,19,0
TXN006626,CUST01119,77.23,grocery,US,6,desktop,513.05,3,70,0
TXN006627,CUST00617,33.75,grocery,US,15,mobile,385.9,1,28,0
TXN006628,CUST01032,19.66,restaurant,US,12,desktop,308.48,2,73,0
TXN006629,CUST00067,61.46,fuel,US,1,desktop,73.21,2,32,0
TXN006630,CUST00191,16.0,grocery,US,1,mobile,183.27,4,66,0
TXN006631,CUST01390,62.69,retail,US,8,desktop,249.84,3,42,0
TXN006632,CUST00768,40.97,online,US,14,desktop,154.51,2,51,0
TXN006633,CUST00521,18.24,online,IN,3,mobile,165.84,1,40,0
TXN006634,CUST00990,56.18,electronics,AE,16,mobile,254.41,5,60,0
TXN006635,CUST01141,57.2,fuel,NG,8,desktop,262.08,3,45,0
TXN006636,CUST00267,105.37,travel,GB,14,tablet,49.39,3,21,0
TXN006637,CUST00485,87.02,restaurant,US,0,desktop,89.17,2,20,0
TXN006638,CUST01322,54.12,restaurant,CA,1,mobile,273.51,6,31,0
TXN006639,CUST01188,10.72,retail,AE,8,mobile,54.55,2,46,0
TXN006640,CUST00376,383.21,restaurant,US,10,mobile,444.98,3,69,0
TXN006641,CUST00653,8.14,travel,US,18,desktop,328.62,4,75,0
TXN006642,CUST01292,85.56,electronics,US,0,desktop,406.47,2,38,0
TXN006643,CUST00549,50.97,grocery,US,18,desktop,63.51,3,34,0
TXN006644,CUST01098,10.24,restaurant,US,8,desktop,19.99,5,23,0
TXN006645,CUST00073,29.24,restaurant,IN,1,mobile,19.08,8,62,0
TXN006646,CUST00308,30.61,fuel,DE,4,mobile,146.11,3,70,0
TXN006647,CUST00199,122.19,electronics,US,16,tablet,65.64,4,67,0
TXN006648,CUST01154,16.23,entertainment,CA,0,desktop,55.06,4,65,0
TXN006649,CUST00572,25.48,fuel,US,13,mobile,45.28,3,22,0
TXN006650,CUST00791,3.2,restaurant,CA,11,mobile,148.64,5,18,0
TXN006651,CUST01175,187.68,online,NG,22,desktop,142.97,3,27,0
TXN006652,CUST01230,11.35,fuel,CA,9,desktop,98.77,1,22,0
TXN006653,CUST00179,45.92,online,DE,18,mobile,26.82,2,45,0
TXN006654,CUST00197,29.92,online,US,14,mobile,475.59,2,49,0
TXN006655,CUST00735,30.02,fuel,US,0,desktop,100.53,2,24,0
TXN006656,CUST00089,74.43,grocery,DE,0,mobile,23.76,4,59,0
TXN006657,CUST00799,176.14,fuel,ET,10,tablet,6.8,3,19,0
TXN006658,CUST01458,42.58,restaurant,GB,10,mobile,29.8,2,39,0
TXN006659,CUST00788,63.76,online,IN,4,desktop,63.46,6,45,0
TXN006660,CUST00748,46.01,restaurant,ET,2,desktop,179.01,5,71,0
TXN006661,CUST01207,91.61,entertainment,FR,10,mobile,636.88,1,50,0
TXN006662,CUST00209,20.84,travel,AE,3,mobile,57.16,3,56,1
TXN006663,CUST00493,97.07,online,US,5,desktop,280.75,4,48,0
TXN006664,CUST01154,100.53,entertainment,US,17,mobile,436.22,1,51,0
TXN006665,CUST00665,97.76,retail,CA,6,mobile,89.44,5,27,0
TXN006666,CUST01037,17.11,fuel,US,20,mobile,52.57,3,45,0
TXN006667,CUST00871,27.98,grocery,AE,23,mobile,121.58,4,41,0
TXN006668,CUST00732,42.08,retail,US,3,tablet,408.64,4,31,0
TXN006669,CUST01130,8.41,online,US,13,desktop,1.99,1,75,0
TXN006670,CUST01399,163.19,online,NG,7,mobile,120.02,0,53,0
TXN006671,CUST00698,32.71,retail,US,19,tablet,255.09,2,19,0
TXN006672,CUST01123,43.99,restaurant,US,10,mobile,165.44,4,68,0
TXN006673,CUST00594,18.6,restaurant,US,13,mobile,123.81,3,71,0
TXN006674,CUST00886,8.79,online,FR,20,mobile,145.18,3,51,0
TXN006675,CUST00852,18.1,fuel,CA,2,desktop,173.8,1,52,0
TXN006676,CUST01216,41.23,travel,IN,10,desktop,206.27,1,65,0
TXN006677,CUST00325,64.94,online,US,3,mobile,79.26,5,60,0
TXN006678,CUST00979,38.93,travel,NG,8,mobile,131.13,5,70,0
TXN006679,CUST00956,46.84,online,US,4,mobile,57.53,2,28,1
TXN006680,CUST01491,23.64,entertainment,US,12,desktop,744.22,5,69,0
TXN006681,CUST00894,54.39,restaurant,US,19,desktop,37.33,0,49,0
TXN006682,CUST01391,145.89,fuel,US,3,mobile,29.39,4,55,0
TXN006683,CUST01342,67.01,entertainment,US,6,desktop,56.36,2,53,0
TXN006684,CUST00144,74.41,travel,US,1,desktop,454.75,4,64,0
TXN006685,CUST00384,44.43,restaurant,US,19,desktop,193.58,7,59,0
TXN006686,CUST00216,7.37,grocery,AE,18,mobile,109.56,5,34,0
TXN006687,CUST01385,11.65,entertainment,US,6,mobile,467.2,3,38,0
TXN006688,CUST00324,52.19,restaurant,IN,19,desktop,414.73,5,48,0
TXN006689,CUST01039,32.76,electronics,NG,23,desktop,92.43,3,22,0
TXN006690,CUST00217,51.41,electronics,US,20,mobile,149.27,4,39,0
TXN006691,CUST00951,177.05,travel,US,8,mobile,424.41,6,70,0
TXN006692,CUST00183,68.45,fuel,CA,18,mobile,69.26,2,46,0
TXN006693,CUST00270,116.62,fuel,ET,19,mobile,94.22,3,18,0
TXN006694,CUST00945,36.4,electronics,NG,1,mobile,283.52,8,47,1
TXN006695,CUST01491,14.77,fuel,CA,20,mobile,215.9,3,43,0
TXN006696,CUST00870,31.25,fuel,US,15,mobile,8.98,6,39,0
TXN006697,CUST00467,14.81,restaurant,US,5,mobile,22.47,6,27,0
TXN006698,CUST00305,157.32,grocery,NG,18,desktop,337.05,4,30,0
TXN006699,CUST01168,73.0,retail,DE,17,mobile,5.43,5,42,0
TXN006700,CUST00111,55.73,fuel,NG,16,desktop,454.47,1,74,0
TXN006701,CUST01014,113.97,online,GB,10,mobile,57.08,2,32,0
TXN006702,CUST00232,4.39,grocery,US,22,mobile,164.2,5,18,0
TXN006703,CUST00595,59.63,entertainment,IN,3,mobile,149.66,2,28,0
TXN006704,CUST01297,8.93,online,NG,23,desktop,90.83,4,61,0
TXN006705,CUST00173,32.88,entertainment,US,7,desktop,5.75,5,66,0
TXN006706,CUST00973,24.25,retail,US,23,mobile,38.48,4,52,0
TXN006707,CUST01031,64.18,retail,US,17,mobile,171.8,3,30,0
TXN006708,CUST01179,41.6,retail,FR,12,mobile,106.43,3,36,0
TXN006709,CUST00546,127.12,grocery,US,20,desktop,96.15,1,65,0
TXN006710,CUST00548,18.14,retail,US,7,mobile,18.51,3,29,0
TXN006711,CUST00518,67.3,grocery,US,9,desktop,76.75,3,26,0
TXN006712,CUST00914,38.95,retail,US,17,desktop,134.54,1,37,0
TXN006713,CUST00215,6.45,restaurant,US,17,desktop,14.56,4,35,0
TXN006714,CUST00134,13.22,online,GB,16,tablet,12.42,1,69,0
TXN006715,CUST00285,28.51,grocery,NG,15,tablet,121.75,2,42,0
TXN006716,CUST01150,100.71,fuel,CA,5,desktop,148.29,6,23,0
TXN006717,CUST01463,52.65,grocery,GB,13,desktop,53.63,2,22,0
TXN006718,CUST00686,10.3,electronics,GB,4,mobile,70.95,4,55,0
TXN006719,CUST01176,28.78,entertainment,CA,14,mobile,286.9,4,64,0
TXN006720,CUST00331,249.09,fuel,US,12,mobile,366.19,3,29,0
TXN006721,CUST01407,37.01,grocery,US,15,tablet,70.81,4,72,0
TXN006722,CUST01139,23.87,electronics,US,15,desktop,79.13,3,19,0
TXN006723,CUST00894,54.15,grocery,NG,16,mobile,319.3,2,20,0
TXN006724,CUST01308,71.05,fuel,AE,23,desktop,655.8,4,43,0
TXN006725,CUST00899,20.99,retail,CA,23,mobile,69.58,2,68,0
TXN006726,CUST01099,54.74,online,NG,4,mobile,279.83,4,48,1
TXN006727,CUST01190,23.83,restaurant,NG,10,mobile,117.6,4,23,0
TXN006728,CUST01213,67.99,electronics,IN,14,mobile,55.11,1,47,0
TXN006729,CUST00078,39.24,retail,US,2,mobile,206.11,1,49,0
TXN006730,CUST00947,53.62,restaurant,DE,7,desktop,111.77,4,35,0
TXN006731,CUST00688,15.5,online,CA,2,desktop,56.2,3,56,0
TXN006732,CUST00021,14.57,electronics,DE,3,mobile,20.42,7,26,0
TXN006733,CUST00566,85.24,fuel,US,13,mobile,363.07,4,52,0
TXN006734,CUST01208,30.59,retail,DE,22,desktop,379.66,2,26,0
TXN006735,CUST01246,44.04,electronics,US,22,tablet,14.03,0,61,0
TXN006736,CUST00827,24.38,fuel,AE,19,desktop,195.99,3,23,0
TXN006737,CUST01352,81.35,online,ET,5,mobile,31.94,2,52,0
TXN006738,CUST00179,18.03,restaurant,US,23,mobile,187.09,2,21,0
TXN006739,CUST01136,28.92,restaurant,US,22,mobile,428.73,4,47,0
TXN006740,CUST01083,72.67,online,DE,3,mobile,54.25,2,62,0
TXN006741,CUST01351,107.01,grocery,CA,11,desktop,76.97,3,43,0
TXN006742,CUST00905,19.61,entertainment,CA,1,mobile,285.37,2,27,0
TXN006743,CUST00669,235.02,grocery,FR,17,tablet,239.3,4,23,0
TXN006744,CUST00191,45.3,grocery,AE,13,desktop,94.56,2,48,0
TXN006745,CUST01224,11.67,electronics,US,7,mobile,339.75,4,43,0
TXN006746,CUST01336,47.9,grocery,CA,7,desktop,455.95,2,24,0
TXN006747,CUST00708,22.58,travel,AE,11,mobile,108.48,7,25,0
TXN006748,CUST01059,51.11,electronics,NG,0,desktop,7.25,0,72,0
TXN006749,CUST00379,31.73,fuel,US,0,desktop,128.2,2,38,0
TXN006750,CUST00387,35.67,retail,US,3,mobile,242.25,3,55,0
TXN006751,CUST00237,13.31,fuel,US,16,desktop,44.73,0,65,0
TXN006752,CUST00616,89.13,grocery,IN,9,mobile,18.85,2,50,0
TXN006753,CUST00283,10.42,retail,US,0,mobile,60.44,2,33,0
TXN006754,CUST00001,10.93,electronics,US,10,desktop,2.1,1,20,0
TXN006755,CUST00464,47.82,travel,US,20,mobile,226.25,1,73,0
TXN006756,CUST01254,164.49,electronics,US,16,mobile,28.42,2,20,0
TXN006757,CUST00967,23.28,restaurant,GB,9,mobile,231.5,2,52,0
TXN006758,CUST00172,66.75,retail,CA,5,mobile,48.11,2,40,0
TXN006759,CUST01111,96.87,electronics,CA,3,desktop,870.5,3,29,0
TXN006760,CUST01147,74.79,online,US,12,tablet,136.59,2,41,0
TXN006761,CUST00843,24.26,restaurant,US,10,mobile,7.6,7,54,0
TXN006762,CUST01322,11.12,entertainment,ET,4,mobile,266.65,4,72,0
TXN006763,CUST00690,3.64,fuel,US,13,mobile,95.0,3,30,0
TXN006764,CUST00575,25.46,restaurant,NG,1,mobile,168.26,1,32,1
TXN006765,CUST00165,107.56,fuel,US,2,mobile,543.65,5,24,0
TXN006766,CUST00383,10.76,fuel,US,2,desktop,131.09,3,41,0
TXN006767,CUST00209,66.7,online,US,10,desktop,293.68,6,67,0
TXN006768,CUST01456,12.81,online,IN,8,desktop,64.92,3,61,0
TXN006769,CUST01413,36.82,online,US,18,mobile,225.65,1,30,0
TXN006770,CUST00224,67.21,grocery,GB,9,mobile,18.83,4,70,0
TXN006771,CUST00003,17.12,fuel,CA,20,mobile,402.87,4,36,0
TXN006772,CUST00372,39.27,travel,US,5,mobile,40.11,4,20,0
TXN006773,CUST01470,21.87,travel,US,21,desktop,64.7,1,22,0
TXN006774,CUST00611,67.03,retail,IN,5,mobile,571.53,7,67,0
TXN006775,CUST00116,41.9,grocery,US,0,mobile,30.36,2,54,0
TXN006776,CUST01294,35.04,restaurant,DE,21,mobile,52.84,3,60,0
TXN006777,CUST00447,157.33,grocery,IN,0,tablet,156.23,3,69,0
TXN006778,CUST01392,64.22,grocery,US,21,mobile,710.52,1,27,0
TXN006779,CUST01277,16.6,restaurant,US,21,desktop,211.64,2,65,0
TXN006780,CUST01341,30.39,retail,US,18,mobile,21.83,1,73,0
TXN006781,CUST00415,30.7,restaurant,US,2,desktop,248.18,4,66,0
TXN006782,CUST01119,35.89,fuel,US,5,mobile,99.99,4,37,0
TXN006783,CUST00892,413.44,grocery,GB,1,desktop,876.65,2,33,1
TXN006784,CUST01048,47.98,online,FR,14,desktop,178.34,4,61,0
TXN006785,CUST00663,4.32,retail,GB,11,mobile,136.65,0,65,0
TXN006786,CUST01074,19.24,restaurant,IN,20,mobile,146.66,1,24,0
TXN006787,CUST00718,4.8,entertainment,US,9,mobile,184.68,5,51,0
TXN006788,CUST01359,23.81,retail,US,18,desktop,236.9,3,51,0
TXN006789,CUST01103,4.54,online,US,20,desktop,14.68,5,32,0
TXN006790,CUST01051,13.85,restaurant,US,12,desktop,25.21,2,22,0
TXN006791,CUST00271,7.24,fuel,US,2,desktop,64.32,3,74,0
TXN006792,CUST00562,48.63,entertainment,US,17,mobile,117.0,4,27,0
TXN006793,CUST00804,33.13,grocery,AE,19,desktop,67.07,3,59,0
TXN006794,CUST00247,44.83,travel,IN,4,mobile,43.31,3,61,0
TXN006795,CUST00387,29.83,restaurant,US,21,mobile,466.32,3,25,0
TXN006796,CUST00702,8.21,restaurant,AE,12,mobile,5.97,2,38,0
TXN006797,CUST00559,55.34,retail,AE,13,desktop,502.55,3,62,0
TXN006798,CUST00973,226.38,electronics,US,14,desktop,428.0,2,24,0
TXN006799,CUST01385,49.86,electronics,US,17,desktop,207.24,4,57,0
TXN006800,CUST00984,21.63,online,IN,13,mobile,5.95,2,68,0
TXN006801,CUST00352,7.94,restaurant,GB,18,mobile,45.96,6,26,0
TXN006802,CUST01280,13.36,restaurant,IN,2,mobile,696.25,2,72,0
TXN006803,CUST01246,52.09,online,US,21,mobile,425.51,4,60,0
TXN006804,CUST00753,96.85,electronics,US,0,desktop,601.25,1,46,0
TXN006805,CUST00781,42.99,restaurant,US,22,mobile,999.49,5,37,0
TXN006806,CUST01025,73.69,grocery,IN,23,mobile,11.88,2,34,0
TXN006807,CUST00546,67.2,online,US,6,desktop,152.28,0,56,0
TXN006808,CUST01470,54.96,entertainment,US,19,mobile,323.39,2,39,0
TXN006809,CUST00079,17.14,retail,US,6,desktop,69.34,3,24,0
TXN006810,CUST01260,39.41,restaurant,US,16,desktop,102.95,1,62,0
TXN006811,CUST00334,14.18,online,US,14,desktop,60.07,1,72,0
TXN006812,CUST00889,33.7,retail,GB,12,mobile,6.99,1,45,0
TXN006813,CUST01373,46.1,electronics,US,23,mobile,13.59,4,75,0
TXN006814,CUST01122,177.47,retail,US,14,desktop,3.9,4,23,0
TXN006815,CUST01106,8.94,retail,US,2,mobile,134.85,5,34,0
TXN006816,CUST00502,53.6,restaurant,CA,16,desktop,173.42,5,73,0
TXN006817,CUST00765,145.65,restaurant,US,15,mobile,66.19,2,19,0
TXN006818,CUST00921,70.73,restaurant,US,21,desktop,314.92,4,54,0
TXN006819,CUST00550,76.17,restaurant,DE,0,mobile,394.09,7,25,0
TXN006820,CUST00014,59.6,retail,US,23,mobile,27.1,2,24,0
TXN006821,CUST00392,121.31,retail,US,13,desktop,9.6,0,33,0
TXN006822,CUST01371,11.16,grocery,CA,2,desktop,69.26,1,19,0
TXN006823,CUST00310,8.28,online,US,19,desktop,224.68,5,39,0
TXN006824,CUST00386,32.91,online,US,21,mobile,127.46,5,60,0
TXN006825,CUST01233,3.81,electronics,CA,3,tablet,120.53,3,66,0
TXN006826,CUST01381,113.37,online,DE,23,desktop,29.76,0,24,0
TXN006827,CUST00974,112.25,retail,DE,8,mobile,77.94,3,43,0
TXN006828,CUST01118,21.47,grocery,US,20,mobile,574.48,3,51,0
TXN006829,CUST01117,22.86,grocery,US,0,mobile,74.95,0,71,0
TXN006830,CUST00340,30.8,grocery,ET,23,mobile,161.12,6,56,0
TXN006831,CUST00597,34.88,electronics,US,13,tablet,10.82,2,29,0
TXN006832,CUST01469,37.61,electronics,US,12,mobile,11.88,5,58,0
TXN006833,CUST00757,57.87,travel,GB,14,mobile,99.38,4,52,0
TXN006834,CUST01046,27.87,travel,US,17,mobile,166.79,6,19,0
TXN006835,CUST00291,85.05,fuel,DE,15,mobile,83.84,1,69,0
TXN006836,CUST00306,51.73,electronics,US,5,mobile,35.5,4,46,0
TXN006837,CUST00634,18.05,electronics,US,21,mobile,239.7,4,37,0
TXN006838,CUST01152,125.85,entertainment,NG,15,mobile,27.16,1,70,0
TXN006839,CUST00625,8.51,entertainment,US,10,desktop,198.48,3,72,0
TXN006840,CUST00939,30.2,restaurant,CA,6,mobile,565.27,2,36,0
TXN006841,CUST01297,87.09,restaurant,US,8,tablet,114.46,3,54,0
TXN006842,CUST00848,16.07,entertainment,US,0,mobile,40.26,1,62,0
TXN006843,CUST00442,45.13,grocery,US,9,mobile,332.11,1,43,0
TXN006844,CUST00503,57.02,restaurant,US,7,tablet,126.75,1,54,0
TXN006845,CUST00130,14.01,travel,IN,10,mobile,462.03,2,30,0
TXN006846,CUST01156,30.8,restaurant,NG,4,mobile,229.51,0,40,1
TXN006847,CUST00597,28.32,grocery,GB,5,mobile,101.37,2,42,0
TXN006848,CUST00862,19.07,electronics,AE,23,desktop,172.93,5,75,0
TXN006849,CUST01414,330.85,fuel,CA,23,mobile,33.53,1,64,0
TXN006850,CUST00593,15.44,entertainment,US,11,desktop,88.16,2,40,0
TXN006851,CUST00999,90.46,retail,US,10,mobile,162.2,2,20,0
TXN006852,CUST00325,22.36,grocery,GB,6,mobile,160.51,3,68,0
TXN006853,CUST01093,11.17,restaurant,US,6,desktop,159.27,0,31,0
TXN006854,CUST00448,36.7,fuel,US,11,mobile,244.94,2,32,0
TXN006855,CUST00819,63.38,online,AE,11,mobile,20.1,4,52,0
TXN006856,CUST01189,83.14,restaurant,US,0,desktop,13.77,2,31,0
TXN006857,CUST00709,157.95,restaurant,US,23,tablet,28.83,6,61,0
TXN006858,CUST01450,629.7,restaurant,US,18,desktop,282.98,2,34,0
TXN006859,CUST00265,42.54,electronics,CA,20,mobile,12.07,2,75,0
TXN006860,CUST00612,17.06,grocery,US,3,tablet,45.94,1,23,0
TXN006861,CUST01366,52.08,retail,US,18,mobile,52.93,1,75,0
TXN006862,CUST00832,25.38,grocery,US,20,tablet,187.56,3,37,0
TXN006863,CUST01302,83.59,retail,US,18,mobile,92.44,1,65,0
TXN006864,CUST00674,9.05,entertainment,US,10,tablet,39.94,2,27,0
TXN006865,CUST01463,353.66,electronics,IN,8,mobile,107.46,4,31,0
TXN006866,CUST00157,77.95,fuel,US,12,desktop,208.19,2,44,0
TXN006867,CUST01446,6.15,fuel,FR,21,desktop,277.56,5,21,0
TXN006868,CUST00251,16.3,restaurant,DE,18,desktop,23.81,4,36,0
TXN006869,CUST00878,74.89,electronics,US,4,desktop,225.77,4,69,0
TXN006870,CUST00530,107.38,online,US,10,mobile,0.82,1,65,0
TXN006871,CUST00327,9.28,online,US,23,mobile,231.94,3,65,0
TXN006872,CUST00961,67.56,online,GB,2,mobile,194.72,1,68,0
TXN006873,CUST00895,4.72,travel,US,4,desktop,113.83,4,62,0
TXN006874,CUST00097,30.29,travel,US,12,desktop,26.49,8,19,1
TXN006875,CUST00513,100.69,travel,US,13,mobile,260.33,3,57,0
TXN006876,CUST00216,19.08,travel,US,12,mobile,13.4,3,74,0
TXN006877,CUST01156,7.34,online,US,1,mobile,406.66,2,44,0
TXN006878,CUST01284,38.33,retail,NG,1,desktop,267.27,4,64,1
TXN006879,CUST00125,18.09,online,US,17,desktop,243.14,4,41,0
TXN006880,CUST01106,62.15,fuel,US,5,mobile,252.72,2,59,0
TXN006881,CUST01307,13.66,online,DE,18,tablet,12.59,1,75,0
TXN006882,CUST00059,15.29,online,ET,9,tablet,828.02,1,21,0
TXN006883,CUST00161,4.39,online,US,20,mobile,352.11,2,19,0
TXN006884,CUST00284,39.25,grocery,US,7,mobile,127.65,4,63,0
TXN006885,CUST00106,28.19,retail,US,4,desktop,228.75,2,64,0
TXN006886,CUST01129,10.09,grocery,US,1,desktop,241.96,2,39,0
TXN006887,CUST01463,40.2,electronics,US,5,desktop,318.73,3,38,0
TXN006888,CUST00228,92.49,grocery,US,17,mobile,53.08,2,71,0
TXN006889,CUST00318,26.69,grocery,US,7,mobile,83.75,3,31,0
TXN006890,CUST01488,43.3,entertainment,NG,1,mobile,289.42,5,37,1
TXN006891,CUST00802,43.52,electronics,US,22,mobile,263.75,2,51,0
TXN006892,CUST00874,9.93,entertainment,US,19,desktop,133.1,3,37,0
TXN006893,CUST00472,258.94,restaurant,IN,3,mobile,90.81,3,50,1
TXN006894,CUST01080,20.68,restaurant,GB,14,desktop,622.07,1,26,0
TXN006895,CUST00625,63.82,restaurant,US,23,mobile,96.51,5,63,0
TXN006896,CUST00013,71.47,online,US,19,mobile,259.9,3,59,0
TXN006897,CUST01464,28.8,entertainment,IN,23,desktop,95.78,3,55,0
TXN006898,CUST01042,60.75,travel,US,8,mobile,66.75,3,30,0
TXN006899,CUST00694,42.34,electronics,GB,23,mobile,184.4,6,30,0
TXN006900,CUST00973,8.02,retail,NG,19,tablet,296.69,2,72,0
TXN006901,CUST00113,23.75,grocery,US,20,mobile,717.01,2,57,0
TXN006902,CUST00229,17.95,travel,DE,5,mobile,29.02,2,72,0
TXN006903,CUST00171,20.87,electronics,IN,8,mobile,375.91,2,22,0
TXN006904,CUST00295,8.99,grocery,GB,12,desktop,133.67,3,50,0
TXN006905,CUST00189,102.15,restaurant,US,4,desktop,20.52,4,75,0
TXN006906,CUST00426,164.35,grocery,NG,13,mobile,284.71,3,66,0
TXN006907,CUST00977,88.06,retail,CA,13,desktop,72.5,1,67,0
TXN006908,CUST01103,117.98,online,FR,17,mobile,364.83,2,63,0
TXN006909,CUST00658,23.46,entertainment,CA,6,tablet,30.91,2,18,0
TXN006910,CUST00919,17.53,online,US,5,mobile,223.5,2,44,0
TXN006911,CUST01206,15.2,online,US,11,mobile,64.41,3,56,0
TXN006912,CUST00499,63.06,fuel,US,13,mobile,53.56,2,23,0
TXN006913,CUST00762,41.56,retail,US,18,mobile,9.28,3,69,0
TXN006914,CUST00866,30.65,grocery,US,15,mobile,118.37,4,21,0
TXN006915,CUST00826,120.92,electronics,US,23,mobile,89.42,1,57,0
TXN006916,CUST00071,49.65,fuel,US,18,mobile,11.46,4,26,0
TXN006917,CUST00248,14.32,retail,AE,9,mobile,46.26,1,43,0
TXN006918,CUST00146,16.76,retail,FR,10,tablet,120.24,3,19,0
TXN006919,CUST01320,65.5,online,CA,3,mobile,297.3,4,41,0
TXN006920,CUST00582,93.85,restaurant,US,19,mobile,477.25,2,22,0
TXN006921,CUST00470,57.49,grocery,US,1,desktop,130.37,3,18,0
TXN006922,CUST00193,220.72,retail,US,8,desktop,92.94,5,67,0
TXN006923,CUST01092,169.87,travel,GB,9,desktop,557.22,3,72,0
TXN006924,CUST00494,51.47,restaurant,ET,7,desktop,592.76,1,52,0
TXN006925,CUST00052,14.32,retail,US,3,tablet,38.02,2,24,0
TXN006926,CUST00882,8.94,grocery,DE,12,desktop,136.46,4,21,0
TXN006927,CUST00363,22.48,fuel,FR,5,desktop,309.58,4,55,0
TXN006928,CUST00917,70.33,online,CA,5,mobile,310.94,2,67,0
TXN006929,CUST00474,205.75,grocery,US,1,desktop,207.92,4,38,0
TXN006930,CUST00521,50.27,electronics,US,8,mobile,114.78,3,26,0
TXN006931,CUST01455,106.56,grocery,US,5,mobile,93.05,2,43,0
TXN006932,CUST01322,25.91,online,US,4,mobile,295.56,3,75,1
TXN006933,CUST01459,61.73,travel,US,1,mobile,46.05,3,18,0
TXN006934,CUST00691,75.44,grocery,US,13,mobile,100.69,1,60,0
TXN006935,CUST01222,4.57,retail,US,9,mobile,150.61,5,37,0
TXN006936,CUST01152,21.9,electronics,US,14,mobile,320.85,4,68,0
TXN006937,CUST00532,85.6,restaurant,US,16,mobile,84.27,2,28,0
TXN006938,CUST01435,43.57,restaurant,US,6,tablet,143.19,4,49,0
TXN006939,CUST00840,10.01,grocery,US,19,mobile,58.92,6,30,0
TXN006940,CUST01089,2.92,retail,US,10,mobile,326.42,4,45,0
TXN006941,CUST00241,22.97,restaurant,DE,12,mobile,277.13,2,68,0
TXN006942,CUST01393,30.83,electronics,ET,22,desktop,308.76,5,27,0
TXN006943,CUST00536,13.68,retail,US,20,tablet,10.65,3,19,0
TXN006944,CUST01408,38.21,online,US,16,desktop,120.11,1,22,0
TXN006945,CUST01455,54.95,electronics,AE,4,mobile,26.28,6,24,1
TXN006946,CUST00083,64.76,retail,CA,11,mobile,201.62,4,50,0
TXN006947,CUST00982,3.14,fuel,US,3,tablet,67.15,3,24,0
TXN006948,CUST00951,8.9,restaurant,DE,0,mobile,268.16,1,19,0
TXN006949,CUST00611,24.42,online,US,9,mobile,12.13,1,64,0
TXN006950,CUST00574,58.68,retail,CA,1,mobile,129.6,4,74,0
TXN006951,CUST00286,54.01,travel,IN,12,tablet,23.76,4,31,0
TXN006952,CUST00989,53.08,fuel,US,12,mobile,146.92,4,38,0
TXN006953,CUST00459,22.57,retail,IN,11,tablet,168.27,2,67,0
TXN006954,CUST01236,23.86,fuel,US,0,mobile,111.63,1,35,0
TXN006955,CUST00126,15.99,grocery,US,9,desktop,59.04,5,31,0
TXN006956,CUST01437,71.39,restaurant,US,19,mobile,5.92,1,60,0
TXN006957,CUST00425,13.19,online,ET,23,mobile,195.31,1,70,0
TXN006958,CUST00554,77.48,restaurant,US,4,desktop,367.85,4,30,0
TXN006959,CUST00610,40.77,retail,CA,9,mobile,238.13,2,36,0
TXN006960,CUST01182,31.66,electronics,FR,6,desktop,402.32,1,38,0
TXN006961,CUST00112,17.17,travel,US,14,tablet,477.39,3,68,0
TXN006962,CUST00402,8.54,fuel,US,17,mobile,107.46,5,47,0
TXN006963,CUST00122,17.33,online,US,19,mobile,215.51,0,52,0
TXN006964,CUST00273,23.81,electronics,GB,3,desktop,91.16,6,49,0
TXN006965,CUST01318,3.1,grocery,NG,0,desktop,453.61,4,68,0
TXN006966,CUST00398,27.18,online,US,7,desktop,149.0,3,72,0
TXN006967,CUST00471,83.46,retail,CA,10,mobile,251.31,3,61,0
TXN006968,CUST00985,58.39,fuel,US,2,desktop,2.63,5,75,1
TXN006969,CUST01231,20.16,electronics,US,11,mobile,154.25,2,35,0
TXN006970,CUST01134,34.71,grocery,US,12,mobile,243.86,6,24,0
TXN006971,CUST01464,18.99,entertainment,GB,19,desktop,53.47,5,67,0
TXN006972,CUST01302,38.43,retail,IN,17,desktop,2.61,1,29,0
TXN006973,CUST00569,154.49,electronics,ET,11,mobile,245.01,2,71,0
TXN006974,CUST01138,87.23,fuel,US,9,desktop,74.27,3,27,0
TXN006975,CUST00897,55.75,electronics,CA,20,mobile,100.8,4,55,0
TXN006976,CUST00820,20.23,travel,US,20,mobile,148.62,4,20,0
TXN006977,CUST00853,70.1,entertainment,US,14,desktop,21.03,2,63,0
TXN006978,CUST00710,6.13,grocery,US,2,mobile,19.68,6,65,0
TXN006979,CUST00321,25.73,online,US,23,mobile,583.4,6,26,0
TXN006980,CUST00179,59.37,restaurant,GB,14,desktop,74.49,4,74,0
TXN006981,CUST00897,69.44,electronics,US,16,desktop,53.11,4,24,0
TXN006982,CUST00219,64.71,online,IN,15,desktop,8.8,1,43,0
TXN006983,CUST00789,44.47,grocery,US,1,tablet,34.39,5,63,0
TXN006984,CUST00492,27.23,online,US,0,mobile,101.46,6,62,0
TXN006985,CUST00061,56.71,restaurant,US,21,mobile,75.36,2,65,0
TXN006986,CUST01078,12.77,fuel,US,3,desktop,99.48,1,35,0
TXN006987,CUST00538,14.23,grocery,IN,16,mobile,219.08,3,61,0
TXN006988,CUST00848,35.22,fuel,US,6,desktop,184.79,4,70,0
TXN006989,CUST00988,39.38,online,IN,4,desktop,122.32,5,64,0
TXN006990,CUST00065,5.34,retail,US,22,desktop,303.56,2,74,0
TXN006991,CUST00586,52.2,retail,US,3,desktop,350.49,1,56,0
TXN006992,CUST00171,71.72,restaurant,US,19,mobile,160.84,2,35,0
TXN006993,CUST01297,30.65,grocery,AE,19,desktop,22.51,6,63,0
TXN006994,CUST00535,355.83,online,US,4,desktop,93.81,2,35,1
TXN006995,CUST01415,16.73,online,IN,7,desktop,181.15,1,75,0
TXN006996,CUST00693,23.08,grocery,US,19,mobile,11.68,1,38,0
TXN006997,CUST01351,22.31,grocery,US,22,mobile,3.62,5,32,0
TXN006998,CUST00108,30.69,online,CA,8,mobile,533.33,0,72,0
TXN006999,CUST01186,23.84,retail,US,5,desktop,235.72,2,23,0
TXN007000,CUST00814,8.11,retail,US,3,mobile,29.91,2,60,0
TXN007001,CUST01005,19.17,grocery,AE,4,desktop,106.02,2,35,1
TXN007002,CUST00452,30.04,electronics,US,7,mobile,38.72,0,40,0
TXN007003,CUST01230,113.13,grocery,US,19,desktop,1.86,2,49,0
TXN007004,CUST00590,299.54,travel,US,12,mobile,89.47,2,52,0
TXN007005,CUST01040,125.9,fuel,US,3,tablet,188.14,1,72,0
TXN007006,CUST00327,15.25,entertainment,US,6,desktop,554.75,4,52,0
TXN007007,CUST00608,16.51,travel,US,21,mobile,264.41,4,19,0
TXN007008,CUST00659,28.24,grocery,FR,0,desktop,47.08,2,41,0
TXN007009,CUST00002,197.27,electronics,US,8,desktop,73.76,3,43,0
TXN007010,CUST01034,28.07,retail,ET,4,desktop,132.33,6,72,0
TXN007011,CUST00434,8.78,restaurant,US,9,desktop,38.21,4,61,0
TXN007012,CUST00125,20.06,restaurant,US,10,tablet,322.1,5,71,0
TXN007013,CUST01105,70.6,fuel,US,17,mobile,33.1,1,65,0
TXN007014,CUST00485,66.02,fuel,FR,4,mobile,61.64,4,59,0
TXN007015,CUST00652,27.11,retail,FR,23,desktop,155.12,3,43,0
TXN007016,CUST01174,65.59,electronics,US,21,desktop,23.67,0,61,0
TXN007017,CUST00800,3.41,online,US,23,mobile,176.36,2,21,0
TXN007018,CUST00873,36.74,travel,GB,20,mobile,519.56,2,39,0
TXN007019,CUST01364,78.31,retail,AE,3,desktop,211.71,6,68,1
TXN007020,CUST00129,14.4,fuel,FR,18,desktop,301.59,2,33,0
TXN007021,CUST00438,14.35,entertainment,US,15,mobile,103.88,3,73,0
TXN007022,CUST00751,5.12,grocery,CA,1,desktop,81.83,5,47,0
TXN007023,CUST00501,162.37,entertainment,FR,14,mobile,71.71,2,19,0
TXN007024,CUST01082,16.12,travel,US,8,mobile,194.43,3,54,0
TXN007025,CUST01222,42.14,grocery,US,16,mobile,131.57,4,35,0
TXN007026,CUST00211,60.58,grocery,US,1,desktop,115.07,3,36,0
TXN007027,CUST00902,150.22,fuel,US,21,desktop,19.11,2,47,0
TXN007028,CUST00045,28.39,electronics,IN,5,mobile,201.41,3,26,0
TXN007029,CUST01121,19.31,retail,NG,0,mobile,232.63,5,48,0
TXN007030,CUST01303,39.37,fuel,US,7,desktop,39.31,2,35,0
TXN007031,CUST00535,119.59,grocery,US,10,desktop,256.66,3,62,1
TXN007032,CUST01434,27.93,fuel,DE,19,tablet,380.74,2,22,0
TXN007033,CUST00461,12.74,restaurant,US,22,desktop,34.54,5,27,0
TXN007034,CUST00391,7.09,electronics,US,14,mobile,108.28,3,55,0
TXN007035,CUST01068,9.76,online,US,8,desktop,376.01,2,39,0
TXN007036,CUST00027,78.6,retail,US,1,mobile,120.25,2,66,0
TXN007037,CUST00794,24.03,travel,US,6,tablet,303.98,3,57,0
TXN007038,CUST01121,18.04,entertainment,CA,16,mobile,43.75,4,33,0
TXN007039,CUST00975,16.18,entertainment,US,2,mobile,11.89,3,40,0
TXN007040,CUST00548,36.06,electronics,NG,3,mobile,11.04,1,47,1
TXN007041,CUST00621,26.06,travel,IN,2,mobile,645.9,4,27,0
TXN007042,CUST00567,25.2,fuel,DE,7,mobile,32.4,4,28,0
TXN007043,CUST00704,127.65,grocery,US,10,mobile,360.3,3,45,0
TXN007044,CUST01243,154.16,retail,US,15,mobile,68.29,1,47,0
TXN007045,CUST00185,6.62,fuel,FR,13,mobile,7.36,2,54,0
TXN007046,CUST01093,45.95,restaurant,IN,22,desktop,49.63,5,42,0
TXN007047,CUST01154,15.23,retail,US,18,mobile,126.75,3,44,0
TXN007048,CUST00848,25.84,grocery,US,22,tablet,20.32,3,25,0
TXN007049,CUST00599,45.12,retail,US,1,mobile,459.57,2,64,0
TXN007050,CUST00806,26.77,restaurant,US,11,mobile,414.26,2,27,0
TXN007051,CUST01358,41.7,fuel,US,10,desktop,29.07,2,55,0
TXN007052,CUST01178,64.91,travel,IN,15,mobile,240.48,6,51,0
TXN007053,CUST00079,44.46,fuel,US,10,mobile,111.15,4,46,0
TXN007054,CUST00579,17.34,grocery,US,2,tablet,724.4,0,34,0
TXN007055,CUST00413,17.65,restaurant,IN,22,mobile,10.26,4,44,0
TXN007056,CUST00546,7.85,grocery,US,9,mobile,114.63,2,70,0
TXN007057,CUST00169,14.1,retail,AE,4,desktop,60.5,4,67,1
TXN007058,CUST00681,235.58,restaurant,US,12,mobile,233.28,2,40,0
TXN007059,CUST00583,15.0,fuel,IN,23,desktop,21.21,2,44,0
TXN007060,CUST00515,10.04,entertainment,US,5,mobile,178.05,4,55,0
TXN007061,CUST01338,45.6,retail,IN,19,mobile,532.38,1,27,0
TXN007062,CUST00032,29.66,grocery,US,2,mobile,108.89,0,33,0
TXN007063,CUST00287,27.23,retail,US,21,tablet,109.0,3,67,0
TXN007064,CUST00594,135.51,restaurant,US,8,mobile,123.23,4,23,0
TXN007065,CUST01067,57.35,fuel,US,20,mobile,96.72,2,18,0
TXN007066,CUST00617,19.49,fuel,US,6,mobile,106.79,4,42,0
TXN007067,CUST01025,21.66,grocery,IN,22,mobile,112.0,0,66,0
TXN007068,CUST00270,20.03,restaurant,US,6,mobile,1124.66,1,34,0
TXN007069,CUST01204,79.42,travel,GB,1,mobile,22.28,3,50,0
TXN007070,CUST00518,24.33,electronics,US,7,desktop,60.47,3,49,0
TXN007071,CUST01127,5.51,retail,AE,17,tablet,42.61,5,31,0
TXN007072,CUST01034,31.55,electronics,US,0,mobile,141.42,5,21,0
TXN007073,CUST00583,7.12,retail,IN,9,mobile,0.51,5,49,0
TXN007074,CUST01114,294.19,travel,US,5,desktop,457.12,5,34,1
TXN007075,CUST00226,12.61,retail,US,17,tablet,136.33,0,42,0
TXN007076,CUST00670,28.17,fuel,US,12,mobile,407.54,3,68,0
TXN007077,CUST00917,42.87,entertainment,DE,20,mobile,76.15,1,31,0
TXN007078,CUST00126,24.81,grocery,GB,0,mobile,29.24,2,23,0
TXN007079,CUST00956,24.78,online,FR,22,mobile,38.44,4,28,0
TXN007080,CUST01233,50.49,grocery,US,0,mobile,114.53,2,45,0
TXN007081,CUST01121,152.36,restaurant,CA,11,tablet,7.4,3,26,0
TXN007082,CUST00074,71.34,online,IN,7,mobile,274.03,3,25,0
TXN007083,CUST01215,145.26,fuel,US,20,mobile,281.46,3,47,0
TXN007084,CUST00056,11.63,grocery,US,4,desktop,217.89,3,61,0
TXN007085,CUST00720,45.48,online,DE,2,mobile,407.99,2,55,0
TXN007086,CUST00553,38.68,online,US,17,mobile,143.52,2,75,0
TXN007087,CUST00032,47.04,grocery,GB,5,tablet,117.47,1,33,0
TXN007088,CUST00574,131.14,travel,US,3,mobile,135.59,5,37,0
TXN007089,CUST00667,26.55,fuel,IN,14,tablet,36.15,3,27,0
TXN007090,CUST00284,22.08,grocery,NG,3,mobile,129.25,3,70,1
TXN007091,CUST00187,56.49,fuel,GB,5,mobile,140.46,1,52,0
TXN007092,CUST00498,5.59,online,US,17,tablet,260.36,1,24,0
TXN007093,CUST01466,26.13,entertainment,US,17,mobile,76.97,2,27,0
TXN007094,CUST00130,28.96,restaurant,NG,9,desktop,17.42,3,38,0
TXN007095,CUST00639,13.19,entertainment,CA,12,mobile,163.79,2,47,0
TXN007096,CUST01316,95.3,grocery,ET,19,mobile,279.18,3,61,0
TXN007097,CUST00114,11.45,electronics,US,21,desktop,628.56,1,23,0
TXN007098,CUST01223,28.91,restaurant,US,17,desktop,17.03,2,51,0
TXN007099,CUST00013,44.4,retail,US,6,tablet,246.92,0,29,0
TXN007100,CUST01295,128.18,fuel,US,7,mobile,163.07,9,59,0
TXN007101,CUST01239,32.77,grocery,ET,5,desktop,2.78,4,28,1
TXN007102,CUST00444,84.45,grocery,DE,1,mobile,228.01,2,72,0
TXN007103,CUST00447,66.73,restaurant,US,21,desktop,4.78,0,21,0
TXN007104,CUST00986,37.47,grocery,CA,7,mobile,276.9,4,40,0
TXN007105,CUST00993,11.14,online,NG,9,mobile,229.99,0,50,0
TXN007106,CUST00715,7.89,fuel,DE,16,mobile,209.61,3,50,0
TXN007107,CUST00074,36.84,retail,US,21,mobile,23.01,1,31,0
TXN007108,CUST00537,19.25,retail,US,11,desktop,452.47,4,19,0
TXN007109,CUST00101,83.03,online,NG,10,mobile,412.52,4,20,0
TXN007110,CUST00176,69.82,grocery,US,16,desktop,414.94,2,69,0
TXN007111,CUST00427,27.53,electronics,AE,15,mobile,80.43,2,61,0
TXN007112,CUST01141,10.41,online,ET,21,mobile,121.97,4,35,1
TXN007113,CUST01190,55.19,travel,ET,9,mobile,21.97,6,52,0
TXN007114,CUST00041,11.97,online,IN,19,desktop,9.44,0,70,0
TXN007115,CUST00429,15.51,retail,FR,2,tablet,10.9,3,21,0
TXN007116,CUST00344,12.44,retail,US,18,mobile,151.4,6,25,0
TXN007117,CUST01448,28.83,grocery,US,3,mobile,69.79,7,24,0
TXN007118,CUST00366,106.72,restaurant,US,18,mobile,155.96,3,54,0
TXN007119,CUST01144,32.95,entertainment,US,8,desktop,161.66,4,61,0
TXN007120,CUST00609,21.26,entertainment,US,19,desktop,427.65,4,43,0
TXN007121,CUST00657,7.2,restaurant,US,16,mobile,385.11,1,28,0
TXN007122,CUST00728,57.52,fuel,US,3,mobile,228.23,8,74,0
TXN007123,CUST00229,15.17,fuel,US,16,desktop,307.17,1,67,0
TXN007124,CUST00825,37.24,travel,NG,2,mobile,0.57,4,34,1
TXN007125,CUST01154,23.24,restaurant,FR,19,desktop,2.82,3,22,0
TXN007126,CUST01376,76.57,retail,IN,3,mobile,110.44,3,63,0
TXN007127,CUST00889,28.3,fuel,US,8,desktop,190.88,2,67,0
TXN007128,CUST01342,31.22,grocery,US,5,mobile,284.45,5,30,0
TXN007129,CUST00984,53.83,fuel,US,18,mobile,106.72,3,37,0
TXN007130,CUST00836,272.31,fuel,US,6,desktop,506.92,0,52,0
TXN007131,CUST01361,80.52,retail,CA,15,mobile,303.72,1,35,0
TXN007132,CUST01297,30.31,restaurant,US,14,mobile,19.52,4,31,0
TXN007133,CUST00117,33.22,retail,US,15,mobile,104.42,5,30,0
TXN007134,CUST00818,19.59,grocery,DE,13,tablet,949.37,3,39,0
TXN007135,CUST00368,12.81,online,FR,3,tablet,94.96,3,30,0
TXN007136,CUST01118,19.05,online,CA,22,mobile,87.88,2,71,0
TXN007137,CUST00168,15.3,electronics,US,1,mobile,62.69,1,22,0
TXN007138,CUST00954,63.65,travel,US,6,mobile,119.97,4,63,0
TXN007139,CUST01365,11.35,retail,US,23,desktop,235.58,1,70,0
TXN007140,CUST00661,125.61,online,IN,6,tablet,8.75,3,42,0
TXN007141,CUST00695,70.25,travel,AE,5,mobile,325.11,5,32,1
TXN007142,CUST00925,33.8,grocery,US,19,desktop,449.27,0,61,0
TXN007143,CUST00152,33.13,grocery,US,8,desktop,273.44,1,72,0
TXN007144,CUST00586,18.97,grocery,CA,16,mobile,445.07,5,32,0
TXN007145,CUST00913,43.38,retail,US,20,mobile,17.95,3,32,0
TXN007146,CUST00274,98.31,fuel,IN,10,desktop,107.65,2,39,0
TXN007147,CUST00496,16.39,retail,FR,15,mobile,13.26,3,53,0
TXN007148,CUST00101,7.15,grocery,US,0,mobile,326.34,3,38,0
TXN007149,CUST00557,66.9,fuel,US,15,mobile,548.64,2,34,0
TXN007150,CUST01106,45.8,grocery,ET,16,tablet,63.62,3,30,0
TXN007151,CUST00073,10.8,entertainment,US,5,desktop,137.98,5,47,0
TXN007152,CUST01038,15.9,electronics,GB,21,mobile,63.6,2,33,0
TXN007153,CUST01457,14.03,grocery,US,10,desktop,85.72,7,33,0
TXN007154,CUST00157,16.05,online,US,6,tablet,116.52,2,67,0
TXN007155,CUST00735,23.96,restaurant,GB,15,mobile,281.61,3,63,0
TXN007156,CUST00132,25.37,online,US,21,mobile,28.62,4,52,0
TXN007157,CUST01362,17.27,online,US,1,mobile,30.75,2,65,0
TXN007158,CUST01019,15.52,fuel,US,19,tablet,40.59,4,66,0
TXN007159,CUST01428,26.34,retail,CA,12,mobile,9.83,5,19,0
TXN007160,CUST01400,39.16,electronics,DE,12,desktop,185.64,4,25,0
TXN007161,CUST00559,24.14,travel,US,14,mobile,37.9,6,65,0
TXN007162,CUST00107,105.5,entertainment,DE,14,mobile,103.58,5,44,0
TXN007163,CUST00265,55.04,online,US,8,mobile,208.27,0,54,0
TXN007164,CUST01229,6.75,grocery,US,17,mobile,107.27,2,22,0
TXN007165,CUST01103,55.91,entertainment,FR,13,mobile,425.64,4,45,1
TXN007166,CUST00155,60.68,grocery,GB,22,mobile,263.89,1,75,0
TXN007167,CUST00988,21.44,grocery,US,13,desktop,57.39,4,59,0
TXN007168,CUST00997,7.42,grocery,US,3,tablet,25.15,3,58,0
TXN007169,CUST00247,33.38,grocery,US,13,mobile,404.72,1,63,0
TXN007170,CUST00531,32.86,grocery,AE,9,desktop,91.02,3,69,0
TXN007171,CUST00858,10.79,grocery,US,10,desktop,86.78,4,22,0
TXN007172,CUST00538,7.76,travel,US,21,mobile,298.94,4,40,0
TXN007173,CUST00729,30.34,restaurant,US,0,desktop,1.69,3,59,0
TXN007174,CUST01178,26.23,grocery,US,13,desktop,107.98,3,55,0
TXN007175,CUST00154,21.82,online,ET,7,mobile,225.52,1,27,0
TXN007176,CUST00092,30.47,restaurant,US,5,mobile,339.91,1,69,0
TXN007177,CUST01457,10.99,grocery,US,10,mobile,389.64,0,43,0
TXN007178,CUST00338,21.44,electronics,US,13,desktop,112.82,3,24,0
TXN007179,CUST01155,56.45,restaurant,US,6,mobile,338.75,4,35,0
TXN007180,CUST00450,23.34,restaurant,US,21,mobile,6.56,2,36,0
TXN007181,CUST00810,6.22,travel,US,6,desktop,65.6,2,19,0
TXN007182,CUST00787,20.64,fuel,US,20,mobile,1.9,0,42,0
TXN007183,CUST00273,11.36,online,FR,18,mobile,32.57,3,61,0
TXN007184,CUST00588,43.26,retail,FR,21,mobile,232.2,0,41,0
TXN007185,CUST00177,45.55,online,US,9,tablet,0.8,3,69,0
TXN007186,CUST00831,6.3,travel,US,21,mobile,133.26,3,74,0
TXN007187,CUST00643,70.74,restaurant,US,8,mobile,96.19,4,20,0
TXN007188,CUST01073,10.89,fuel,US,17,mobile,23.6,1,72,0
TXN007189,CUST00567,157.46,grocery,AE,16,mobile,208.3,3,23,0
TXN007190,CUST00666,31.54,travel,IN,12,desktop,212.64,6,63,0
TXN007191,CUST01379,9.52,electronics,GB,3,tablet,233.26,1,44,0
TXN007192,CUST01332,10.57,online,US,20,desktop,260.91,2,38,0
TXN007193,CUST00868,46.9,retail,DE,6,mobile,68.1,4,35,0
TXN007194,CUST01070,22.39,retail,US,7,mobile,924.8,3,50,0
TXN007195,CUST00302,30.06,grocery,CA,15,mobile,13.64,2,63,0
TXN007196,CUST00868,166.13,restaurant,US,11,mobile,187.79,2,33,0
TXN007197,CUST00912,16.46,entertainment,US,0,desktop,635.89,3,68,0
TXN007198,CUST00408,35.16,online,US,5,mobile,45.72,3,74,0
TXN007199,CUST01213,136.98,travel,US,0,mobile,58.66,4,38,0
TXN007200,CUST00822,43.4,fuel,CA,7,mobile,154.43,2,54,0
TXN007201,CUST01153,6.64,online,ET,11,mobile,273.57,1,19,0
TXN007202,CUST00561,54.89,retail,ET,15,desktop,71.8,3,68,0
TXN007203,CUST01290,10.35,online,IN,0,mobile,326.27,1,62,0
TXN007204,CUST01142,135.21,travel,US,3,desktop,49.65,4,19,0
TXN007205,CUST00464,14.54,online,US,18,desktop,373.39,4,56,0
TXN007206,CUST00144,645.17,entertainment,US,17,mobile,52.49,3,20,0
TXN007207,CUST00442,143.65,online,ET,7,tablet,172.95,3,33,0
TXN007208,CUST01224,14.93,online,US,5,mobile,79.71,3,70,0
TXN007209,CUST01181,33.78,retail,US,12,mobile,69.9,3,45,0
TXN007210,CUST00487,70.36,online,US,19,desktop,78.65,5,45,0
TXN007211,CUST00860,72.51,electronics,IN,2,mobile,124.48,4,50,0
TXN007212,CUST01158,51.54,fuel,NG,14,mobile,335.64,0,48,0
TXN007213,CUST00148,115.83,online,US,5,desktop,256.37,3,61,0
TXN007214,CUST01360,29.28,grocery,NG,5,desktop,107.4,3,37,1
TXN007215,CUST01095,22.95,travel,US,4,mobile,59.67,3,55,0
TXN007216,CUST01257,23.41,fuel,US,18,desktop,346.72,5,28,0
TXN007217,CUST01358,78.13,travel,DE,9,desktop,367.5,4,59,0
TXN007218,CUST00811,47.71,fuel,US,8,mobile,108.82,4,53,0
TXN007219,CUST00666,44.31,travel,US,13,desktop,214.24,3,28,0
TXN007220,CUST00090,73.35,retail,AE,21,tablet,82.96,1,56,0
TXN007221,CUST01358,4.26,restaurant,CA,4,tablet,29.06,2,65,0
TXN007222,CUST00199,45.15,grocery,IN,6,mobile,69.81,2,23,0
TXN007223,CUST01185,41.21,travel,US,16,mobile,206.27,7,48,0
TXN007224,CUST00538,175.71,online,US,22,desktop,264.08,3,70,0
TXN007225,CUST01145,7.18,electronics,US,16,mobile,343.48,2,55,0
TXN007226,CUST00301,157.15,restaurant,NG,8,desktop,3.22,4,52,1
TXN007227,CUST00724,35.71,fuel,US,21,mobile,119.94,5,35,0
TXN007228,CUST00963,54.0,electronics,US,22,desktop,57.62,3,26,0
TXN007229,CUST01460,176.96,online,US,6,mobile,207.34,3,59,0
TXN007230,CUST00068,58.02,fuel,FR,0,tablet,50.67,4,66,0
TXN007231,CUST00459,49.42,fuel,US,1,mobile,150.36,5,45,0
TXN007232,CUST00398,42.19,electronics,US,9,mobile,224.04,4,20,0
TXN007233,CUST00620,20.42,online,US,18,desktop,264.59,3,40,0
TXN007234,CUST01310,32.19,travel,US,7,mobile,56.52,1,27,0
TXN007235,CUST01164,16.19,retail,US,8,mobile,16.55,3,22,0
TXN007236,CUST00730,31.67,retail,US,14,tablet,44.43,2,19,0
TXN007237,CUST00556,3.2,electronics,NG,10,desktop,164.54,0,42,0
TXN007238,CUST00781,50.86,grocery,US,23,desktop,7.43,2,40,0
TXN007239,CUST00894,29.32,grocery,US,11,mobile,31.14,1,20,0
TXN007240,CUST00610,23.66,electronics,US,21,desktop,971.65,5,70,0
TXN007241,CUST00748,41.25,online,IN,17,mobile,86.72,3,34,0
TXN007242,CUST00282,7.9,online,US,1,mobile,123.52,2,58,0
TXN007243,CUST00661,227.98,electronics,ET,14,desktop,1.99,5,50,0
TXN007244,CUST00924,29.88,fuel,NG,9,mobile,161.33,0,45,0
TXN007245,CUST00996,28.62,retail,US,6,tablet,70.83,4,22,0
TXN007246,CUST00746,12.61,online,US,8,desktop,135.98,3,75,0
TXN007247,CUST01481,33.92,grocery,GB,21,desktop,134.42,2,58,0
TXN007248,CUST00087,132.55,online,DE,16,desktop,616.54,3,40,0
TXN007249,CUST01103,93.31,online,FR,13,mobile,56.22,4,26,0
TXN007250,CUST01229,77.82,retail,AE,8,mobile,152.1,4,23,0
TXN007251,CUST00791,57.19,electronics,US,6,mobile,86.5,3,23,0
TXN007252,CUST01361,23.14,electronics,GB,14,mobile,98.67,3,65,0
TXN007253,CUST01278,7.77,online,US,2,tablet,10.29,2,26,0
TXN007254,CUST00304,27.08,online,US,1,mobile,209.92,3,34,0
TXN007255,CUST01404,26.16,fuel,CA,2,desktop,39.11,3,30,0
TXN007256,CUST00130,94.52,grocery,US,1,desktop,113.77,5,20,0
TXN007257,CUST00596,45.12,online,US,12,desktop,102.53,1,26,0
TXN007258,CUST01300,166.05,grocery,US,12,desktop,113.65,2,31,0
TXN007259,CUST00558,109.67,restaurant,US,1,mobile,84.76,3,20,0
TXN007260,CUST00899,20.98,fuel,NG,19,desktop,49.96,5,53,0
TXN007261,CUST01207,5.5,grocery,US,21,tablet,107.19,3,37,0
TXN007262,CUST01292,132.37,restaurant,FR,18,desktop,8.52,1,63,0
TXN007263,CUST01346,128.94,fuel,US,8,desktop,49.95,4,35,0
TXN007264,CUST00078,8.45,online,US,4,mobile,276.55,2,18,0
TXN007265,CUST00784,149.79,grocery,US,20,mobile,333.07,1,37,0
TXN007266,CUST01363,48.53,online,US,6,desktop,226.14,2,46,0
TXN007267,CUST00674,38.89,grocery,US,12,desktop,180.22,1,41,0
TXN007268,CUST00238,166.46,restaurant,NG,0,mobile,300.13,2,49,0
TXN007269,CUST01158,127.06,travel,US,8,mobile,24.62,7,36,0
TXN007270,CUST01216,63.52,grocery,US,1,mobile,134.1,4,22,0
TXN007271,CUST01380,53.16,retail,US,2,tablet,22.26,3,42,0
TXN007272,CUST00278,61.34,grocery,US,11,desktop,270.81,4,41,0
TXN007273,CUST01042,22.2,entertainment,US,4,mobile,132.32,3,57,0
TXN007274,CUST00524,31.34,entertainment,DE,11,tablet,298.96,1,45,0
TXN007275,CUST00180,13.43,retail,US,3,mobile,288.86,5,56,0
TXN007276,CUST00123,23.74,electronics,US,20,mobile,113.0,3,74,0
TXN007277,CUST01270,22.95,retail,CA,20,mobile,123.64,2,43,0
TXN007278,CUST01397,17.54,retail,US,11,mobile,5.16,2,44,0
TXN007279,CUST01075,37.97,grocery,US,4,mobile,133.44,0,70,0
TXN007280,CUST01095,23.95,travel,GB,13,mobile,203.68,2,33,0
TXN007281,CUST00480,54.72,grocery,FR,13,tablet,47.9,1,28,0
TXN007282,CUST01043,6.54,online,US,9,mobile,775.27,6,44,0
TXN007283,CUST00084,29.57,online,GB,9,mobile,662.77,1,45,0
TXN007284,CUST01179,37.77,restaurant,US,4,desktop,59.84,3,57,0
TXN007285,CUST00565,24.27,entertainment,FR,17,desktop,224.67,7,23,0
TXN007286,CUST00619,27.87,grocery,NG,16,tablet,5.48,4,62,0
TXN007287,CUST00357,6.79,entertainment,US,9,mobile,197.26,1,60,0
TXN007288,CUST00816,47.3,grocery,US,10,desktop,176.08,2,32,0
TXN007289,CUST00647,63.28,online,US,14,mobile,310.84,6,18,0
TXN007290,CUST00443,54.25,grocery,US,23,mobile,65.33,3,53,0
TXN007291,CUST01093,93.57,restaurant,US,18,mobile,378.69,4,69,0
TXN007292,CUST00523,40.51,fuel,GB,11,mobile,351.32,3,34,0
TXN007293,CUST00143,53.45,restaurant,US,15,mobile,199.34,2,25,0
TXN007294,CUST00192,38.71,online,US,22,desktop,115.07,1,41,0
TXN007295,CUST01411,65.86,retail,DE,23,mobile,173.41,3,56,0
TXN007296,CUST00378,6.84,grocery,GB,11,tablet,235.65,2,67,0
TXN007297,CUST00581,13.55,entertainment,US,21,tablet,665.82,3,40,0
TXN007298,CUST00535,161.89,grocery,GB,21,mobile,23.36,3,52,0
TXN007299,CUST01317,2.83,grocery,IN,18,desktop,67.59,1,65,0
TXN007300,CUST01033,28.78,grocery,US,2,mobile,273.13,3,61,0
TXN007301,CUST01295,106.94,retail,US,12,mobile,94.72,4,43,0
TXN007302,CUST01411,30.17,restaurant,DE,20,tablet,200.92,2,28,0
TXN007303,CUST00093,22.09,retail,GB,21,mobile,25.71,4,45,0
TXN007304,CUST00529,37.69,retail,US,14,mobile,222.3,4,23,0
TXN007305,CUST01178,23.26,electronics,US,16,mobile,201.79,2,54,0
TXN007306,CUST00405,34.15,online,ET,10,desktop,158.66,4,42,0
TXN007307,CUST00840,16.72,fuel,IN,22,mobile,260.85,4,27,0
TXN007308,CUST01173,100.35,electronics,FR,11,desktop,381.82,1,50,0
TXN007309,CUST00889,137.45,grocery,IN,16,mobile,318.22,2,70,0
TXN007310,CUST01291,28.98,travel,CA,21,tablet,24.57,1,64,0
TXN007311,CUST00422,8.28,fuel,IN,22,tablet,245.54,2,60,0
TXN007312,CUST00472,19.61,entertainment,DE,4,desktop,107.53,4,42,0
TXN007313,CUST00893,27.55,restaurant,NG,4,desktop,73.13,1,18,1
TXN007314,CUST00547,54.9,grocery,US,6,mobile,381.12,2,31,0
TXN007315,CUST00631,12.09,retail,ET,2,tablet,147.62,4,28,0
TXN007316,CUST01038,15.35,grocery,US,2,desktop,125.21,1,43,0
TXN007317,CUST00778,55.18,fuel,US,16,mobile,276.35,0,56,0
TXN007318,CUST00364,84.68,grocery,US,23,mobile,145.06,2,75,0
TXN007319,CUST00119,17.79,entertainment,US,1,mobile,351.36,1,21,0
TXN007320,CUST01262,8.73,retail,US,14,desktop,19.55,6,31,0
TXN007321,CUST00546,883.7,restaurant,IN,18,mobile,269.41,5,45,0
TXN007322,CUST01193,72.48,grocery,GB,22,desktop,32.21,2,25,0
TXN007323,CUST00522,25.36,travel,NG,9,desktop,45.93,1,40,0
TXN007324,CUST00634,78.97,restaurant,IN,10,mobile,35.6,2,45,0
TXN007325,CUST00963,29.24,electronics,US,23,tablet,49.03,3,57,0
TXN007326,CUST00958,78.82,fuel,US,8,desktop,236.9,2,39,0
TXN007327,CUST00883,38.84,restaurant,US,13,mobile,191.73,3,35,0
TXN007328,CUST00780,36.28,electronics,US,23,tablet,46.99,2,27,0
TXN007329,CUST00871,29.56,entertainment,CA,6,desktop,56.69,2,53,0
TXN007330,CUST00516,7.79,online,US,9,desktop,18.82,4,24,0
TXN007331,CUST00938,230.0,restaurant,US,0,mobile,96.33,2,33,0
TXN007332,CUST01421,12.92,fuel,US,0,mobile,85.64,3,74,0
TXN007333,CUST00866,8.5,fuel,US,13,desktop,28.37,0,56,0
TXN007334,CUST00106,26.77,online,US,7,desktop,323.92,4,74,0
TXN007335,CUST01109,12.66,restaurant,AE,13,mobile,344.62,4,62,0
TXN007336,CUST00214,31.45,grocery,US,6,tablet,20.78,2,75,0
TXN007337,CUST01145,65.88,entertainment,US,17,mobile,55.75,2,20,0
TXN007338,CUST01156,89.6,entertainment,US,22,mobile,239.79,2,73,0
TXN007339,CUST00850,74.79,fuel,FR,8,desktop,367.19,0,67,0
TXN007340,CUST00197,24.39,grocery,US,14,mobile,13.39,2,58,0
TXN007341,CUST00019,34.8,online,US,0,mobile,418.78,1,68,0
TXN007342,CUST00642,49.79,entertainment,US,10,tablet,11.45,1,21,0
TXN007343,CUST01036,5.71,electronics,NG,18,desktop,180.82,4,74,0
TXN007344,CUST01105,58.59,restaurant,NG,9,desktop,4.02,3,57,1
TXN007345,CUST00330,7.71,online,US,17,desktop,474.26,2,66,0
TXN007346,CUST00866,254.77,entertainment,DE,21,mobile,78.57,2,32,0
TXN007347,CUST00774,22.1,grocery,US,3,mobile,188.35,5,52,0
TXN007348,CUST00392,27.53,online,US,17,desktop,36.74,1,23,0
TXN007349,CUST00637,15.34,online,US,17,mobile,69.75,2,71,0
TXN007350,CUST00307,17.64,online,US,21,desktop,247.6,4,72,0
TXN007351,CUST01291,321.85,online,ET,21,mobile,650.12,4,19,0
TXN007352,CUST01471,84.81,online,IN,19,mobile,870.3,3,34,0
TXN007353,CUST01465,7.03,grocery,US,11,mobile,298.63,2,63,0
TXN007354,CUST00895,149.04,restaurant,US,8,mobile,338.14,2,30,0
TXN007355,CUST00652,109.21,online,US,17,tablet,627.64,2,41,0
TXN007356,CUST00841,25.0,grocery,CA,5,mobile,7.41,4,31,0
TXN007357,CUST01026,45.0,online,NG,22,mobile,33.57,5,74,0
TXN007358,CUST00520,32.62,fuel,NG,18,mobile,9.74,7,25,0
TXN007359,CUST00636,238.07,restaurant,GB,19,mobile,125.18,4,27,0
TXN007360,CUST01333,14.94,online,US,22,mobile,572.72,4,45,0
TXN007361,CUST00740,38.32,online,ET,14,mobile,157.2,3,50,0
TXN007362,CUST00469,21.58,restaurant,US,4,desktop,145.91,2,44,0
TXN007363,CUST00212,7.9,travel,IN,10,desktop,315.48,2,19,0
TXN007364,CUST01136,296.38,retail,US,12,desktop,475.98,3,74,0
TXN007365,CUST01032,10.16,electronics,CA,1,desktop,215.85,5,53,0
TXN007366,CUST00804,41.27,online,US,7,mobile,406.33,4,65,0
TXN007367,CUST00477,5.81,grocery,US,10,desktop,34.67,2,40,0
TXN007368,CUST00874,22.22,grocery,GB,17,desktop,126.0,4,49,0
TXN007369,CUST00460,50.5,grocery,GB,9,mobile,81.63,4,28,0
TXN007370,CUST00253,14.52,fuel,ET,0,mobile,72.76,2,41,0
TXN007371,CUST00752,59.55,electronics,CA,3,mobile,43.4,3,70,0
TXN007372,CUST01462,25.3,restaurant,US,16,mobile,403.97,3,32,0
TXN007373,CUST00981,105.64,fuel,NG,16,mobile,107.73,3,42,0
TXN007374,CUST00854,129.25,grocery,ET,4,tablet,136.0,3,39,0
TXN007375,CUST00236,18.42,restaurant,US,22,desktop,58.21,1,40,0
TXN007376,CUST01330,35.76,travel,AE,2,mobile,592.71,3,18,1
TXN007377,CUST00478,39.78,electronics,IN,6,mobile,170.05,2,39,0
TXN007378,CUST00679,61.52,online,GB,4,mobile,0.12,5,43,1
TXN007379,CUST01044,33.6,electronics,US,9,mobile,56.13,3,37,0
TXN007380,CUST00216,40.05,electronics,CA,23,desktop,1320.27,2,27,0
TXN007381,CUST00855,25.96,retail,US,6,desktop,662.38,3,30,0
TXN007382,CUST00135,37.16,retail,GB,16,mobile,141.59,3,38,0
TXN007383,CUST00905,121.26,entertainment,US,16,mobile,149.47,2,42,1
TXN007384,CUST01153,63.19,retail,IN,6,tablet,417.35,4,33,0
TXN007385,CUST00410,66.77,online,CA,5,mobile,221.93,5,32,0
TXN007386,CUST01446,68.24,online,US,8,mobile,484.46,3,22,0
TXN007387,CUST01318,28.39,online,DE,7,mobile,117.41,4,41,0
TXN007388,CUST01270,45.55,entertainment,US,13,mobile,670.6,2,44,0
TXN007389,CUST00086,11.19,online,US,21,desktop,139.6,3,66,0
TXN007390,CUST00556,117.78,grocery,US,5,desktop,186.33,1,68,0
TXN007391,CUST01399,2.05,entertainment,US,8,mobile,15.51,2,62,0
TXN007392,CUST01470,30.35,fuel,IN,19,mobile,170.24,2,51,0
TXN007393,CUST00378,103.64,entertainment,US,10,desktop,262.81,4,57,0
TXN007394,CUST01414,8.47,restaurant,FR,10,mobile,104.14,1,18,0
TXN007395,CUST01075,49.39,restaurant,US,7,mobile,125.65,2,51,0
TXN007396,CUST00242,16.76,restaurant,FR,2,tablet,89.96,1,58,0
TXN007397,CUST01318,22.9,travel,CA,10,desktop,625.52,3,43,0
TXN007398,CUST00920,85.28,grocery,US,3,desktop,116.54,3,29,0
TXN007399,CUST00266,40.37,electronics,IN,22,desktop,24.29,4,26,0
TXN007400,CUST01144,4.33,restaurant,US,2,mobile,5.27,2,50,0
TXN007401,CUST00712,12.47,restaurant,GB,12,tablet,266.48,5,57,0
TXN007402,CUST01272,87.82,fuel,US,18,mobile,142.8,1,44,0
TXN007403,CUST00070,51.88,retail,US,7,mobile,0.5,5,24,0
TXN007404,CUST00057,190.21,grocery,NG,20,mobile,86.78,5,69,0
TXN007405,CUST01406,178.15,online,FR,20,mobile,441.72,3,40,0
TXN007406,CUST00039,23.52,grocery,US,23,mobile,531.33,3,75,0
TXN007407,CUST00801,404.74,grocery,NG,21,mobile,9.91,1,45,1
TXN007408,CUST01467,33.94,fuel,US,20,mobile,23.71,3,59,0
TXN007409,CUST01042,12.65,fuel,CA,0,mobile,0.88,3,50,0
TXN007410,CUST00732,17.57,entertainment,US,20,mobile,365.41,4,32,0
TXN007411,CUST00825,3.47,travel,CA,7,mobile,13.23,3,52,0
TXN007412,CUST00756,165.18,retail,US,8,mobile,20.55,3,67,0
TXN007413,CUST00352,163.17,grocery,US,5,mobile,46.49,3,73,0
TXN007414,CUST01322,12.0,restaurant,IN,10,mobile,448.55,3,42,0
TXN007415,CUST00283,26.37,grocery,US,9,mobile,209.79,1,38,0
TXN007416,CUST00110,36.44,entertainment,US,2,desktop,172.69,4,22,0
TXN007417,CUST01017,12.68,restaurant,US,7,mobile,276.39,3,70,0
TXN007418,CUST01204,5.73,grocery,US,4,mobile,212.73,3,66,0
TXN007419,CUST00544,26.83,online,US,1,tablet,246.62,1,50,0
TXN007420,CUST00025,24.02,grocery,US,15,mobile,13.77,2,41,0
TXN007421,CUST00843,22.46,grocery,US,0,desktop,160.38,4,73,0
TXN007422,CUST00791,41.38,grocery,CA,23,desktop,251.86,0,48,0
TXN007423,CUST00738,138.31,grocery,FR,1,mobile,150.11,5,35,0
TXN007424,CUST00057,24.46,fuel,IN,2,desktop,2.14,4,48,1
TXN007425,CUST00180,39.27,online,CA,8,desktop,42.69,2,20,0
TXN007426,CUST00232,68.5,restaurant,US,16,mobile,592.94,1,51,0
TXN007427,CUST00343,57.64,restaurant,US,23,desktop,219.55,4,41,0
TXN007428,CUST00477,17.91,entertainment,FR,11,desktop,209.95,4,61,0
TXN007429,CUST00576,36.47,travel,GB,1,mobile,194.32,5,58,0
TXN007430,CUST00455,57.26,fuel,US,23,mobile,24.61,2,58,0
TXN007431,CUST01256,10.72,travel,US,1,mobile,0.74,2,47,1
TXN007432,CUST00289,117.16,restaurant,FR,22,mobile,104.58,4,71,0
TXN007433,CUST01237,138.6,retail,CA,18,mobile,105.76,2,28,0
TXN007434,CUST00258,16.07,online,CA,19,mobile,300.65,1,48,0
TXN007435,CUST00530,40.19,grocery,US,16,mobile,36.07,5,43,0
TXN007436,CUST00687,62.95,electronics,CA,16,tablet,57.91,5,43,0
TXN007437,CUST00929,19.19,restaurant,FR,12,desktop,14.67,1,55,0
TXN007438,CUST00229,53.6,restaurant,NG,11,mobile,91.91,3,58,0
TXN007439,CUST01250,38.99,retail,DE,10,mobile,53.23,3,54,0
TXN007440,CUST00596,7.63,retail,CA,10,mobile,54.9,5,43,0
TXN007441,CUST00435,52.41,restaurant,GB,23,desktop,52.76,3,37,0
TXN007442,CUST00882,11.02,electronics,US,7,mobile,47.4,6,38,0
TXN007443,CUST01021,84.71,fuel,US,17,mobile,69.36,1,30,0
TXN007444,CUST00402,16.92,restaurant,NG,3,desktop,138.48,4,73,1
TXN007445,CUST00622,28.18,online,US,17,mobile,103.63,5,63,0
TXN007446,CUST00088,130.62,fuel,CA,14,mobile,11.8,2,65,0
TXN007447,CUST00584,54.4,online,IN,23,tablet,99.88,4,35,0
TXN007448,CUST00309,11.25,fuel,IN,6,mobile,337.07,3,57,0
TXN007449,CUST00906,12.0,fuel,CA,22,desktop,19.11,1,43,0
TXN007450,CUST00343,18.19,retail,US,14,tablet,520.0,2,19,0
TXN007451,CUST00436,49.14,electronics,US,18,mobile,66.42,1,34,0
TXN007452,CUST00177,47.38,retail,IN,20,desktop,2.64,4,60,0
TXN007453,CUST00139,14.25,grocery,US,16,mobile,52.54,5,43,0
TXN007454,CUST00194,10.31,restaurant,IN,9,desktop,13.0,7,55,0
TXN007455,CUST01210,43.89,grocery,US,10,mobile,150.41,3,48,0
TXN007456,CUST01242,27.61,online,CA,13,tablet,68.45,2,38,0
TXN007457,CUST01188,286.35,grocery,US,3,desktop,296.0,3,58,1
TXN007458,CUST01185,34.35,entertainment,US,3,desktop,237.44,2,50,0
TXN007459,CUST00943,203.21,online,IN,0,desktop,113.8,2,60,0
TXN007460,CUST00525,10.27,grocery,CA,11,mobile,148.02,3,29,1
TXN007461,CUST01066,6.87,fuel,US,6,mobile,168.92,1,23,0
TXN007462,CUST00915,10.8,retail,US,4,mobile,56.82,3,40,0
TXN007463,CUST00210,108.76,fuel,DE,0,mobile,27.02,1,32,0
TXN007464,CUST00741,191.73,grocery,US,20,desktop,85.04,3,42,0
TXN007465,CUST00862,15.15,retail,NG,23,desktop,17.94,5,55,0
TXN007466,CUST01299,20.89,fuel,US,7,mobile,68.06,3,48,0
TXN007467,CUST00954,10.29,electronics,US,17,mobile,144.78,3,67,0
TXN007468,CUST01303,5.41,restaurant,US,12,desktop,139.82,3,24,0
TXN007469,CUST01275,67.93,travel,US,16,mobile,23.14,3,46,0
TXN007470,CUST01334,41.39,retail,US,1,desktop,1.51,1,49,1
TXN007471,CUST00833,33.46,restaurant,IN,5,mobile,16.77,2,44,0
TXN007472,CUST00140,8.17,grocery,US,20,mobile,6.63,4,25,0
TXN007473,CUST00792,170.71,retail,US,3,desktop,92.09,1,22,0
TXN007474,CUST00546,20.02,grocery,US,7,mobile,88.9,3,25,0
TXN007475,CUST01017,56.47,retail,CA,14,mobile,49.78,3,49,0
TXN007476,CUST00057,7.73,restaurant,FR,4,desktop,43.67,2,23,0
TXN007477,CUST00112,27.37,travel,FR,19,mobile,90.88,3,45,0
TXN007478,CUST00005,44.32,grocery,US,10,desktop,16.3,1,36,0
TXN007479,CUST01434,45.93,retail,GB,7,tablet,43.41,2,71,0
TXN007480,CUST01438,38.65,fuel,GB,16,desktop,93.66,2,49,0
TXN007481,CUST01206,54.3,retail,US,8,desktop,17.93,2,60,0
TXN007482,CUST01037,10.69,fuel,US,17,mobile,330.78,3,61,0
TXN007483,CUST01363,40.34,restaurant,ET,13,desktop,202.87,6,34,0
TXN007484,CUST01283,37.11,restaurant,US,23,mobile,86.95,4,41,0
TXN007485,CUST00090,41.75,travel,US,8,desktop,29.34,2,28,0
TXN007486,CUST00616,35.6,online,US,9,mobile,38.86,3,29,0
TXN007487,CUST00891,9.27,retail,US,23,mobile,23.03,3,42,0
TXN007488,CUST00698,8.87,electronics,US,19,desktop,31.4,1,56,0
TXN007489,CUST01274,3.62,fuel,CA,1,desktop,98.83,2,25,0
TXN007490,CUST01279,75.0,retail,NG,2,mobile,50.75,5,74,1
TXN007491,CUST00898,75.77,grocery,CA,23,mobile,388.65,2,44,0
TXN007492,CUST00971,76.98,retail,US,4,mobile,583.63,4,25,0
TXN007493,CUST01132,45.01,electronics,ET,3,desktop,211.61,4,43,0
TXN007494,CUST00668,3.92,fuel,FR,2,mobile,297.76,1,53,0
TXN007495,CUST00594,11.86,restaurant,US,18,mobile,53.02,6,38,0
TXN007496,CUST00589,39.27,electronics,CA,9,mobile,196.87,0,35,0
TXN007497,CUST00485,37.92,grocery,DE,6,mobile,10.75,2,34,0
TXN007498,CUST00982,26.5,retail,US,11,mobile,580.37,2,41,0
TXN007499,CUST00972,47.89,entertainment,US,7,mobile,199.67,3,65,0
TXN007500,CUST01282,33.5,grocery,US,4,mobile,68.59,2,40,0
TXN007501,CUST00639,37.37,retail,IN,23,tablet,266.94,1,32,0
TXN007502,CUST00997,17.48,online,US,12,desktop,2.87,2,57,0
TXN007503,CUST00282,88.41,retail,US,8,desktop,84.96,4,30,0
TXN007504,CUST00986,21.53,grocery,US,3,desktop,406.81,1,75,0
TXN007505,CUST01112,8.75,electronics,AE,1,desktop,54.98,1,42,1
TXN007506,CUST01228,15.32,fuel,US,4,mobile,198.43,1,57,0
TXN007507,CUST00016,23.37,grocery,FR,1,mobile,80.36,4,22,0
TXN007508,CUST01175,89.48,travel,GB,17,desktop,89.67,1,56,0
TXN007509,CUST00936,31.74,travel,GB,5,desktop,246.63,3,22,0
TXN007510,CUST00254,27.49,restaurant,AE,10,mobile,433.84,6,31,0
TXN007511,CUST01212,9.5,restaurant,US,9,mobile,32.83,2,18,0
TXN007512,CUST00329,72.64,retail,IN,0,tablet,58.36,4,52,0
TXN007513,CUST00544,17.25,restaurant,AE,1,mobile,120.42,3,34,1
TXN007514,CUST00783,29.96,restaurant,IN,20,mobile,171.26,3,61,0
TXN007515,CUST00997,145.5,online,ET,9,mobile,113.53,3,42,0
TXN007516,CUST01421,55.08,fuel,NG,4,mobile,294.74,1,37,1
TXN007517,CUST01483,6.5,fuel,US,11,desktop,263.06,3,62,0
TXN007518,CUST01354,5.64,fuel,US,18,mobile,93.53,1,50,0
TXN007519,CUST00845,31.05,grocery,US,20,mobile,7.46,5,75,0
TXN007520,CUST01193,9.85,electronics,US,1,mobile,38.93,2,34,0
TXN007521,CUST00366,63.34,fuel,DE,5,desktop,120.13,3,49,0
TXN007522,CUST01202,34.55,retail,US,14,mobile,472.38,4,44,0
TXN007523,CUST00655,39.07,online,US,7,mobile,150.9,2,48,0
TXN007524,CUST01386,16.33,grocery,FR,15,tablet,136.06,8,34,0
TXN007525,CUST00760,188.93,electronics,NG,18,mobile,231.7,1,40,0
TXN007526,CUST00639,568.27,grocery,FR,17,desktop,29.74,2,26,0
TXN007527,CUST01064,25.06,fuel,AE,16,tablet,28.6,3,22,0
TXN007528,CUST00924,47.14,grocery,CA,0,mobile,76.27,1,55,0
TXN007529,CUST00416,36.5,restaurant,NG,10,mobile,948.47,8,68,0
TXN007530,CUST01379,25.54,electronics,US,3,mobile,375.66,4,50,0
TXN007531,CUST00255,14.41,travel,IN,5,mobile,205.16,4,59,0
TXN007532,CUST01167,11.19,electronics,US,6,desktop,89.31,3,70,0
TXN007533,CUST00710,10.64,travel,ET,7,mobile,145.61,1,73,0
TXN007534,CUST00577,49.66,fuel,GB,23,tablet,65.12,2,20,0
TXN007535,CUST00900,19.69,electronics,CA,9,desktop,201.92,5,44,0
TXN007536,CUST00011,2.51,online,DE,16,desktop,97.69,3,63,0
TXN007537,CUST00026,51.67,restaurant,AE,11,mobile,23.05,3,39,0
TXN007538,CUST00957,31.87,electronics,AE,7,mobile,43.59,2,61,0
TXN007539,CUST00421,127.32,online,US,11,mobile,168.89,3,38,0
TXN007540,CUST01245,48.09,travel,US,16,desktop,213.48,2,68,0
TXN007541,CUST00496,7.55,fuel,US,2,mobile,18.17,3,65,0
TXN007542,CUST01261,3.56,online,US,13,desktop,297.37,3,30,0
TXN007543,CUST00237,16.13,entertainment,US,11,mobile,313.06,4,47,0
TXN007544,CUST01009,17.72,travel,DE,4,desktop,231.13,4,46,0
TXN007545,CUST00219,85.04,travel,US,12,mobile,207.13,3,30,0
TXN007546,CUST00461,32.82,fuel,FR,10,mobile,47.48,4,64,0
TXN007547,CUST00663,102.89,restaurant,US,15,mobile,453.78,4,36,0
TXN007548,CUST00635,8.8,electronics,CA,9,mobile,56.3,1,42,0
TXN007549,CUST01168,86.94,online,US,23,mobile,36.27,2,63,0
TXN007550,CUST00990,68.1,grocery,FR,7,desktop,183.17,4,68,0
TXN007551,CUST00189,4.4,travel,FR,5,mobile,81.49,3,58,0
TXN007552,CUST00255,124.29,online,US,19,desktop,486.63,1,69,0
TXN007553,CUST00068,36.36,retail,US,19,desktop,111.0,5,55,0
TXN007554,CUST00616,49.01,retail,US,23,mobile,32.18,7,30,0
TXN007555,CUST00336,13.94,restaurant,ET,2,desktop,568.61,2,42,0
TXN007556,CUST00671,118.54,travel,FR,23,mobile,130.41,2,51,0
TXN007557,CUST00821,10.12,grocery,CA,19,mobile,131.57,4,56,0
TXN007558,CUST00874,76.1,restaurant,US,9,desktop,87.74,4,45,0
TXN007559,CUST01433,75.23,fuel,US,17,tablet,325.41,4,66,0
TXN007560,CUST00300,12.5,grocery,US,9,desktop,61.05,5,61,0
TXN007561,CUST00357,240.66,restaurant,US,12,tablet,2.48,3,24,0
TXN007562,CUST00256,41.74,retail,US,13,desktop,123.79,3,38,0
TXN007563,CUST01008,63.68,entertainment,US,0,desktop,468.39,3,59,0
TXN007564,CUST00353,7.19,entertainment,CA,19,mobile,57.46,1,71,0
TXN007565,CUST00524,275.26,retail,US,14,mobile,55.74,3,42,0
TXN007566,CUST00950,9.73,fuel,US,11,mobile,241.16,4,20,0
TXN007567,CUST00756,92.29,grocery,CA,15,mobile,268.93,1,56,0
TXN007568,CUST00284,12.25,online,GB,6,desktop,102.94,2,32,0
TXN007569,CUST01336,17.83,travel,GB,13,mobile,322.85,1,53,0
TXN007570,CUST00099,72.88,restaurant,US,8,desktop,33.96,4,34,0
TXN007571,CUST00197,92.53,entertainment,ET,8,mobile,82.32,5,62,0
TXN007572,CUST00482,9.29,travel,NG,9,mobile,93.24,3,71,0
TXN007573,CUST00878,98.54,grocery,US,8,mobile,67.52,8,37,0
TXN007574,CUST01250,94.16,restaurant,US,15,mobile,44.2,6,18,0
TXN007575,CUST00615,12.96,restaurant,NG,22,tablet,74.29,2,38,0
TXN007576,CUST00618,163.8,retail,IN,7,desktop,3.27,4,61,0
TXN007577,CUST01389,7.71,online,US,1,mobile,218.74,3,30,0
TXN007578,CUST00368,17.73,online,US,17,desktop,207.34,6,18,0
TXN007579,CUST00570,53.46,travel,ET,23,mobile,107.68,2,18,0
TXN007580,CUST00590,14.1,online,US,17,mobile,70.19,5,60,0
TXN007581,CUST01099,43.11,fuel,NG,11,tablet,102.48,1,70,0
TXN007582,CUST01066,42.14,online,US,23,desktop,496.27,4,69,0
TXN007583,CUST00422,27.47,retail,AE,2,desktop,166.54,5,44,1
TXN007584,CUST00836,76.13,retail,US,1,tablet,236.59,5,27,0
TXN007585,CUST01205,26.35,retail,US,5,mobile,46.93,5,39,0
TXN007586,CUST00545,41.74,fuel,IN,5,mobile,17.92,7,65,0
TXN007587,CUST00071,104.22,retail,US,16,mobile,15.63,2,20,0
TXN007588,CUST01129,73.02,electronics,US,15,desktop,114.97,2,69,0
TXN007589,CUST01224,72.68,retail,AE,22,desktop,227.02,5,62,0
TXN007590,CUST01125,10.49,retail,US,12,desktop,267.8,5,68,0
TXN007591,CUST00768,55.97,retail,US,11,mobile,229.4,3,46,0
TXN007592,CUST00307,13.76,entertainment,US,10,desktop,439.04,4,67,0
TXN007593,CUST00377,9.19,electronics,GB,14,desktop,9.61,1,37,0
TXN007594,CUST00655,30.82,grocery,DE,16,mobile,348.01,1,35,0
TXN007595,CUST00678,13.41,electronics,NG,19,mobile,194.54,3,30,0
TXN007596,CUST00399,73.01,fuel,US,21,desktop,34.74,4,31,0
TXN007597,CUST00221,74.78,restaurant,US,23,desktop,206.44,1,75,0
TXN007598,CUST00182,4.94,travel,US,7,desktop,129.05,4,18,0
TXN007599,CUST00307,14.46,online,AE,6,mobile,80.06,2,49,0
TXN007600,CUST00522,7.69,online,DE,10,mobile,51.29,2,33,0
TXN007601,CUST01420,20.85,retail,NG,20,desktop,112.3,2,38,0
TXN007602,CUST01014,52.2,fuel,IN,21,tablet,49.19,3,44,0
TXN007603,CUST00004,25.99,entertainment,US,7,tablet,15.57,6,39,0
TXN007604,CUST00863,18.36,online,US,18,mobile,336.88,6,64,0
TXN007605,CUST00848,121.53,entertainment,GB,5,desktop,161.74,1,70,0
TXN007606,CUST00804,3.3,restaurant,US,19,mobile,81.37,2,28,0
TXN007607,CUST01305,114.08,restaurant,US,18,desktop,106.53,4,27,0
TXN007608,CUST00215,19.22,retail,AE,18,mobile,360.22,5,64,0
TXN007609,CUST00972,30.63,fuel,US,3,desktop,69.38,5,37,0
TXN007610,CUST01444,19.54,fuel,CA,21,mobile,86.1,2,55,0
TXN007611,CUST00101,154.92,travel,CA,14,desktop,261.5,3,50,0
TXN007612,CUST00963,9.67,electronics,FR,16,desktop,40.28,4,67,0
TXN007613,CUST00573,33.51,online,US,17,mobile,193.8,2,46,0
TXN007614,CUST01333,56.12,grocery,CA,19,mobile,102.55,2,56,0
TXN007615,CUST00658,6.61,travel,US,11,mobile,124.82,7,23,0
TXN007616,CUST00939,13.2,travel,NG,9,mobile,278.26,2,63,0
TXN007617,CUST01087,28.55,online,US,8,mobile,896.57,4,30,0
TXN007618,CUST00226,13.64,online,IN,7,mobile,320.56,4,51,0
TXN007619,CUST00105,14.65,retail,US,7,desktop,31.5,4,59,0
TXN007620,CUST00772,23.34,online,IN,10,tablet,45.78,0,29,0
TXN007621,CUST01449,63.41,retail,NG,22,mobile,94.95,2,38,0
TXN007622,CUST01279,23.51,online,CA,11,mobile,228.64,6,23,0
TXN007623,CUST00429,97.36,online,US,21,mobile,128.17,5,72,0
TXN007624,CUST00434,12.21,grocery,US,22,mobile,417.74,4,25,0
TXN007625,CUST01231,9.47,grocery,FR,5,desktop,8.98,3,70,0
TXN007626,CUST01052,227.32,online,CA,2,mobile,53.84,5,44,0
TXN007627,CUST00682,17.15,electronics,US,14,desktop,44.56,3,35,0
TXN007628,CUST01360,8.93,entertainment,GB,5,mobile,245.38,5,50,0
TXN007629,CUST00588,5.8,online,DE,6,desktop,112.51,2,39,0
TXN007630,CUST01093,97.04,retail,US,5,tablet,2.72,6,23,1
TXN007631,CUST00866,23.54,retail,US,1,mobile,267.25,5,59,0
TXN007632,CUST00746,25.69,grocery,US,5,tablet,80.84,2,56,0
TXN007633,CUST01191,28.24,electronics,US,1,mobile,54.31,3,34,0
TXN007634,CUST00864,91.19,fuel,US,0,mobile,36.32,3,24,0
TXN007635,CUST00368,27.67,restaurant,ET,14,tablet,525.42,2,69,0
TXN007636,CUST00251,345.18,restaurant,US,9,desktop,512.63,1,19,0
TXN007637,CUST00859,37.85,entertainment,US,9,mobile,14.34,3,59,0
TXN007638,CUST00856,95.75,retail,US,9,mobile,47.69,4,32,0
TXN007639,CUST01194,74.09,fuel,IN,4,mobile,186.98,4,58,0
TXN007640,CUST01114,31.93,online,US,3,desktop,199.79,6,57,0
TXN007641,CUST00561,18.41,travel,IN,14,desktop,97.33,3,48,0
TXN007642,CUST01470,46.15,online,US,8,mobile,151.29,4,27,0
TXN007643,CUST00294,55.15,travel,US,15,desktop,218.3,1,61,0
TXN007644,CUST00919,18.68,travel,DE,8,mobile,541.07,4,20,0
TXN007645,CUST01174,39.11,restaurant,US,18,desktop,232.45,3,18,0
TXN007646,CUST01156,114.0,retail,FR,13,mobile,21.03,2,70,0
TXN007647,CUST00433,262.42,fuel,AE,11,mobile,227.75,1,57,1
TXN007648,CUST00059,77.82,fuel,US,11,mobile,12.62,2,35,0
TXN007649,CUST00969,213.31,retail,GB,2,mobile,125.67,2,61,0
TXN007650,CUST00836,17.65,restaurant,CA,18,mobile,134.72,0,73,0
TXN007651,CUST00199,66.81,grocery,AE,10,mobile,271.13,3,58,0
TXN007652,CUST00215,126.28,entertainment,US,4,mobile,2.09,7,23,1
TXN007653,CUST00898,13.51,retail,US,5,mobile,373.94,0,57,0
TXN007654,CUST00472,20.38,online,CA,5,desktop,196.25,0,74,0
TXN007655,CUST00247,188.28,grocery,IN,18,mobile,5.7,7,41,0
TXN007656,CUST00382,12.49,entertainment,US,13,mobile,31.39,4,27,0
TXN007657,CUST00991,8.66,grocery,US,15,tablet,7.26,1,54,0
TXN007658,CUST01263,152.62,online,US,11,mobile,261.39,6,25,0
TXN007659,CUST00927,109.59,restaurant,FR,17,mobile,33.74,3,42,0
TXN007660,CUST01391,51.02,retail,US,21,desktop,8.4,2,59,0
TXN007661,CUST01192,31.64,travel,US,12,mobile,26.73,1,20,0
TXN007662,CUST00560,21.36,retail,GB,19,desktop,147.6,5,40,0
TXN007663,CUST01075,43.9,restaurant,US,8,mobile,123.15,3,42,0
TXN007664,CUST00689,160.74,electronics,US,17,mobile,50.89,3,67,0
TXN007665,CUST00380,42.04,retail,US,3,desktop,515.44,2,71,0
TXN007666,CUST00474,289.15,restaurant,US,10,mobile,347.35,2,56,0
TXN007667,CUST01104,13.49,online,US,17,mobile,67.96,3,26,0
TXN007668,CUST00697,32.47,electronics,US,20,mobile,115.84,3,24,0
TXN007669,CUST01391,22.8,fuel,US,2,mobile,130.93,5,71,0
TXN007670,CUST01485,11.19,grocery,ET,3,mobile,254.04,3,49,0
TXN007671,CUST00911,28.41,travel,US,8,mobile,100.53,7,39,0
TXN007672,CUST01476,50.27,fuel,CA,12,desktop,142.33,10,25,0
TXN007673,CUST01488,55.94,electronics,US,14,desktop,95.76,4,74,0
TXN007674,CUST00960,290.17,grocery,US,9,mobile,259.01,3,33,0
TXN007675,CUST00478,52.69,fuel,NG,20,desktop,146.12,5,60,0
TXN007676,CUST01004,104.6,travel,US,8,desktop,316.62,5,42,0
TXN007677,CUST00926,35.38,grocery,US,15,tablet,9.94,1,39,0
TXN007678,CUST01444,177.34,online,NG,15,mobile,422.39,1,64,0
TXN007679,CUST00707,364.47,retail,DE,12,tablet,308.06,2,44,0
TXN007680,CUST01238,56.32,grocery,FR,4,mobile,307.17,2,31,0
TXN007681,CUST01393,12.27,online,GB,9,desktop,27.21,7,66,0
TXN007682,CUST00854,19.13,fuel,US,23,desktop,55.05,3,32,0
TXN007683,CUST01138,43.9,grocery,IN,0,desktop,706.53,1,53,0
TXN007684,CUST01017,52.27,grocery,NG,2,mobile,540.22,5,30,1
TXN007685,CUST00754,66.58,travel,US,20,desktop,46.24,4,41,0
TXN007686,CUST00503,52.47,entertainment,ET,2,mobile,102.1,5,21,0
TXN007687,CUST00817,33.35,grocery,US,9,desktop,30.52,6,38,0
TXN007688,CUST00588,17.53,entertainment,GB,16,tablet,54.84,3,44,0
TXN007689,CUST01335,49.46,online,US,17,mobile,36.76,4,48,0
TXN007690,CUST01493,211.66,electronics,US,12,mobile,15.19,2,75,0
TXN007691,CUST00708,91.83,online,US,1,mobile,155.93,6,36,0
TXN007692,CUST01068,56.53,retail,US,15,mobile,49.58,3,35,0
TXN007693,CUST01439,92.72,restaurant,US,3,tablet,874.59,2,68,0
TXN007694,CUST01270,22.85,travel,US,21,mobile,130.41,1,60,0
TXN007695,CUST01108,19.92,online,GB,17,mobile,80.08,2,23,0
TXN007696,CUST00207,15.68,grocery,NG,13,desktop,439.87,3,27,0
TXN007697,CUST00151,29.22,grocery,US,5,desktop,174.52,3,25,0
TXN007698,CUST00668,21.71,grocery,NG,10,mobile,24.46,4,37,0
TXN007699,CUST00528,110.86,restaurant,US,16,mobile,123.98,1,21,0
TXN007700,CUST00165,20.59,grocery,AE,7,desktop,104.71,1,69,0
TXN007701,CUST00917,14.84,entertainment,US,2,mobile,260.77,0,21,0
TXN007702,CUST01169,231.04,retail,AE,23,mobile,213.02,1,28,0
TXN007703,CUST01010,21.09,grocery,GB,2,mobile,83.39,1,25,0
TXN007704,CUST00037,38.61,travel,US,16,desktop,114.1,4,36,0
TXN007705,CUST00333,52.0,grocery,US,3,mobile,131.66,2,50,0
TXN007706,CUST00403,10.63,grocery,IN,18,desktop,98.82,2,38,0
TXN007707,CUST00414,113.92,restaurant,ET,7,desktop,20.52,4,34,0
TXN007708,CUST00045,62.62,electronics,US,16,mobile,424.54,2,71,0
TXN007709,CUST01426,157.34,retail,US,21,desktop,200.96,2,70,0
TXN007710,CUST00206,16.79,electronics,FR,4,mobile,114.18,8,55,0
TXN007711,CUST00062,36.57,travel,IN,10,desktop,151.74,3,38,0
TXN007712,CUST00420,34.44,restaurant,US,11,tablet,43.15,5,68,0
TXN007713,CUST00868,43.12,grocery,NG,20,mobile,136.12,2,65,0
TXN007714,CUST01492,7.73,retail,US,14,desktop,246.7,2,75,0
TXN007715,CUST00820,37.0,grocery,IN,11,mobile,137.32,1,28,0
TXN007716,CUST00019,7.95,retail,FR,21,mobile,117.94,4,75,0
TXN007717,CUST00365,47.39,grocery,US,6,mobile,111.71,4,42,0
TXN007718,CUST01324,3.94,online,US,23,desktop,258.1,8,65,0
TXN007719,CUST01031,5.2,retail,GB,2,mobile,251.95,5,61,0
TXN007720,CUST00428,75.08,grocery,CA,9,mobile,249.58,7,18,0
TXN007721,CUST01141,19.17,electronics,NG,15,desktop,50.87,1,61,0
TXN007722,CUST00580,12.33,entertainment,FR,0,desktop,173.17,7,40,0
TXN007723,CUST00546,118.02,grocery,US,20,desktop,271.65,2,20,0
TXN007724,CUST00325,45.95,fuel,IN,10,mobile,148.55,2,35,0
TXN007725,CUST00055,79.21,grocery,CA,16,desktop,271.71,3,29,0
TXN007726,CUST00778,28.04,restaurant,AE,13,tablet,346.84,5,60,0
TXN007727,CUST00992,482.81,grocery,AE,17,mobile,34.38,3,23,1
TXN007728,CUST00042,18.09,retail,NG,11,desktop,65.84,0,36,0
TXN007729,CUST01321,189.52,restaurant,US,15,mobile,165.52,6,25,0
TXN007730,CUST00231,31.14,grocery,CA,7,desktop,61.57,3,29,0
TXN007731,CUST00453,6.33,online,US,2,desktop,510.62,4,40,0
TXN007732,CUST00394,53.67,electronics,US,10,tablet,38.85,2,25,0
TXN007733,CUST01382,45.37,electronics,US,14,mobile,79.48,4,21,0
TXN007734,CUST01468,11.57,grocery,AE,3,desktop,930.31,1,55,1
TXN007735,CUST01152,13.17,fuel,US,15,mobile,37.75,3,23,0
TXN007736,CUST00691,32.31,online,US,21,mobile,107.22,2,73,0
TXN007737,CUST01429,46.98,electronics,US,23,mobile,67.78,4,74,0
TXN007738,CUST00392,2.8,grocery,US,16,mobile,298.74,3,44,0
TXN007739,CUST01217,94.93,online,GB,13,mobile,65.27,4,39,0
TXN007740,CUST00604,20.2,fuel,US,1,tablet,31.69,3,75,0
TXN007741,CUST00881,8.74,restaurant,US,21,mobile,486.91,6,38,1
TXN007742,CUST01102,84.87,grocery,US,14,mobile,68.73,2,75,0
TXN007743,CUST00085,32.34,restaurant,US,23,tablet,243.69,1,26,0
TXN007744,CUST01054,111.74,fuel,US,7,mobile,61.79,0,21,0
TXN007745,CUST00049,51.31,retail,AE,12,desktop,35.41,5,75,0
TXN007746,CUST01169,33.07,grocery,AE,2,mobile,291.88,2,46,1
TXN007747,CUST00069,28.43,restaurant,US,3,mobile,10.29,2,61,0
TXN007748,CUST01082,53.66,grocery,US,3,mobile,72.62,1,32,0
TXN007749,CUST00697,21.9,restaurant,IN,3,mobile,272.61,4,46,0
TXN007750,CUST00479,14.12,electronics,US,1,desktop,129.19,2,50,0
TXN007751,CUST00820,60.94,retail,CA,12,desktop,210.57,2,26,0
TXN007752,CUST01469,28.66,grocery,CA,21,desktop,12.45,2,31,0
TXN007753,CUST01320,34.25,fuel,ET,7,mobile,249.4,3,54,0
TXN007754,CUST01195,98.43,electronics,IN,8,mobile,33.96,0,40,0
TXN007755,CUST00147,29.55,entertainment,US,0,desktop,297.71,1,46,0
TXN007756,CUST01330,33.62,online,US,0,mobile,149.49,2,75,0
TXN007757,CUST01016,18.18,grocery,GB,8,desktop,241.89,3,44,0
TXN007758,CUST00609,50.94,retail,IN,10,mobile,43.08,4,23,0
TXN007759,CUST00446,46.98,grocery,NG,15,tablet,90.58,0,20,0
TXN007760,CUST00221,81.51,online,GB,3,mobile,291.57,2,56,0
TXN007761,CUST01402,18.56,retail,AE,14,mobile,435.05,3,24,0
TXN007762,CUST01290,20.95,grocery,US,6,mobile,46.25,3,64,0
TXN007763,CUST00095,73.12,online,US,1,mobile,283.85,4,72,0
TXN007764,CUST00262,42.62,entertainment,US,9,desktop,20.68,2,43,0
TXN007765,CUST00897,13.38,retail,US,16,tablet,99.84,3,28,0
TXN007766,CUST01095,122.31,fuel,GB,10,mobile,502.61,2,36,0
TXN007767,CUST00219,6.06,restaurant,NG,22,mobile,522.52,3,36,0
TXN007768,CUST00092,72.55,fuel,GB,21,mobile,63.35,2,67,0
TXN007769,CUST00127,9.34,fuel,GB,18,mobile,38.58,2,70,0
TXN007770,CUST00080,218.28,fuel,US,9,mobile,29.14,2,31,0
TXN007771,CUST01262,7.07,retail,GB,3,desktop,118.01,2,22,0
TXN007772,CUST00983,104.82,grocery,US,12,desktop,17.39,2,37,0
TXN007773,CUST01396,30.52,grocery,GB,0,desktop,79.45,1,75,0
TXN007774,CUST00916,22.95,online,US,6,desktop,3.09,4,26,0
TXN007775,CUST00486,39.86,retail,CA,8,desktop,54.05,4,67,0
TXN007776,CUST00694,62.3,travel,US,0,mobile,414.96,2,28,0
TXN007777,CUST00025,13.4,retail,CA,17,mobile,106.62,2,50,0
TXN007778,CUST00156,14.65,retail,US,17,mobile,13.79,4,30,0
TXN007779,CUST00632,63.41,retail,US,15,mobile,187.35,4,75,0
TXN007780,CUST01081,6.01,retail,US,21,mobile,560.75,4,60,0
TXN007781,CUST00019,18.46,retail,DE,15,mobile,112.05,2,58,0
TXN007782,CUST01408,692.76,entertainment,DE,4,mobile,176.21,3,21,1
TXN007783,CUST01217,12.58,fuel,NG,13,desktop,453.33,3,53,0
TXN007784,CUST00237,104.36,grocery,GB,21,desktop,97.77,2,59,0
TXN007785,CUST01411,18.43,grocery,US,0,mobile,196.63,5,64,0
TXN007786,CUST01450,55.09,grocery,ET,5,desktop,104.59,2,45,0
TXN007787,CUST00277,63.71,grocery,US,5,desktop,589.25,1,41,0
TXN007788,CUST01251,102.41,grocery,US,22,mobile,126.14,3,72,0
TXN007789,CUST00745,27.11,retail,FR,11,tablet,390.33,2,60,0
TXN007790,CUST00552,241.99,fuel,US,17,mobile,127.38,0,18,0
TXN007791,CUST01347,18.37,restaurant,US,21,desktop,198.68,1,75,0
TXN007792,CUST01177,41.86,entertainment,FR,8,tablet,87.84,4,36,0
TXN007793,CUST00639,42.32,travel,FR,15,desktop,449.21,4,75,0
TXN007794,CUST00237,10.78,grocery,ET,14,desktop,187.4,4,39,0
TXN007795,CUST00998,24.88,retail,US,1,tablet,3.62,5,33,1
TXN007796,CUST00055,38.92,electronics,AE,4,mobile,2.84,2,39,1
TXN007797,CUST01460,21.5,fuel,DE,22,mobile,202.96,4,55,0
TXN007798,CUST00684,380.29,restaurant,AE,20,desktop,21.84,1,71,1
TXN007799,CUST00109,14.32,travel,DE,12,desktop,226.68,4,41,0
TXN007800,CUST01208,107.71,entertainment,CA,18,desktop,69.95,1,40,0
TXN007801,CUST01392,77.98,grocery,US,0,tablet,139.35,1,45,0
TXN007802,CUST01222,32.66,retail,DE,15,mobile,34.5,2,52,0
TXN007803,CUST01395,13.94,grocery,DE,6,desktop,50.88,3,21,0
TXN007804,CUST00373,15.36,online,US,12,tablet,103.38,3,20,0
TXN007805,CUST00973,19.73,retail,DE,23,mobile,197.11,7,58,1
TXN007806,CUST00201,5.55,retail,CA,21,tablet,30.47,5,70,0
TXN007807,CUST00849,12.14,restaurant,CA,15,mobile,59.45,2,74,0
TXN007808,CUST00509,7.52,grocery,US,11,tablet,41.74,7,72,0
TXN007809,CUST01346,127.21,fuel,US,6,tablet,357.37,3,49,0
TXN007810,CUST00275,61.46,grocery,US,13,mobile,187.95,1,65,0
TXN007811,CUST00211,72.67,travel,FR,17,mobile,113.77,4,34,0
TXN007812,CUST00504,59.67,entertainment,US,20,mobile,528.55,4,74,0
TXN007813,CUST01142,39.13,online,US,18,mobile,239.61,3,35,0
TXN007814,CUST00703,142.69,restaurant,IN,12,mobile,484.48,4,62,0
TXN007815,CUST00042,17.98,travel,US,1,mobile,163.85,2,27,0
TXN007816,CUST00315,36.84,retail,GB,18,mobile,26.74,2,48,0
TXN007817,CUST00788,69.9,online,IN,3,mobile,202.54,2,67,0
TXN007818,CUST00329,8.84,fuel,CA,13,tablet,40.5,7,53,0
TXN007819,CUST01041,732.59,electronics,ET,1,mobile,76.43,3,23,1
TXN007820,CUST00283,34.08,restaurant,IN,17,desktop,128.26,4,23,0
TXN007821,CUST00943,38.17,restaurant,AE,23,mobile,30.82,1,75,0
TXN007822,CUST00258,116.38,online,CA,18,desktop,3.78,3,42,0
TXN007823,CUST00575,82.68,restaurant,US,18,tablet,71.3,4,74,0
TXN007824,CUST00574,34.4,online,US,3,mobile,313.03,2,33,0
TXN007825,CUST00612,37.72,fuel,AE,20,mobile,2.79,1,69,1
TXN007826,CUST01043,7.36,fuel,AE,18,desktop,20.86,7,70,0
TXN007827,CUST00837,18.98,grocery,AE,21,mobile,295.98,3,31,0
TXN007828,CUST00423,55.55,fuel,CA,2,mobile,65.71,2,20,0
TXN007829,CUST01490,51.62,fuel,US,7,mobile,501.13,5,60,0
TXN007830,CUST01397,112.3,grocery,US,3,mobile,86.12,10,70,0
TXN007831,CUST00758,29.36,grocery,US,20,desktop,286.76,2,40,0
TXN007832,CUST00763,8.27,online,FR,2,tablet,53.9,2,62,0
TXN007833,CUST01105,95.27,electronics,US,4,desktop,11.49,4,19,0
TXN007834,CUST00424,139.22,grocery,US,10,mobile,383.99,3,75,0
TXN007835,CUST00429,81.31,grocery,AE,22,mobile,471.85,5,67,0
TXN007836,CUST01412,28.12,grocery,US,18,tablet,221.64,1,18,0
TXN007837,CUST00204,94.1,retail,IN,18,tablet,264.59,2,32,0
TXN007838,CUST00196,1021.38,fuel,US,16,mobile,1.29,2,30,1
TXN007839,CUST00728,37.16,online,IN,1,tablet,252.31,2,32,0
TXN007840,CUST00285,8.92,retail,US,19,tablet,115.03,7,19,0
TXN007841,CUST00196,18.43,online,US,8,mobile,108.53,2,38,0
TXN007842,CUST00307,61.9,fuel,GB,2,desktop,139.8,3,42,0
TXN007843,CUST00014,6.65,restaurant,NG,9,desktop,56.95,3,22,0
TXN007844,CUST01170,39.23,online,US,20,mobile,214.5,3,44,0
TXN007845,CUST01081,48.44,grocery,DE,8,mobile,63.07,2,74,0
TXN007846,CUST00723,153.72,electronics,IN,19,mobile,147.21,1,35,0
TXN007847,CUST00780,122.76,grocery,US,3,tablet,26.51,4,45,0
TXN007848,CUST01234,78.62,restaurant,AE,21,desktop,202.35,4,48,0
TXN007849,CUST00529,3.81,grocery,US,6,mobile,37.84,1,48,0
TXN007850,CUST00798,83.18,electronics,US,11,mobile,33.63,3,39,0
TXN007851,CUST00344,67.06,entertainment,US,10,mobile,4.42,4,66,0
TXN007852,CUST01303,42.77,electronics,US,21,mobile,23.38,2,45,0
TXN007853,CUST00209,5.87,entertainment,US,14,desktop,47.65,5,34,0
TXN007854,CUST00641,15.23,online,US,19,mobile,45.26,6,36,0
TXN007855,CUST01359,10.31,travel,US,13,mobile,71.46,2,22,0
TXN007856,CUST01312,4.41,restaurant,GB,6,mobile,10.07,4,72,0
TXN007857,CUST00252,33.02,retail,GB,14,desktop,492.56,0,65,0
TXN007858,CUST01289,14.91,grocery,CA,13,desktop,22.84,3,33,0
TXN007859,CUST00271,457.28,fuel,US,10,mobile,217.9,2,75,0
TXN007860,CUST00920,27.97,online,IN,9,desktop,137.86,4,72,0
TXN007861,CUST00419,120.75,travel,US,18,desktop,144.85,6,64,0
TXN007862,CUST00795,6.9,restaurant,US,2,mobile,20.07,2,66,0
TXN007863,CUST01235,19.49,travel,CA,11,tablet,50.16,4,48,0
TXN007864,CUST01389,36.48,retail,FR,12,mobile,272.45,4,35,0
TXN007865,CUST01100,13.35,entertainment,US,6,tablet,112.15,4,18,0
TXN007866,CUST01345,21.71,retail,US,11,mobile,109.94,1,66,0
TXN007867,CUST00725,26.63,restaurant,AE,21,mobile,142.1,3,53,0
TXN007868,CUST00433,26.21,electronics,US,1,mobile,102.39,3,32,0
TXN007869,CUST00109,211.69,grocery,US,0,mobile,295.31,2,66,0
TXN007870,CUST00641,48.34,retail,IN,5,tablet,248.6,0,21,0
TXN007871,CUST01071,53.49,restaurant,US,18,mobile,68.63,1,60,0
TXN007872,CUST00379,56.81,electronics,CA,5,desktop,300.91,1,52,0
TXN007873,CUST01120,61.11,retail,US,12,desktop,131.59,0,40,0
TXN007874,CUST00958,30.48,online,US,3,mobile,177.87,2,48,0
TXN007875,CUST00103,24.03,online,US,13,tablet,362.02,1,58,0
TXN007876,CUST00892,39.13,grocery,CA,15,mobile,116.33,0,28,0
TXN007877,CUST00854,105.3,travel,US,1,tablet,254.1,4,44,0
TXN007878,CUST01170,102.13,retail,CA,8,desktop,178.04,0,59,0
TXN007879,CUST01051,26.04,online,IN,12,desktop,100.16,3,55,0
TXN007880,CUST00530,71.37,restaurant,ET,20,mobile,280.1,3,22,0
TXN007881,CUST00679,27.26,grocery,US,13,desktop,20.0,2,38,0
TXN007882,CUST00989,34.26,electronics,US,13,mobile,156.67,0,30,0
TXN007883,CUST01106,20.62,online,US,4,desktop,8.55,2,29,0
TXN007884,CUST00428,27.61,grocery,US,1,mobile,30.56,1,73,0
TXN007885,CUST00822,126.64,online,IN,4,mobile,164.43,1,35,0
TXN007886,CUST01186,36.32,online,IN,5,mobile,66.17,4,42,0
TXN007887,CUST00932,37.91,entertainment,US,1,tablet,54.8,2,66,0
TXN007888,CUST01426,7.79,grocery,US,0,desktop,561.58,5,69,0
TXN007889,CUST01062,24.31,entertainment,NG,15,desktop,82.0,6,26,0
TXN007890,CUST00511,26.02,online,ET,21,desktop,149.73,3,38,0
TXN007891,CUST00393,14.45,electronics,US,8,desktop,137.54,4,31,0
TXN007892,CUST00713,33.84,retail,US,13,mobile,11.52,4,60,0
TXN007893,CUST00494,21.56,grocery,US,8,desktop,201.91,1,32,0
TXN007894,CUST01224,35.87,online,NG,4,tablet,129.47,2,62,1
TXN007895,CUST01279,37.39,restaurant,US,14,mobile,86.46,2,53,0
TXN007896,CUST01203,12.73,online,ET,9,desktop,12.29,1,73,0
TXN007897,CUST00547,22.23,online,US,14,desktop,62.41,4,27,0
TXN007898,CUST00594,35.78,grocery,IN,16,mobile,387.9,5,65,0
TXN007899,CUST00389,108.23,fuel,US,2,tablet,34.35,4,64,0
TXN007900,CUST01422,42.81,online,US,7,mobile,44.57,7,55,0
TXN007901,CUST00158,17.08,fuel,US,3,mobile,41.36,4,21,0
TXN007902,CUST01028,49.35,grocery,CA,10,tablet,398.63,4,72,0
TXN007903,CUST00167,182.65,restaurant,US,18,desktop,216.71,2,61,0
TXN007904,CUST01492,82.82,online,GB,13,mobile,384.43,4,33,0
TXN007905,CUST00960,57.26,grocery,US,17,mobile,441.08,4,70,0
TXN007906,CUST00409,68.41,fuel,US,20,tablet,473.51,1,64,0
TXN007907,CUST01436,139.76,grocery,US,1,mobile,119.7,1,74,0
TXN007908,CUST01228,97.09,electronics,CA,8,mobile,116.4,1,66,0
TXN007909,CUST00194,58.37,entertainment,US,9,mobile,317.82,3,56,0
TXN007910,CUST00235,96.41,fuel,US,12,tablet,72.6,2,71,0
TXN007911,CUST00718,11.23,online,CA,18,desktop,4.04,3,63,0
TXN007912,CUST01174,7.37,retail,US,3,desktop,72.5,2,62,0
TXN007913,CUST01183,38.75,fuel,US,15,desktop,226.8,0,50,0
TXN007914,CUST01303,35.47,online,US,11,tablet,23.75,3,55,0
TXN007915,CUST00816,19.22,retail,US,15,tablet,276.5,2,28,0
TXN007916,CUST00404,75.63,fuel,DE,16,desktop,304.19,2,75,0
TXN007917,CUST00893,5.14,online,US,15,desktop,19.15,3,23,0
TXN007918,CUST00678,19.4,electronics,US,6,mobile,18.53,3,45,0
TXN007919,CUST01335,20.39,retail,ET,1,mobile,39.9,3,27,0
TXN007920,CUST00068,6.45,restaurant,US,8,desktop,79.32,4,49,0
TXN007921,CUST01487,147.63,grocery,CA,11,desktop,136.95,5,74,0
TXN007922,CUST00088,8.51,restaurant,US,12,tablet,119.64,1,27,0
TXN007923,CUST00217,18.39,grocery,FR,13,mobile,345.32,1,33,0
TXN007924,CUST00001,82.1,restaurant,DE,11,desktop,27.62,4,24,0
TXN007925,CUST01159,63.18,entertainment,ET,2,desktop,215.26,3,47,0
TXN007926,CUST01375,10.93,online,NG,21,desktop,143.29,0,50,0
TXN007927,CUST00140,65.53,grocery,FR,20,mobile,240.29,2,21,0
TXN007928,CUST00618,44.25,entertainment,AE,15,desktop,75.32,3,22,0
TXN007929,CUST00133,341.39,travel,US,17,mobile,114.75,3,36,0
TXN007930,CUST00178,49.6,online,US,2,desktop,5.22,3,74,0
TXN007931,CUST00810,28.75,electronics,IN,21,desktop,22.22,4,28,0
TXN007932,CUST01382,14.06,retail,NG,8,mobile,84.6,4,73,0
TXN007933,CUST00380,15.73,restaurant,US,14,desktop,118.14,3,70,0
TXN007934,CUST00908,14.5,grocery,US,7,tablet,16.14,2,53,0
TXN007935,CUST00658,130.46,restaurant,AE,9,mobile,313.72,4,51,0
TXN007936,CUST00450,33.72,fuel,US,20,desktop,525.55,2,28,0
TXN007937,CUST00586,58.28,online,US,21,mobile,163.32,4,56,0
TXN007938,CUST00463,150.54,restaurant,GB,2,desktop,9.88,2,72,0
TXN007939,CUST00990,3.13,grocery,US,4,mobile,241.66,2,32,0
TXN007940,CUST01132,118.97,fuel,US,5,mobile,44.07,3,22,0
TXN007941,CUST00122,35.0,fuel,ET,13,desktop,238.13,2,24,0
TXN007942,CUST00017,51.16,electronics,US,18,mobile,102.56,3,28,0
TXN007943,CUST01220,14.46,entertainment,IN,17,mobile,9.88,0,48,0
TXN007944,CUST00327,15.56,retail,IN,6,tablet,58.82,2,38,0
TXN007945,CUST00318,53.99,restaurant,ET,3,desktop,100.25,4,36,0
TXN007946,CUST00809,359.46,online,IN,2,desktop,239.9,4,30,1
TXN007947,CUST01276,90.32,grocery,US,12,desktop,25.7,3,47,0
TXN007948,CUST00503,117.39,fuel,CA,3,desktop,60.89,2,72,0
TXN007949,CUST00119,27.33,electronics,AE,8,mobile,15.7,3,39,0
TXN007950,CUST00710,18.17,restaurant,US,5,mobile,172.19,4,57,0
TXN007951,CUST00045,15.17,fuel,US,10,mobile,115.73,4,32,0
TXN007952,CUST00314,20.32,entertainment,CA,8,desktop,476.13,3,35,0
TXN007953,CUST01203,4.25,grocery,GB,8,mobile,242.86,6,52,0
TXN007954,CUST00418,16.04,grocery,FR,21,desktop,270.82,1,35,0
TXN007955,CUST00556,18.91,electronics,GB,20,mobile,32.33,3,62,0
TXN007956,CUST01102,27.79,online,FR,18,desktop,55.82,6,24,0
TXN007957,CUST00326,37.78,entertainment,GB,0,desktop,129.56,3,48,0
TXN007958,CUST01381,47.58,online,US,3,mobile,2.44,1,20,1
TXN007959,CUST01440,32.62,online,US,0,mobile,367.42,2,52,0
TXN007960,CUST00515,18.51,entertainment,ET,12,desktop,270.7,4,25,0
TXN007961,CUST00214,4.65,online,US,15,desktop,10.74,3,46,0
TXN007962,CUST00074,18.63,online,IN,11,desktop,340.33,6,55,0
TXN007963,CUST00509,12.52,online,AE,0,mobile,0.81,7,32,1
TXN007964,CUST00332,52.78,retail,GB,14,tablet,21.83,2,19,0
TXN007965,CUST01117,82.21,restaurant,IN,21,desktop,10.25,4,23,0
TXN007966,CUST00688,84.65,restaurant,CA,4,mobile,117.42,0,64,0
TXN007967,CUST00657,70.59,grocery,US,22,mobile,275.89,4,30,0
TXN007968,CUST01293,28.98,entertainment,CA,0,desktop,35.4,1,32,0
TXN007969,CUST01400,19.65,electronics,US,16,mobile,265.71,2,33,0
TXN007970,CUST01028,15.69,electronics,US,7,tablet,36.81,3,40,0
TXN007971,CUST01162,7.33,retail,US,21,desktop,838.85,3,65,0
TXN007972,CUST01255,89.29,retail,FR,7,mobile,345.7,2,56,0
TXN007973,CUST00600,27.81,retail,US,21,tablet,240.54,3,56,0
TXN007974,CUST01076,9.52,grocery,US,21,mobile,161.23,5,71,0
TXN007975,CUST00325,14.49,retail,US,14,mobile,50.0,5,62,0
TXN007976,CUST00992,13.92,restaurant,US,22,desktop,22.86,3,39,0
TXN007977,CUST00717,34.57,grocery,US,11,desktop,111.02,2,35,0
TXN007978,CUST00723,96.3,electronics,US,15,mobile,92.75,4,21,0
TXN007979,CUST00277,23.38,travel,FR,17,mobile,202.02,1,53,0
TXN007980,CUST00536,3.48,grocery,US,2,mobile,33.56,1,37,0
TXN007981,CUST00152,27.41,online,US,3,desktop,148.65,3,31,0
TXN007982,CUST00955,28.33,entertainment,US,14,desktop,212.77,2,37,0
TXN007983,CUST00259,26.45,electronics,GB,13,desktop,63.94,3,28,0
TXN007984,CUST00324,17.68,electronics,ET,0,desktop,272.55,2,18,0
TXN007985,CUST01017,41.16,electronics,IN,19,mobile,101.76,2,23,0
TXN007986,CUST00869,35.38,retail,FR,16,desktop,31.95,1,33,0
TXN007987,CUST01192,32.3,grocery,US,16,mobile,38.99,1,63,0
TXN007988,CUST00688,50.03,travel,US,21,mobile,58.86,0,72,0
TXN007989,CUST00310,21.55,restaurant,US,17,desktop,30.98,1,70,0
TXN007990,CUST00803,20.36,retail,CA,0,mobile,148.97,2,53,0
TXN007991,CUST01080,131.65,grocery,US,1,mobile,536.17,7,41,0
TXN007992,CUST00620,57.94,electronics,GB,22,mobile,407.53,3,28,0
TXN007993,CUST00473,75.71,electronics,US,15,mobile,70.42,2,19,0
TXN007994,CUST01320,112.86,retail,US,13,mobile,360.01,5,41,0
TXN007995,CUST00461,56.03,restaurant,US,19,mobile,554.33,5,69,0
TXN007996,CUST01348,83.8,online,ET,22,mobile,62.71,4,21,0
TXN007997,CUST00814,6.83,grocery,US,22,mobile,424.24,2,19,0
TXN007998,CUST00846,40.62,retail,CA,19,mobile,1073.43,3,57,0
TXN007999,CUST01165,27.59,online,US,17,mobile,287.62,1,26,0
TXN008000,CUST00667,177.27,online,US,8,desktop,89.04,5,66,0
TXN008001,CUST00262,83.73,travel,US,13,mobile,168.82,1,57,0
TXN008002,CUST01444,17.63,electronics,US,12,desktop,81.51,5,36,0
TXN008003,CUST01265,48.08,restaurant,US,13,mobile,992.13,3,56,0
TXN008004,CUST00355,39.16,online,US,18,mobile,12.65,2,35,0
TXN008005,CUST00770,52.16,retail,US,16,mobile,402.42,5,26,0
TXN008006,CUST00180,11.96,electronics,AE,7,mobile,13.95,6,61,0
TXN008007,CUST00066,47.47,retail,US,3,mobile,7.76,4,46,0
TXN008008,CUST00820,26.36,grocery,US,8,mobile,506.23,6,34,0
TXN008009,CUST01372,43.92,retail,CA,23,mobile,363.52,4,70,0
TXN008010,CUST00171,16.05,electronics,GB,10,desktop,80.77,2,57,0
TXN008011,CUST00474,18.45,electronics,US,6,mobile,568.62,5,68,0
TXN008012,CUST00534,107.11,travel,CA,14,mobile,356.3,2,22,0
TXN008013,CUST01391,11.57,fuel,FR,17,desktop,418.07,2,56,0
TXN008014,CUST01131,12.46,fuel,US,19,mobile,162.75,5,44,0
TXN008015,CUST00439,31.45,travel,US,4,mobile,572.03,3,61,0
TXN008016,CUST00835,15.3,online,US,15,mobile,298.54,8,32,0
TXN008017,CUST00227,13.67,grocery,US,20,mobile,506.27,0,74,0
TXN008018,CUST01468,36.78,restaurant,IN,11,mobile,59.51,1,60,0
TXN008019,CUST00442,7.35,electronics,US,16,tablet,136.71,3,42,0
TXN008020,CUST00396,12.09,online,US,14,desktop,364.03,2,38,0
TXN008021,CUST00728,258.29,online,IN,20,mobile,156.03,1,57,0
TXN008022,CUST00084,52.43,fuel,DE,18,mobile,290.69,2,44,0
TXN008023,CUST01037,15.7,fuel,CA,23,mobile,650.79,1,40,0
TXN008024,CUST00693,50.31,restaurant,DE,6,mobile,293.85,1,35,0
TXN008025,CUST00493,58.4,fuel,DE,20,desktop,68.2,2,31,0
TXN008026,CUST01292,89.52,grocery,FR,11,mobile,22.74,2,30,0
TXN008027,CUST01144,29.16,fuel,US,16,mobile,57.33,2,58,0
TXN008028,CUST00970,87.93,grocery,US,6,mobile,195.67,4,38,0
TXN008029,CUST00353,4.31,fuel,US,10,tablet,1.98,1,69,0
TXN008030,CUST01081,11.52,online,US,0,mobile,37.87,4,43,0
TXN008031,CUST00040,39.01,travel,US,16,desktop,71.26,3,58,0
TXN008032,CUST01360,46.05,fuel,CA,21,desktop,374.62,2,75,0
TXN008033,CUST00640,13.31,grocery,US,6,mobile,9.42,1,51,0
TXN008034,CUST00173,42.92,restaurant,US,1,mobile,9.22,3,24,0
TXN008035,CUST00259,17.75,online,GB,10,mobile,144.45,2,19,0
TXN008036,CUST00517,25.1,entertainment,CA,15,mobile,35.23,1,31,0
TXN008037,CUST00730,92.28,electronics,AE,14,desktop,49.92,2,63,0
TXN008038,CUST00523,82.18,restaurant,ET,7,desktop,36.65,3,25,0
TXN008039,CUST00839,12.22,online,IN,14,mobile,156.84,3,66,0
TXN008040,CUST00117,11.5,online,CA,6,mobile,10.29,5,45,0
TXN008041,CUST00184,21.95,electronics,DE,4,desktop,506.41,2,27,0
TXN008042,CUST01140,32.24,retail,AE,7,tablet,23.65,3,51,0
TXN008043,CUST00162,17.15,online,AE,1,tablet,545.07,1,36,1
TXN008044,CUST00543,93.75,grocery,DE,5,desktop,271.02,3,46,0
TXN008045,CUST01261,46.87,restaurant,US,3,mobile,316.86,2,33,0
TXN008046,CUST00839,49.7,travel,US,6,mobile,34.15,3,50,0
TXN008047,CUST01090,9.33,fuel,NG,5,mobile,199.37,0,23,1
TXN008048,CUST01094,106.41,restaurant,FR,21,desktop,305.76,2,66,0
TXN008049,CUST00447,1.97,retail,AE,4,mobile,146.97,2,62,1
TXN008050,CUST00416,76.25,restaurant,US,4,desktop,144.16,2,29,0
TXN008051,CUST00532,84.29,online,US,17,desktop,31.26,2,44,0
TXN008052,CUST00441,21.49,grocery,US,10,mobile,96.27,4,68,0
TXN008053,CUST00738,118.26,retail,AE,22,tablet,29.37,5,18,0
TXN008054,CUST00464,31.09,entertainment,NG,22,mobile,649.2,3,36,0
TXN008055,CUST00396,35.25,restaurant,US,7,mobile,207.85,4,41,0
TXN008056,CUST00711,46.5,retail,GB,19,desktop,8.93,6,70,0
TXN008057,CUST00395,801.57,restaurant,US,10,tablet,116.59,3,43,0
TXN008058,CUST00326,127.03,fuel,US,18,desktop,182.88,1,74,0
TXN008059,CUST01115,66.76,entertainment,US,18,desktop,18.1,3,24,0
TXN008060,CUST00750,13.29,fuel,FR,1,desktop,196.85,1,24,0
TXN008061,CUST01094,38.23,retail,NG,9,mobile,35.13,0,40,0
TXN008062,CUST01190,14.69,retail,US,6,desktop,94.33,5,55,0
TXN008063,CUST00642,75.35,retail,US,11,mobile,176.82,2,25,0
TXN008064,CUST00214,38.11,restaurant,GB,1,mobile,81.76,2,58,0
TXN008065,CUST01359,10.76,restaurant,US,6,desktop,86.3,3,23,0
TXN008066,CUST00369,35.91,online,IN,18,desktop,333.98,2,58,0
TXN008067,CUST00049,14.16,fuel,NG,0,mobile,66.6,3,72,0
TXN008068,CUST01076,38.52,online,US,10,mobile,191.66,1,60,0
TXN008069,CUST01313,14.03,grocery,US,7,tablet,340.47,3,18,0
TXN008070,CUST01263,34.04,entertainment,US,7,mobile,29.82,3,18,0
TXN008071,CUST00133,70.14,retail,US,13,tablet,8.46,2,42,0
TXN008072,CUST00999,31.4,electronics,GB,12,desktop,314.28,2,30,0
TXN008073,CUST00786,22.4,restaurant,US,9,desktop,144.18,6,60,0
TXN008074,CUST01190,40.58,grocery,NG,16,mobile,316.53,3,42,0
TXN008075,CUST01398,66.5,restaurant,CA,5,mobile,43.12,4,54,0
TXN008076,CUST00373,10.94,fuel,IN,19,mobile,321.76,4,33,0
TXN008077,CUST00479,42.98,retail,US,20,desktop,18.03,5,65,0
TXN008078,CUST00832,123.66,grocery,AE,13,mobile,386.52,3,32,0
TXN008079,CUST00650,58.77,online,ET,23,desktop,311.22,4,52,0
TXN008080,CUST00682,35.08,fuel,US,7,desktop,150.8,3,56,0
TXN008081,CUST00688,62.79,restaurant,US,6,mobile,168.72,1,28,0
TXN008082,CUST01324,52.07,online,NG,4,desktop,76.39,2,66,1
TXN008083,CUST00082,70.36,fuel,US,5,mobile,40.53,2,39,0
TXN008084,CUST00087,4.38,entertainment,US,7,mobile,109.4,5,36,0
TXN008085,CUST00225,7.0,travel,NG,20,mobile,192.84,5,54,0
TXN008086,CUST00016,90.45,fuel,US,2,mobile,1166.24,4,21,0
TXN008087,CUST00822,7.35,restaurant,US,8,desktop,305.94,3,67,0
TXN008088,CUST01382,49.48,restaurant,GB,9,desktop,102.55,2,73,0
TXN008089,CUST00163,23.29,restaurant,CA,0,desktop,244.74,6,42,0
TXN008090,CUST00514,12.23,electronics,US,6,desktop,20.58,6,57,0
TXN008091,CUST00350,46.98,grocery,CA,19,desktop,96.52,5,23,0
TXN008092,CUST00681,40.49,restaurant,DE,5,desktop,99.59,3,62,0
TXN008093,CUST01488,273.24,online,CA,12,desktop,1214.19,2,44,0
TXN008094,CUST01399,17.73,online,GB,6,mobile,89.27,2,70,0
TXN008095,CUST01116,139.79,grocery,US,7,desktop,15.65,1,19,0
TXN008096,CUST00181,47.11,restaurant,AE,20,desktop,12.53,2,64,0
TXN008097,CUST00743,17.1,online,US,4,mobile,215.75,0,28,0
TXN008098,CUST01325,73.64,restaurant,IN,11,mobile,61.42,3,55,0
TXN008099,CUST00660,58.31,electronics,US,5,desktop,365.74,2,27,0
TXN008100,CUST01213,34.32,fuel,US,22,desktop,118.73,3,38,0
TXN008101,CUST01338,43.22,grocery,US,14,mobile,72.19,1,35,0
TXN008102,CUST00493,18.23,restaurant,CA,20,mobile,256.22,3,53,0
TXN008103,CUST00923,14.5,grocery,US,20,mobile,97.29,3,23,0
TXN008104,CUST00128,70.77,grocery,DE,3,mobile,240.67,5,62,0
TXN008105,CUST01450,26.47,retail,NG,16,mobile,225.38,2,33,0
TXN008106,CUST00565,30.57,electronics,US,13,mobile,231.21,3,36,0
TXN008107,CUST01211,43.81,online,US,6,mobile,350.24,3,48,0
TXN008108,CUST00550,43.18,fuel,NG,22,mobile,339.57,3,75,0
TXN008109,CUST00453,7.93,grocery,US,12,desktop,196.64,1,66,0
TXN008110,CUST00471,119.85,restaurant,US,21,mobile,566.22,3,34,0
TXN008111,CUST00988,37.38,entertainment,US,9,desktop,3.77,2,29,0
TXN008112,CUST00738,27.04,retail,US,17,desktop,479.76,3,37,0
TXN008113,CUST00224,50.95,electronics,US,1,desktop,28.88,2,41,0
TXN008114,CUST00154,41.95,electronics,GB,21,mobile,42.8,8,26,0
TXN008115,CUST00560,71.31,fuel,US,11,mobile,306.08,4,73,0
TXN008116,CUST00351,56.71,restaurant,ET,12,desktop,92.08,3,63,0
TXN008117,CUST01171,67.89,grocery,US,20,desktop,99.71,4,39,0
TXN008118,CUST00349,127.87,restaurant,US,6,desktop,54.5,2,47,0
TXN008119,CUST00182,80.13,electronics,US,17,mobile,45.75,2,67,0
TXN008120,CUST00637,28.21,grocery,IN,21,mobile,20.22,4,24,0
TXN008121,CUST01018,10.77,travel,US,10,mobile,39.44,2,32,0
TXN008122,CUST00179,175.53,fuel,US,21,mobile,150.56,1,18,0
TXN008123,CUST01063,26.11,online,US,9,mobile,220.72,3,32,0
TXN008124,CUST00772,20.63,grocery,US,21,mobile,241.67,1,35,0
TXN008125,CUST00894,5.83,travel,US,5,mobile,83.2,2,38,0
TXN008126,CUST01027,46.45,fuel,US,13,desktop,459.08,2,64,0
TXN008127,CUST01016,38.43,grocery,US,19,desktop,71.74,1,18,0
TXN008128,CUST00064,7.28,grocery,IN,4,mobile,21.21,6,28,0
TXN008129,CUST00029,52.11,electronics,US,19,tablet,522.81,1,62,0
TXN008130,CUST00372,20.12,restaurant,ET,5,desktop,140.04,2,33,0
TXN008131,CUST00097,488.0,retail,US,8,mobile,639.63,3,51,0
TXN008132,CUST01466,18.74,online,US,4,mobile,90.06,4,33,0
TXN008133,CUST01227,21.43,restaurant,IN,4,mobile,254.94,2,28,0
TXN008134,CUST01435,13.81,fuel,ET,18,desktop,20.96,2,26,0
TXN008135,CUST00993,118.85,electronics,GB,12,mobile,346.44,3,61,0
TXN008136,CUST00021,22.81,grocery,DE,22,mobile,33.69,6,21,0
TXN008137,CUST00735,16.04,restaurant,IN,4,mobile,12.81,4,19,0
TXN008138,CUST01126,67.15,online,CA,13,desktop,18.52,2,39,0
TXN008139,CUST01070,8.33,grocery,US,1,mobile,146.71,3,23,0
TXN008140,CUST00066,61.87,restaurant,US,4,mobile,62.12,1,46,0
TXN008141,CUST00603,196.64,restaurant,GB,22,mobile,583.74,4,29,0
TXN008142,CUST01188,58.36,restaurant,GB,22,mobile,344.72,3,22,0
TXN008143,CUST01135,62.67,fuel,FR,11,mobile,292.7,6,73,0
TXN008144,CUST00338,79.05,entertainment,US,23,mobile,298.59,2,35,0
TXN008145,CUST00123,183.04,fuel,IN,19,mobile,398.42,7,50,0
TXN008146,CUST00447,111.04,online,CA,6,mobile,360.73,4,73,0
TXN008147,CUST00611,51.4,retail,GB,2,mobile,474.12,3,19,0
TXN008148,CUST01315,81.77,grocery,US,8,mobile,490.26,1,40,0
TXN008149,CUST00671,13.65,grocery,IN,14,mobile,63.77,5,61,0
TXN008150,CUST01436,71.97,electronics,CA,14,mobile,44.62,1,59,0
TXN008151,CUST00615,12.11,electronics,CA,7,mobile,185.45,6,50,0
TXN008152,CUST00897,22.94,electronics,IN,15,mobile,23.69,2,73,0
TXN008153,CUST00281,1.52,restaurant,IN,1,mobile,42.69,3,22,0
TXN008154,CUST01067,49.47,grocery,US,19,desktop,266.87,2,48,0
TXN008155,CUST00596,17.39,travel,IN,0,desktop,188.63,4,59,0
TXN008156,CUST00703,100.6,retail,DE,23,mobile,189.41,5,65,0
TXN008157,CUST01075,48.92,electronics,US,3,mobile,541.55,4,31,0
TXN008158,CUST00210,101.91,grocery,US,3,tablet,198.27,3,69,0
TXN008159,CUST00126,11.21,fuel,US,22,mobile,101.44,2,22,0
TXN008160,CUST00492,93.54,restaurant,CA,5,desktop,59.21,3,39,0
TXN008161,CUST00960,272.01,restaurant,DE,2,desktop,74.4,4,39,1
TXN008162,CUST00970,71.11,restaurant,US,7,tablet,58.58,1,45,0
TXN008163,CUST00581,72.99,fuel,AE,1,mobile,6.41,7,68,1
TXN008164,CUST00777,39.24,entertainment,AE,16,mobile,54.58,1,26,0
TXN008165,CUST00258,19.6,online,GB,11,mobile,324.73,2,45,0
TXN008166,CUST01212,70.89,restaurant,IN,11,desktop,234.5,2,20,0
TXN008167,CUST00230,7.34,restaurant,ET,14,mobile,175.04,3,71,0
TXN008168,CUST00189,21.81,grocery,US,17,mobile,418.48,1,61,0
TXN008169,CUST01439,5.63,retail,ET,8,mobile,55.21,2,56,0
TXN008170,CUST00010,16.38,online,IN,20,desktop,155.16,5,58,0
TXN008171,CUST01138,62.93,grocery,US,4,mobile,5.73,5,43,0
TXN008172,CUST01100,54.89,fuel,IN,21,desktop,400.62,5,31,0
TXN008173,CUST00676,34.85,travel,US,2,desktop,106.87,3,18,0
TXN008174,CUST00502,39.27,retail,US,16,mobile,35.25,3,27,0
TXN008175,CUST00085,5.02,entertainment,FR,23,mobile,49.24,6,48,0
TXN008176,CUST00049,22.82,grocery,ET,22,desktop,339.38,3,65,0
TXN008177,CUST00838,16.75,fuel,DE,11,mobile,20.73,5,56,0
TXN008178,CUST01008,17.13,travel,US,13,desktop,466.74,1,66,0
TXN008179,CUST00689,60.31,restaurant,GB,7,desktop,84.16,0,34,0
TXN008180,CUST00387,14.01,fuel,DE,8,desktop,52.04,1,54,0
TXN008181,CUST00970,18.09,online,US,1,desktop,72.59,3,21,0
TXN008182,CUST01413,4.11,grocery,CA,20,mobile,94.66,3,58,0
TXN008183,CUST01006,24.68,online,AE,1,desktop,142.98,2,21,1
TXN008184,CUST00218,11.16,online,US,23,mobile,159.09,1,32,0
TXN008185,CUST01005,35.84,grocery,US,15,desktop,106.9,4,53,0
TXN008186,CUST01370,12.79,electronics,US,19,mobile,106.42,3,37,0
TXN008187,CUST01254,36.76,online,GB,10,tablet,60.46,1,69,0
TXN008188,CUST00255,28.65,grocery,US,19,tablet,87.16,3,58,0
TXN008189,CUST00236,176.27,retail,US,9,desktop,113.31,4,51,0
TXN008190,CUST01050,54.45,grocery,US,7,mobile,163.85,2,29,0
TXN008191,CUST01285,5.26,grocery,US,6,mobile,25.21,0,25,0
TXN008192,CUST00271,9.35,grocery,US,0,mobile,259.89,1,53,0
TXN008193,CUST00123,35.0,online,US,22,desktop,205.42,3,47,0
TXN008194,CUST00656,13.07,online,US,9,desktop,63.88,3,54,0
TXN008195,CUST01281,1.7,electronics,US,18,mobile,110.69,0,42,0
TXN008196,CUST01445,127.68,restaurant,IN,4,desktop,528.5,4,31,0
TXN008197,CUST00259,68.05,entertainment,US,23,mobile,3.72,2,50,0
TXN008198,CUST00948,55.76,grocery,NG,21,desktop,300.22,3,50,0
TXN008199,CUST00047,18.04,restaurant,DE,7,mobile,129.04,4,35,0
TXN008200,CUST00863,50.79,grocery,US,20,mobile,173.6,2,45,0
TXN008201,CUST00525,16.37,grocery,US,8,desktop,207.67,4,23,0
TXN008202,CUST00888,40.64,electronics,IN,12,desktop,109.59,3,51,0
TXN008203,CUST00208,13.19,restaurant,GB,13,mobile,38.34,1,48,0
TXN008204,CUST01335,150.85,restaurant,US,5,mobile,432.61,1,41,0
TXN008205,CUST00747,6.89,entertainment,US,10,desktop,242.61,4,41,0
TXN008206,CUST00149,113.55,grocery,US,8,desktop,147.61,2,33,0
TXN008207,CUST00438,34.43,entertainment,ET,12,tablet,107.11,4,69,0
TXN008208,CUST00155,20.3,fuel,NG,3,mobile,124.53,4,68,1
TXN008209,CUST01114,39.13,restaurant,US,1,desktop,312.24,1,22,0
TXN008210,CUST00358,68.95,online,US,23,desktop,2.26,5,23,0
TXN008211,CUST01198,129.9,travel,US,20,mobile,360.89,1,58,0
TXN008212,CUST01241,45.29,grocery,IN,1,mobile,8.62,1,64,0
TXN008213,CUST00456,13.59,retail,CA,21,desktop,172.24,1,63,0
TXN008214,CUST00776,35.01,online,NG,12,mobile,72.93,2,27,0
TXN008215,CUST00629,203.73,retail,US,18,mobile,204.11,2,40,0
TXN008216,CUST01223,127.44,entertainment,DE,0,mobile,16.1,4,52,0
TXN008217,CUST00832,82.17,grocery,US,5,desktop,146.24,2,26,0
TXN008218,CUST00486,73.38,restaurant,NG,7,mobile,347.87,1,55,0
TXN008219,CUST00533,66.65,grocery,US,16,desktop,122.85,3,60,0
TXN008220,CUST00200,105.5,entertainment,ET,2,mobile,15.86,1,67,0
TXN008221,CUST00371,20.98,retail,US,5,mobile,6.86,0,51,0
TXN008222,CUST01014,8.54,online,DE,18,tablet,174.74,4,22,0
TXN008223,CUST00853,35.48,grocery,US,6,desktop,12.97,1,35,0
TXN008224,CUST01472,14.62,grocery,US,14,mobile,13.31,4,18,0
TXN008225,CUST00248,11.53,entertainment,US,5,desktop,99.75,6,57,0
TXN008226,CUST00788,16.11,retail,CA,21,desktop,42.32,5,55,0
TXN008227,CUST00264,397.55,restaurant,US,22,desktop,41.11,1,35,0
TXN008228,CUST01082,37.94,grocery,US,17,desktop,118.05,4,59,0
TXN008229,CUST01326,47.56,electronics,US,9,mobile,59.33,5,58,0
TXN008230,CUST00031,9.75,grocery,US,3,mobile,44.55,2,45,0
TXN008231,CUST01273,5.24,entertainment,US,4,desktop,130.03,4,60,0
TXN008232,CUST00605,14.6,travel,US,17,mobile,61.87,6,42,0
TXN008233,CUST01295,139.52,online,US,9,tablet,15.05,2,29,0
TXN008234,CUST01418,46.26,electronics,US,9,mobile,206.65,1,33,0
TXN008235,CUST00502,60.26,electronics,AE,9,mobile,158.57,1,73,0
TXN008236,CUST01108,69.31,restaurant,US,6,mobile,42.91,6,24,0
TXN008237,CUST01389,18.33,fuel,GB,19,desktop,157.12,3,66,0
TXN008238,CUST00886,132.68,fuel,US,13,mobile,560.57,2,42,0
TXN008239,CUST00549,17.59,electronics,IN,7,mobile,564.21,6,68,0
TXN008240,CUST01366,135.13,restaurant,US,8,tablet,136.65,3,30,0
TXN008241,CUST00839,51.54,grocery,AE,23,desktop,18.57,0,36,0
TXN008242,CUST01431,5.53,grocery,US,4,mobile,110.31,2,60,0
TXN008243,CUST01449,15.67,online,US,20,mobile,4.92,2,67,0
TXN008244,CUST01117,5.56,online,US,7,mobile,96.57,1,71,0
TXN008245,CUST00848,105.98,travel,US,19,desktop,432.27,3,42,0
TXN008246,CUST00614,32.31,entertainment,US,4,desktop,113.41,2,41,0
TXN008247,CUST00412,3.57,travel,US,19,desktop,143.93,2,52,0
TXN008248,CUST00432,48.22,electronics,NG,17,tablet,30.96,1,53,0
TXN008249,CUST00678,19.35,grocery,US,3,desktop,2.84,6,62,1
TXN008250,CUST00159,7.51,entertainment,US,10,mobile,903.29,2,57,0
TXN008251,CUST00014,177.32,online,FR,20,mobile,74.32,5,68,0
TXN008252,CUST00373,36.87,grocery,ET,21,desktop,58.97,5,21,0
TXN008253,CUST00225,24.69,online,US,19,desktop,152.45,5,58,0
TXN008254,CUST01097,22.21,electronics,DE,10,desktop,246.19,1,26,0
TXN008255,CUST01273,7.29,entertainment,US,13,desktop,52.12,4,31,0
TXN008256,CUST00511,8.98,retail,US,12,mobile,133.67,3,42,0
TXN008257,CUST00603,119.69,online,US,3,mobile,72.8,3,31,0
TXN008258,CUST00216,20.62,fuel,US,15,desktop,118.04,3,60,0
TXN008259,CUST00988,33.85,grocery,US,5,mobile,31.66,4,64,0
TXN008260,CUST01244,4.29,online,US,22,mobile,128.45,4,27,0
TXN008261,CUST00840,8.86,fuel,US,12,mobile,8.73,2,40,0
TXN008262,CUST00727,60.94,travel,CA,22,desktop,329.86,3,28,0
TXN008263,CUST01245,48.31,online,DE,19,tablet,177.83,7,35,0
TXN008264,CUST01413,191.21,retail,CA,4,mobile,510.94,3,38,0
TXN008265,CUST00554,126.84,restaurant,GB,18,desktop,164.81,4,47,0
TXN008266,CUST01066,26.29,grocery,AE,20,desktop,36.2,4,43,0
TXN008267,CUST00676,53.14,fuel,NG,9,desktop,119.11,0,40,0
TXN008268,CUST00873,24.13,entertainment,AE,4,desktop,196.69,1,53,1
TXN008269,CUST00283,258.48,retail,US,13,mobile,84.38,5,33,0
TXN008270,CUST01082,104.48,online,US,3,mobile,144.79,3,47,0
TXN008271,CUST00834,39.24,entertainment,US,5,mobile,31.96,3,26,0
TXN008272,CUST00537,40.46,fuel,US,4,tablet,270.21,1,28,0
TXN008273,CUST01097,140.45,grocery,US,23,mobile,432.49,0,41,0
TXN008274,CUST00923,59.12,fuel,US,1,tablet,68.07,4,25,0
TXN008275,CUST01153,157.37,grocery,IN,5,mobile,283.79,3,75,0
TXN008276,CUST00842,3.69,restaurant,US,1,desktop,17.36,2,42,0
TXN008277,CUST01450,52.52,electronics,US,11,desktop,50.99,3,26,0
TXN008278,CUST00948,19.78,restaurant,US,21,desktop,111.54,6,19,0
TXN008279,CUST00665,191.79,restaurant,DE,3,mobile,87.92,5,70,0
TXN008280,CUST01149,155.46,grocery,US,12,mobile,173.99,4,50,0
TXN008281,CUST00067,34.22,restaurant,US,16,mobile,149.0,2,54,0
TXN008282,CUST00006,153.8,grocery,IN,5,desktop,16.44,1,57,0
TXN008283,CUST00637,196.98,travel,FR,2,desktop,25.42,2,24,0
TXN008284,CUST00314,35.67,fuel,DE,12,mobile,9.56,3,25,0
TXN008285,CUST01350,392.26,retail,IN,22,mobile,548.87,3,64,0
TXN008286,CUST00565,32.09,entertainment,US,2,mobile,186.59,1,25,0
TXN008287,CUST00826,26.72,electronics,DE,19,mobile,348.31,3,70,0
TXN008288,CUST00506,78.72,fuel,US,8,mobile,140.27,2,39,0
TXN008289,CUST01106,23.25,restaurant,DE,22,tablet,38.78,7,60,0
TXN008290,CUST01026,36.07,grocery,US,3,desktop,177.32,6,19,0
TXN008291,CUST00204,135.56,fuel,US,1,mobile,126.7,3,21,0
TXN008292,CUST00662,33.76,online,US,4,mobile,94.42,2,36,0
TXN008293,CUST00805,6.08,entertainment,US,7,mobile,83.68,5,59,0
TXN008294,CUST00404,47.81,online,US,1,mobile,189.01,4,22,0
TXN008295,CUST01127,16.51,grocery,US,4,desktop,173.11,3,70,0
TXN008296,CUST00536,78.67,retail,CA,5,mobile,29.59,2,61,0
TXN008297,CUST01392,66.43,online,US,6,mobile,304.92,2,58,0
TXN008298,CUST01236,144.23,entertainment,US,12,mobile,181.95,5,32,0
TXN008299,CUST00577,82.07,fuel,CA,8,mobile,138.14,5,24,0
TXN008300,CUST01233,98.52,restaurant,GB,6,mobile,248.76,5,66,0
TXN008301,CUST00763,16.96,grocery,US,3,desktop,30.03,0,29,0
TXN008302,CUST00117,73.99,grocery,US,4,desktop,453.99,4,56,0
TXN008303,CUST00628,237.09,grocery,ET,2,mobile,56.79,2,66,0
TXN008304,CUST00749,16.63,restaurant,US,16,desktop,54.87,3,63,0
TXN008305,CUST00105,200.28,travel,US,18,desktop,303.64,1,29,0
TXN008306,CUST00495,19.12,retail,US,12,desktop,73.16,3,42,0
TXN008307,CUST00046,14.13,retail,NG,0,desktop,319.7,3,24,0
TXN008308,CUST00823,44.53,fuel,US,4,desktop,71.55,8,57,0
TXN008309,CUST01355,67.76,grocery,US,22,mobile,144.01,5,26,0
TXN008310,CUST01240,82.41,electronics,NG,8,mobile,47.24,3,67,1
TXN008311,CUST00982,12.66,fuel,US,3,desktop,236.7,7,21,0
TXN008312,CUST00960,51.14,grocery,US,9,desktop,32.88,2,31,0
TXN008313,CUST00845,16.68,entertainment,US,13,mobile,413.44,4,60,0
TXN008314,CUST00449,7.47,retail,IN,9,desktop,83.64,2,61,0
TXN008315,CUST00536,13.08,electronics,AE,0,mobile,114.81,5,47,0
TXN008316,CUST00511,15.63,fuel,GB,22,desktop,4.38,3,24,0
TXN008317,CUST01482,55.79,grocery,US,18,desktop,669.78,2,26,0
TXN008318,CUST00540,104.82,fuel,US,16,mobile,301.97,3,24,0
TXN008319,CUST00016,7.59,grocery,US,19,desktop,106.63,4,64,0
TXN008320,CUST00243,47.09,grocery,US,14,mobile,455.22,3,51,0
TXN008321,CUST01231,10.21,fuel,CA,21,mobile,481.41,3,27,0
TXN008322,CUST00912,62.12,fuel,CA,5,desktop,137.08,6,19,0
TXN008323,CUST01295,17.77,online,AE,6,mobile,47.95,4,28,0
TXN008324,CUST00761,11.57,travel,US,0,mobile,120.19,5,26,0
TXN008325,CUST00705,73.68,fuel,CA,4,desktop,70.69,3,23,0
TXN008326,CUST00115,18.41,fuel,FR,19,desktop,106.95,4,39,0
TXN008327,CUST01323,24.14,retail,US,19,mobile,436.24,3,31,0
TXN008328,CUST00397,3.6,retail,AE,6,desktop,59.59,2,33,0
TXN008329,CUST00394,85.33,entertainment,US,1,mobile,328.71,4,36,0
TXN008330,CUST01099,75.26,fuel,DE,20,desktop,492.84,2,23,0
TXN008331,CUST00978,33.3,online,IN,22,mobile,294.3,2,30,0
TXN008332,CUST01127,7.19,grocery,US,2,desktop,134.86,4,59,0
TXN008333,CUST00297,110.98,grocery,US,1,desktop,149.41,2,49,0
TXN008334,CUST01002,17.01,entertainment,US,15,mobile,308.3,3,20,0
TXN008335,CUST00178,21.04,entertainment,GB,16,mobile,8.19,2,46,0
TXN008336,CUST01239,334.3,online,CA,20,mobile,239.68,5,69,0
TXN008337,CUST00967,16.38,travel,US,11,desktop,135.47,5,70,0
TXN008338,CUST00315,69.56,grocery,FR,4,mobile,91.09,3,50,0
TXN008339,CUST01063,58.1,restaurant,AE,3,tablet,262.15,4,52,1
TXN008340,CUST00259,48.92,electronics,NG,23,mobile,55.72,4,68,0
TXN008341,CUST00007,43.9,travel,US,15,mobile,406.6,3,51,0
TXN008342,CUST00049,48.25,retail,US,17,tablet,209.94,6,70,0
TXN008343,CUST00161,43.46,grocery,NG,12,desktop,169.56,7,32,0
TXN008344,CUST00176,31.44,online,US,19,desktop,133.29,3,45,0
TXN008345,CUST01026,150.1,electronics,GB,20,tablet,43.06,4,62,0
TXN008346,CUST01001,8.91,retail,CA,8,tablet,172.72,5,30,0
TXN008347,CUST00455,91.97,retail,US,15,mobile,232.32,4,72,0
TXN008348,CUST00276,75.36,travel,US,2,mobile,2.12,0,64,1
TXN008349,CUST00498,66.58,retail,US,16,mobile,82.15,1,29,0
TXN008350,CUST00676,101.19,online,US,19,desktop,321.58,5,51,0
TXN008351,CUST01052,30.19,grocery,US,9,mobile,180.04,3,50,0
TXN008352,CUST01357,5.11,online,AE,21,desktop,171.94,1,51,0
TXN008353,CUST01025,30.81,restaurant,US,22,desktop,46.72,1,38,0
TXN008354,CUST01212,12.29,online,US,19,desktop,179.98,2,61,0
TXN008355,CUST00056,15.93,retail,US,3,mobile,277.65,1,63,0
TXN008356,CUST00547,9.56,entertainment,US,21,mobile,92.48,2,64,0
TXN008357,CUST01136,20.55,restaurant,US,0,mobile,36.18,2,23,0
TXN008358,CUST01334,18.24,restaurant,US,20,mobile,14.48,1,47,0
TXN008359,CUST00036,3.07,grocery,US,15,mobile,126.83,3,59,0
TXN008360,CUST00439,66.7,restaurant,US,10,mobile,207.28,4,57,0
TXN008361,CUST00595,305.0,grocery,US,18,desktop,31.95,2,31,0
TXN008362,CUST01349,60.72,travel,ET,7,tablet,98.5,4,44,0
TXN008363,CUST00307,27.03,fuel,US,4,tablet,151.35,4,74,0
TXN008364,CUST00619,31.35,fuel,US,22,mobile,30.5,4,22,0
TXN008365,CUST01133,21.74,grocery,IN,23,desktop,56.62,2,37,0
TXN008366,CUST01396,36.24,electronics,CA,7,desktop,168.76,6,35,0
TXN008367,CUST00357,31.91,restaurant,US,17,desktop,232.39,1,30,0
TXN008368,CUST00181,14.28,grocery,US,14,desktop,181.9,7,60,0
TXN008369,CUST01380,178.2,electronics,CA,17,tablet,225.09,6,31,0
TXN008370,CUST00068,7.48,restaurant,US,12,mobile,156.8,3,74,0
TXN008371,CUST00292,67.92,online,US,14,desktop,325.24,4,49,0
TXN008372,CUST00692,29.93,retail,US,20,desktop,315.53,1,20,0
TXN008373,CUST00181,221.59,travel,IN,12,mobile,286.35,4,50,0
TXN008374,CUST01490,46.57,fuel,CA,2,mobile,154.21,1,26,0
TXN008375,CUST00434,23.11,grocery,US,11,mobile,924.83,3,49,0
TXN008376,CUST01488,25.85,retail,US,11,tablet,7.18,1,67,0
TXN008377,CUST00914,34.46,grocery,US,9,desktop,39.19,3,25,0
TXN008378,CUST00066,10.56,restaurant,US,0,desktop,297.87,4,37,0
TXN008379,CUST01045,15.38,grocery,IN,23,mobile,315.07,4,41,0
TXN008380,CUST00384,5.56,restaurant,US,5,mobile,307.42,1,58,0
TXN008381,CUST00039,13.16,online,IN,18,desktop,371.04,4,68,0
TXN008382,CUST01309,36.38,retail,US,23,mobile,98.86,3,70,0
TXN008383,CUST00822,44.71,entertainment,US,12,mobile,483.44,4,57,0
TXN008384,CUST00602,4.58,electronics,US,0,desktop,42.24,4,73,0
TXN008385,CUST00785,28.87,online,CA,18,desktop,497.48,1,53,0
TXN008386,CUST01360,58.17,online,US,5,desktop,146.42,2,35,0
TXN008387,CUST01212,28.14,entertainment,GB,0,mobile,32.22,4,55,0
TXN008388,CUST00671,17.57,fuel,US,22,mobile,239.78,3,71,0
TXN008389,CUST01267,21.93,online,US,16,desktop,63.14,3,40,0
TXN008390,CUST01097,19.28,fuel,DE,16,mobile,44.83,1,22,0
TXN008391,CUST00479,17.52,fuel,US,20,mobile,33.99,6,34,0
TXN008392,CUST00561,39.4,grocery,US,10,mobile,5.37,2,50,0
TXN008393,CUST00101,332.85,restaurant,US,19,mobile,260.41,3,65,0
TXN008394,CUST00514,15.74,fuel,US,11,mobile,119.97,3,34,0
TXN008395,CUST00176,24.09,retail,ET,23,mobile,693.1,1,69,0
TXN008396,CUST00238,31.45,electronics,US,12,mobile,104.13,5,40,0
TXN008397,CUST00910,16.65,retail,IN,17,mobile,333.67,3,31,0
TXN008398,CUST01083,99.31,restaurant,NG,21,mobile,620.1,2,25,0
TXN008399,CUST01123,3.09,electronics,US,23,desktop,4.09,0,50,0
TXN008400,CUST00871,19.47,electronics,US,0,mobile,20.03,1,70,0
TXN008401,CUST00495,75.06,retail,ET,2,mobile,76.95,4,22,0
TXN008402,CUST00947,24.68,restaurant,NG,16,mobile,367.4,2,24,0
TXN008403,CUST00755,14.57,travel,US,6,mobile,327.57,4,18,0
TXN008404,CUST01321,51.46,restaurant,NG,16,mobile,82.24,3,25,0
TXN008405,CUST00211,81.97,online,NG,15,mobile,40.14,3,21,0
TXN008406,CUST01147,40.88,retail,US,11,mobile,291.8,3,63,0
TXN008407,CUST01253,14.86,restaurant,ET,7,mobile,163.55,1,60,0
TXN008408,CUST01412,52.26,entertainment,US,10,mobile,5.78,3,41,0
TXN008409,CUST00140,22.15,retail,CA,2,mobile,293.53,0,41,0
TXN008410,CUST00541,69.77,grocery,US,11,mobile,566.22,2,30,0
TXN008411,CUST01415,145.95,fuel,US,3,mobile,7.74,2,67,0
TXN008412,CUST00270,2.45,restaurant,FR,8,desktop,60.61,2,53,0
TXN008413,CUST01036,37.01,grocery,US,21,mobile,308.13,3,68,0
TXN008414,CUST01413,5.84,online,CA,20,tablet,158.15,3,35,0
TXN008415,CUST01361,380.62,fuel,AE,20,tablet,817.7,3,62,1
TXN008416,CUST00506,20.74,electronics,US,16,mobile,444.79,1,45,0
TXN008417,CUST01130,69.85,grocery,US,15,desktop,35.34,2,53,0
TXN008418,CUST00032,31.97,retail,CA,11,tablet,201.77,1,31,0
TXN008419,CUST01098,14.83,fuel,US,14,mobile,190.67,3,46,0
TXN008420,CUST01195,13.17,restaurant,AE,14,mobile,21.15,6,21,0
TXN008421,CUST01093,161.69,travel,US,0,mobile,16.88,6,46,0
TXN008422,CUST00813,86.14,grocery,CA,2,desktop,151.68,2,32,0
TXN008423,CUST00362,231.27,electronics,US,1,mobile,92.84,0,61,0
TXN008424,CUST01457,35.0,online,US,16,tablet,141.92,0,70,0
TXN008425,CUST00929,44.16,online,US,11,mobile,49.12,1,37,0
TXN008426,CUST00100,25.35,restaurant,US,4,tablet,146.42,1,56,0
TXN008427,CUST00009,24.85,fuel,US,10,mobile,87.03,3,50,0
TXN008428,CUST00697,11.68,restaurant,CA,18,desktop,393.32,3,34,0
TXN008429,CUST01053,36.02,online,US,14,desktop,65.77,1,63,0
TXN008430,CUST01138,15.04,restaurant,US,6,mobile,368.4,6,44,0
TXN008431,CUST00462,51.52,electronics,US,7,desktop,88.97,4,52,0
TXN008432,CUST00921,39.25,restaurant,ET,9,mobile,155.37,0,55,0
TXN008433,CUST01167,44.15,online,CA,5,mobile,60.73,3,23,0
TXN008434,CUST00390,176.82,electronics,US,20,tablet,298.07,3,38,0
TXN008435,CUST00632,31.89,grocery,NG,14,mobile,334.01,2,55,1
TXN008436,CUST00682,70.58,grocery,NG,9,mobile,298.03,4,39,0
TXN008437,CUST00157,257.63,travel,US,20,mobile,183.82,2,63,0
TXN008438,CUST00335,122.32,restaurant,CA,16,desktop,65.44,5,74,0
TXN008439,CUST00260,104.92,online,US,21,mobile,182.15,1,62,0
TXN008440,CUST00082,24.37,electronics,IN,5,desktop,577.21,7,18,0
TXN008441,CUST00754,41.66,online,US,18,desktop,188.14,3,49,0
TXN008442,CUST01465,8.86,retail,IN,19,mobile,563.86,5,25,0
TXN008443,CUST01196,54.54,online,US,19,mobile,65.38,2,55,0
TXN008444,CUST01255,43.57,entertainment,US,5,desktop,336.75,3,39,0
TXN008445,CUST00720,33.9,fuel,ET,13,desktop,228.15,0,30,0
TXN008446,CUST00075,92.5,retail,ET,23,mobile,307.87,4,75,0
TXN008447,CUST01294,9.9,restaurant,DE,12,mobile,223.29,2,23,0
TXN008448,CUST00626,169.84,entertainment,AE,12,tablet,117.83,2,72,0
TXN008449,CUST00062,81.59,retail,DE,8,desktop,208.84,4,56,0
TXN008450,CUST00874,30.86,electronics,GB,8,desktop,484.12,5,46,0
TXN008451,CUST00320,28.54,restaurant,US,20,mobile,97.29,2,38,0
TXN008452,CUST00102,53.55,retail,US,23,desktop,545.63,6,72,0
TXN008453,CUST01453,151.54,online,US,7,mobile,9.12,4,60,0
TXN008454,CUST00874,36.66,electronics,CA,9,desktop,2.57,1,35,0
TXN008455,CUST00954,38.25,entertainment,US,19,desktop,122.55,4,20,0
TXN008456,CUST00255,33.72,restaurant,US,3,mobile,339.71,3,43,0
TXN008457,CUST00570,196.77,grocery,US,2,mobile,51.26,2,67,0
TXN008458,CUST00112,22.9,online,IN,12,desktop,212.81,2,74,0
TXN008459,CUST00985,32.15,online,US,20,desktop,142.5,1,66,0
TXN008460,CUST01337,143.08,entertainment,US,7,desktop,61.85,5,22,0
TXN008461,CUST00998,38.36,travel,US,23,desktop,60.58,1,30,0
TXN008462,CUST00461,103.24,entertainment,US,8,mobile,13.7,3,70,0
TXN008463,CUST00708,13.31,restaurant,US,13,desktop,138.3,3,50,0
TXN008464,CUST00887,26.97,online,US,0,desktop,107.66,1,18,0
TXN008465,CUST01486,146.12,restaurant,US,13,mobile,61.5,3,23,0
TXN008466,CUST01116,16.84,electronics,ET,11,desktop,633.79,3,44,0
TXN008467,CUST01076,28.47,retail,FR,3,desktop,307.14,2,30,0
TXN008468,CUST00520,42.81,restaurant,US,21,desktop,133.98,1,20,0
TXN008469,CUST00812,12.32,entertainment,GB,20,mobile,132.75,2,73,0
TXN008470,CUST01122,21.89,restaurant,CA,3,mobile,38.73,2,34,0
TXN008471,CUST00236,37.06,grocery,DE,12,tablet,188.52,2,31,0
TXN008472,CUST01398,34.7,grocery,US,15,mobile,552.82,3,36,0
TXN008473,CUST00927,119.15,fuel,US,10,mobile,411.41,5,26,0
TXN008474,CUST00557,154.7,restaurant,GB,2,desktop,15.94,2,31,0
TXN008475,CUST00649,14.07,online,US,1,mobile,9.82,6,57,0
TXN008476,CUST00234,37.01,fuel,US,2,mobile,585.09,3,18,0
TXN008477,CUST01056,64.99,electronics,US,19,mobile,40.14,4,34,0
TXN008478,CUST01313,150.86,travel,FR,16,tablet,143.9,3,24,0
TXN008479,CUST00579,67.93,electronics,US,0,mobile,13.98,4,69,0
TXN008480,CUST00542,44.3,retail,US,10,desktop,333.61,1,66,0
TXN008481,CUST00114,64.49,restaurant,AE,15,desktop,22.57,3,30,0
TXN008482,CUST00204,64.96,restaurant,NG,19,mobile,185.79,3,75,0
TXN008483,CUST01053,13.1,electronics,US,9,mobile,10.49,3,48,0
TXN008484,CUST00643,40.16,fuel,US,19,mobile,30.67,1,36,0
TXN008485,CUST00474,142.47,fuel,CA,5,tablet,129.19,6,62,0
TXN008486,CUST00697,26.91,retail,US,1,desktop,8.42,5,74,0
TXN008487,CUST00253,37.69,retail,DE,21,desktop,39.18,3,32,0
TXN008488,CUST00905,25.98,restaurant,ET,6,mobile,26.35,2,46,0
TXN008489,CUST00386,3.27,travel,US,16,mobile,7.46,7,65,0
TXN008490,CUST00062,33.8,fuel,US,7,mobile,637.26,4,62,0
TXN008491,CUST00515,44.78,retail,US,12,desktop,107.67,5,40,0
TXN008492,CUST00430,19.84,electronics,GB,21,desktop,352.54,3,40,0
TXN008493,CUST00580,10.44,travel,US,3,desktop,79.83,4,21,0
TXN008494,CUST01165,13.73,retail,US,10,desktop,7.83,4,33,0
TXN008495,CUST00743,71.11,electronics,US,1,mobile,214.13,2,63,0
TXN008496,CUST01324,238.06,travel,US,7,desktop,7.11,3,67,0
TXN008497,CUST00675,131.95,retail,US,17,desktop,144.85,4,69,0
TXN008498,CUST00311,8.63,entertainment,US,7,mobile,26.96,5,74,0
TXN008499,CUST00471,77.84,restaurant,CA,10,desktop,200.01,3,57,0
TXN008500,CUST01417,17.06,restaurant,US,23,desktop,401.79,0,39,0
TXN008501,CUST01469,18.5,electronics,US,4,mobile,561.28,1,49,0
TXN008502,CUST00809,20.86,retail,ET,6,mobile,135.05,0,54,0
TXN008503,CUST00172,67.09,retail,DE,22,mobile,136.94,1,19,0
TXN008504,CUST00576,86.42,fuel,FR,3,tablet,7.03,5,58,0
TXN008505,CUST00031,30.02,travel,US,21,desktop,264.44,2,44,0
TXN008506,CUST00047,30.54,grocery,US,9,mobile,563.1,1,60,0
TXN008507,CUST00130,52.68,fuel,CA,5,desktop,103.8,5,35,0
TXN008508,CUST00352,58.44,electronics,AE,12,mobile,284.11,3,46,0
TXN008509,CUST00978,107.36,online,NG,15,mobile,287.42,1,46,0
TXN008510,CUST00058,9.17,online,AE,21,mobile,277.27,4,25,0
TXN008511,CUST01130,33.79,travel,US,1,mobile,255.89,2,32,0
TXN008512,CUST00812,11.38,retail,AE,23,mobile,43.6,5,38,0
TXN008513,CUST01354,31.47,grocery,NG,14,desktop,250.56,0,20,0
TXN008514,CUST00768,26.41,fuel,US,7,desktop,28.07,2,39,0
TXN008515,CUST00683,31.6,electronics,US,16,mobile,224.38,5,29,0
TXN008516,CUST01407,14.88,fuel,US,13,mobile,0.64,3,20,0
TXN008517,CUST01186,7.48,fuel,US,17,mobile,452.01,3,54,0
TXN008518,CUST00997,4.08,grocery,US,13,mobile,316.21,2,36,0
TXN008519,CUST00286,29.04,restaurant,NG,3,mobile,206.77,3,56,1
TXN008520,CUST01095,21.52,restaurant,AE,20,desktop,17.86,2,60,0
TXN008521,CUST01478,16.85,grocery,IN,20,mobile,313.72,1,37,0
TXN008522,CUST00886,124.28,fuel,US,21,mobile,374.55,2,57,0
TXN008523,CUST00397,14.02,restaurant,US,22,mobile,209.65,3,41,0
TXN008524,CUST00026,136.57,travel,GB,0,tablet,670.5,5,28,0
TXN008525,CUST00313,167.98,restaurant,US,22,mobile,17.55,3,34,0
TXN008526,CUST00126,4.71,online,US,5,mobile,221.98,6,36,0
TXN008527,CUST01432,36.32,fuel,DE,4,mobile,133.92,4,66,0
TXN008528,CUST01222,22.2,electronics,US,14,mobile,28.33,3,55,0
TXN008529,CUST00811,1.8,online,US,15,tablet,193.35,6,41,0
TXN008530,CUST00188,7.81,entertainment,US,21,mobile,289.27,3,24,0
TXN008531,CUST00698,71.88,grocery,IN,7,desktop,32.4,2,18,0
TXN008532,CUST00810,249.44,fuel,US,5,mobile,283.93,1,19,0
TXN008533,CUST00716,81.67,restaurant,US,4,mobile,17.56,3,65,0
TXN008534,CUST00450,45.77,grocery,IN,5,desktop,161.1,2,27,0
TXN008535,CUST00523,32.42,online,US,0,desktop,288.33,2,37,0
TXN008536,CUST01378,178.16,restaurant,US,13,mobile,28.4,3,73,0
TXN008537,CUST00986,283.79,entertainment,CA,18,desktop,152.55,6,52,0
TXN008538,CUST00658,18.41,grocery,US,18,mobile,99.57,7,66,0
TXN008539,CUST00597,4.48,grocery,US,14,tablet,168.24,3,24,0
TXN008540,CUST00100,4.06,online,AE,18,desktop,99.37,3,38,0
TXN008541,CUST00616,124.2,online,US,5,mobile,52.0,1,65,0
TXN008542,CUST00948,31.59,fuel,GB,4,mobile,52.7,3,48,0
TXN008543,CUST00556,39.78,restaurant,US,15,mobile,360.05,2,68,0
TXN008544,CUST00278,5.53,entertainment,US,8,desktop,30.63,4,34,0
TXN008545,CUST00491,15.59,retail,US,14,mobile,23.65,2,29,0
TXN008546,CUST00255,24.64,travel,US,21,mobile,18.38,4,25,0
TXN008547,CUST00381,40.77,fuel,US,7,tablet,13.87,2,49,0
TXN008548,CUST00892,22.23,online,US,7,mobile,2.63,2,32,0
TXN008549,CUST00542,11.74,grocery,US,3,mobile,31.47,3,28,0
TXN008550,CUST01288,15.11,restaurant,GB,23,mobile,38.54,5,20,0
TXN008551,CUST00825,110.87,grocery,US,1,mobile,56.58,1,74,0
TXN008552,CUST00879,42.3,retail,US,15,desktop,23.84,4,55,0
TXN008553,CUST01353,61.08,restaurant,DE,2,desktop,17.8,1,48,0
TXN008554,CUST01139,13.48,online,US,8,mobile,140.35,2,41,0
TXN008555,CUST01300,1.73,restaurant,NG,3,mobile,228.29,0,67,1
TXN008556,CUST00281,19.63,online,GB,1,mobile,179.06,6,40,0
TXN008557,CUST01299,13.92,restaurant,IN,18,mobile,146.43,2,45,0
TXN008558,CUST00773,46.95,entertainment,US,22,mobile,104.55,3,24,0
TXN008559,CUST00843,885.12,grocery,IN,14,mobile,180.91,2,72,0
TXN008560,CUST00719,66.36,retail,CA,6,mobile,417.86,3,49,0
TXN008561,CUST00328,510.79,entertainment,FR,7,desktop,177.71,4,47,0
TXN008562,CUST00211,58.48,fuel,NG,2,mobile,11.3,2,24,1
TXN008563,CUST00727,17.64,grocery,CA,22,desktop,152.09,1,52,0
TXN008564,CUST00923,46.9,restaurant,AE,14,mobile,133.7,4,75,0
TXN008565,CUST00552,196.5,retail,US,0,desktop,108.27,2,66,0
TXN008566,CUST00026,206.35,grocery,CA,15,desktop,151.41,3,71,0
TXN008567,CUST00027,18.63,grocery,US,21,desktop,200.99,4,63,0
TXN008568,CUST00702,42.66,online,US,2,mobile,6.83,5,57,0
TXN008569,CUST01107,7.93,restaurant,CA,1,mobile,117.78,7,69,0
TXN008570,CUST00682,75.54,restaurant,IN,14,desktop,305.91,3,27,0
TXN008571,CUST00413,156.55,online,ET,3,mobile,136.2,5,70,0
TXN008572,CUST00167,34.46,electronics,FR,13,mobile,12.65,1,20,0
TXN008573,CUST00169,16.99,grocery,GB,8,tablet,268.55,3,19,0
TXN008574,CUST00229,47.47,online,US,21,desktop,510.45,3,71,0
TXN008575,CUST00367,50.27,electronics,US,8,desktop,343.71,5,55,0
TXN008576,CUST00528,35.91,fuel,US,13,mobile,81.06,1,68,0
TXN008577,CUST00791,39.6,grocery,US,14,mobile,137.76,4,52,0
TXN008578,CUST00524,27.83,online,GB,23,mobile,161.06,7,55,0
TXN008579,CUST01096,89.65,travel,ET,4,desktop,226.45,2,63,0
TXN008580,CUST00106,69.15,electronics,US,23,mobile,197.43,2,48,0
TXN008581,CUST00732,12.39,restaurant,US,1,mobile,39.96,3,36,0
TXN008582,CUST00965,12.05,grocery,US,23,desktop,333.32,3,39,0
TXN008583,CUST01306,25.68,entertainment,US,16,mobile,340.5,4,36,0
TXN008584,CUST00133,69.19,restaurant,US,10,desktop,93.26,1,38,0
TXN008585,CUST00534,38.4,fuel,US,12,mobile,25.26,1,44,0
TXN008586,CUST00975,17.41,retail,US,11,mobile,168.83,1,69,0
TXN008587,CUST00269,43.01,online,NG,2,mobile,79.56,2,38,1
TXN008588,CUST01436,23.79,electronics,US,22,desktop,243.44,2,33,0
TXN008589,CUST00673,79.88,restaurant,ET,19,mobile,68.27,2,72,0
TXN008590,CUST00791,46.2,retail,CA,12,desktop,54.93,2,46,0
TXN008591,CUST00018,24.16,fuel,US,14,desktop,364.1,3,50,0
TXN008592,CUST00117,41.74,fuel,ET,10,desktop,172.2,4,28,0
TXN008593,CUST00798,123.35,electronics,CA,15,tablet,16.18,5,27,0
TXN008594,CUST01168,18.73,entertainment,US,6,mobile,210.44,5,38,0
TXN008595,CUST00551,49.53,fuel,US,0,mobile,251.51,2,34,0
TXN008596,CUST00929,30.86,restaurant,FR,22,mobile,48.27,2,75,0
TXN008597,CUST00753,50.75,online,US,18,tablet,617.64,3,27,0
TXN008598,CUST00422,17.21,travel,US,17,desktop,83.98,7,46,0
TXN008599,CUST01393,36.98,grocery,US,8,desktop,508.14,3,23,0
TXN008600,CUST00646,100.27,entertainment,US,17,mobile,62.57,2,27,0
TXN008601,CUST00558,12.97,grocery,ET,2,mobile,169.12,3,63,0
TXN008602,CUST00050,8.76,travel,AE,2,mobile,131.21,1,24,1
TXN008603,CUST00678,9.1,electronics,CA,3,desktop,872.7,6,28,0
TXN008604,CUST00106,10.27,electronics,US,15,mobile,94.47,1,60,0
TXN008605,CUST01240,60.06,travel,IN,10,mobile,35.57,4,75,0
TXN008606,CUST00658,8.12,retail,CA,22,desktop,322.38,2,60,0
TXN008607,CUST01449,24.58,electronics,ET,22,desktop,7.73,4,55,0
TXN008608,CUST01096,61.45,restaurant,US,14,mobile,389.24,4,57,0
TXN008609,CUST00988,50.23,online,US,8,tablet,21.1,1,40,0
TXN008610,CUST00842,22.52,restaurant,NG,7,mobile,152.76,5,63,0
TXN008611,CUST00446,40.08,grocery,US,21,mobile,224.95,7,49,0
TXN008612,CUST01210,36.86,grocery,DE,5,desktop,73.79,5,42,0
TXN008613,CUST00070,26.46,grocery,GB,20,mobile,335.28,5,67,0
TXN008614,CUST00150,26.82,travel,US,17,tablet,162.12,1,20,0
TXN008615,CUST01270,309.65,electronics,FR,5,mobile,90.5,2,45,1
TXN008616,CUST00774,74.39,restaurant,US,5,tablet,70.84,2,26,0
TXN008617,CUST01123,395.7,entertainment,DE,11,mobile,21.38,1,21,0
TXN008618,CUST01302,20.15,grocery,IN,4,desktop,184.08,9,67,0
TXN008619,CUST00944,30.42,retail,IN,13,tablet,81.47,2,63,0
TXN008620,CUST00455,8.74,online,ET,5,mobile,69.57,1,22,0
TXN008621,CUST01128,14.74,grocery,US,20,mobile,539.04,6,30,0
TXN008622,CUST00946,221.83,retail,GB,19,mobile,57.34,1,26,0
TXN008623,CUST00601,19.65,restaurant,DE,18,desktop,376.57,3,32,0
TXN008624,CUST00653,225.72,travel,US,13,mobile,663.25,6,59,0
TXN008625,CUST00725,9.55,restaurant,US,0,mobile,311.42,1,67,0
TXN008626,CUST00233,11.55,fuel,CA,19,desktop,3.55,3,38,0
TXN008627,CUST01418,23.54,travel,US,22,desktop,365.34,6,37,0
TXN008628,CUST00251,31.07,grocery,NG,6,mobile,43.21,1,60,0
TXN008629,CUST00079,83.35,grocery,US,6,desktop,78.45,5,21,0
TXN008630,CUST01076,51.98,fuel,US,13,mobile,859.95,1,61,0
TXN008631,CUST00898,21.84,restaurant,US,19,desktop,93.45,3,53,0
TXN008632,CUST00921,28.98,grocery,AE,15,mobile,191.47,2,44,0
TXN008633,CUST00781,24.07,travel,IN,11,mobile,66.98,2,71,0
TXN008634,CUST00226,13.27,entertainment,US,22,desktop,83.0,1,30,0
TXN008635,CUST01075,13.63,restaurant,FR,10,mobile,163.87,4,26,0
TXN008636,CUST01210,92.56,restaurant,CA,17,mobile,533.16,2,29,0
TXN008637,CUST01058,5.32,entertainment,CA,11,desktop,59.75,6,41,0
TXN008638,CUST00803,166.89,grocery,FR,23,desktop,51.15,2,45,0
TXN008639,CUST00742,23.5,online,US,9,mobile,4.79,5,24,0
TXN008640,CUST00131,15.29,retail,US,23,desktop,40.64,3,65,0
TXN008641,CUST01023,69.39,entertainment,US,4,desktop,54.79,1,57,0
TXN008642,CUST00632,146.24,grocery,US,23,desktop,11.69,2,32,0
TXN008643,CUST01467,101.25,restaurant,US,1,mobile,149.26,3,34,0
TXN008644,CUST00838,54.7,grocery,US,9,mobile,24.4,1,68,0
TXN008645,CUST00759,98.19,retail,CA,23,mobile,128.8,3,26,0
TXN008646,CUST01456,5.95,retail,US,15,mobile,37.7,4,51,0
TXN008647,CUST00704,19.65,restaurant,CA,5,mobile,494.03,5,55,0
TXN008648,CUST00497,13.31,fuel,CA,5,mobile,66.04,3,57,0
TXN008649,CUST01427,112.69,entertainment,NG,19,tablet,17.56,6,20,0
TXN008650,CUST00323,22.57,restaurant,CA,23,desktop,325.59,1,51,0
TXN008651,CUST01234,77.12,restaurant,IN,22,mobile,92.56,1,67,0
TXN008652,CUST00615,56.59,grocery,US,11,mobile,308.78,4,63,0
TXN008653,CUST00329,13.98,electronics,DE,8,mobile,67.44,3,23,0
TXN008654,CUST01396,18.41,retail,US,16,mobile,124.78,1,29,0
TXN008655,CUST01484,120.76,retail,DE,9,tablet,106.1,2,25,0
TXN008656,CUST00133,15.25,grocery,US,7,mobile,146.92,5,44,0
TXN008657,CUST00835,37.52,restaurant,CA,23,desktop,92.44,4,31,0
TXN008658,CUST00651,15.14,electronics,US,8,mobile,123.62,4,39,0
TXN008659,CUST00121,24.19,entertainment,US,6,desktop,204.72,3,58,0
TXN008660,CUST00606,31.62,online,DE,9,desktop,96.41,3,23,0
TXN008661,CUST01476,15.14,online,NG,23,mobile,207.59,2,46,0
TXN008662,CUST00965,12.67,online,US,0,mobile,225.51,0,61,0
TXN008663,CUST00129,44.09,grocery,IN,18,desktop,248.76,4,65,0
TXN008664,CUST01115,14.23,travel,US,21,mobile,114.6,4,23,0
TXN008665,CUST00029,14.72,retail,DE,10,mobile,0.68,1,63,0
TXN008666,CUST00722,12.95,grocery,IN,22,mobile,252.08,4,62,0
TXN008667,CUST00333,30.63,online,US,19,mobile,431.61,0,57,0
TXN008668,CUST01321,85.09,restaurant,US,9,mobile,190.32,3,21,0
TXN008669,CUST01154,149.39,online,US,1,mobile,133.83,4,57,0
TXN008670,CUST01317,16.02,online,US,13,tablet,147.61,2,41,0
TXN008671,CUST01197,284.38,online,FR,11,mobile,184.3,3,67,0
TXN008672,CUST00944,12.13,retail,GB,3,mobile,1173.39,4,70,0
TXN008673,CUST01048,97.86,electronics,IN,21,mobile,11.53,0,36,0
TXN008674,CUST01123,16.09,online,US,12,mobile,3.85,1,60,0
TXN008675,CUST01430,13.86,grocery,US,19,desktop,599.2,6,36,0
TXN008676,CUST00356,15.72,entertainment,US,9,tablet,104.52,0,49,0
TXN008677,CUST00139,31.42,restaurant,NG,1,desktop,170.58,1,55,1
TXN008678,CUST01198,59.14,entertainment,US,16,mobile,252.03,3,68,0
TXN008679,CUST00029,64.71,restaurant,IN,9,mobile,243.93,3,57,0
TXN008680,CUST00931,12.88,grocery,US,22,mobile,187.53,3,38,0
TXN008681,CUST00496,12.31,grocery,CA,15,mobile,114.92,3,67,0
TXN008682,CUST01014,13.24,retail,US,8,mobile,154.48,3,54,0
TXN008683,CUST00655,29.63,restaurant,AE,18,desktop,235.44,2,40,0
TXN008684,CUST00828,26.84,grocery,CA,10,mobile,342.46,3,74,0
TXN008685,CUST00351,12.8,grocery,GB,5,mobile,24.51,0,64,0
TXN008686,CUST00554,43.36,restaurant,GB,3,desktop,58.62,3,34,0
TXN008687,CUST00299,318.16,grocery,US,15,tablet,91.23,3,48,0
TXN008688,CUST01216,19.99,online,US,11,mobile,197.12,0,60,0
TXN008689,CUST00064,21.47,restaurant,ET,23,mobile,90.65,4,55,0
TXN008690,CUST00755,57.95,online,US,23,desktop,49.13,2,20,0
TXN008691,CUST00770,18.94,grocery,AE,15,mobile,6.07,3,52,0
TXN008692,CUST01239,64.65,electronics,CA,22,tablet,332.71,2,26,0
TXN008693,CUST00834,16.14,online,US,21,mobile,97.72,2,64,0
TXN008694,CUST00166,206.88,grocery,CA,2,mobile,71.88,6,29,0
TXN008695,CUST01256,46.75,electronics,GB,11,mobile,136.22,1,26,0
TXN008696,CUST01219,17.81,restaurant,DE,14,desktop,23.61,4,64,0
TXN008697,CUST00506,18.38,restaurant,AE,19,desktop,91.16,1,48,0
TXN008698,CUST01358,19.81,online,US,11,desktop,250.82,6,38,0
TXN008699,CUST00793,130.68,online,IN,8,tablet,239.81,2,57,0
TXN008700,CUST01328,9.31,online,US,9,mobile,266.03,6,56,0
TXN008701,CUST00833,16.98,grocery,AE,22,desktop,113.4,3,66,0
TXN008702,CUST01461,18.88,restaurant,US,7,desktop,82.86,3,53,0
TXN008703,CUST01347,32.6,restaurant,US,12,desktop,320.48,6,69,0
TXN008704,CUST00858,25.25,online,CA,21,mobile,34.25,2,70,0
TXN008705,CUST01417,7.45,travel,US,14,desktop,232.47,6,59,0
TXN008706,CUST00806,22.2,electronics,IN,16,desktop,393.98,3,52,0
TXN008707,CUST01173,29.98,entertainment,US,11,desktop,60.68,2,39,0
TXN008708,CUST00761,17.67,grocery,US,15,mobile,39.67,3,23,0
TXN008709,CUST00833,65.81,retail,US,10,desktop,129.33,3,32,0
TXN008710,CUST01429,83.05,grocery,US,18,desktop,43.89,2,45,0
TXN008711,CUST00283,30.62,fuel,CA,12,mobile,368.31,3,67,0
TXN008712,CUST01386,41.7,electronics,US,2,mobile,50.45,3,28,0
TXN008713,CUST00379,3.82,retail,US,3,mobile,67.83,1,27,0
TXN008714,CUST00198,21.73,grocery,US,23,desktop,394.74,5,56,0
TXN008715,CUST01015,90.45,electronics,US,14,desktop,41.44,3,48,0
TXN008716,CUST01024,21.68,electronics,US,13,mobile,388.97,4,37,0
TXN008717,CUST00556,15.84,retail,FR,10,desktop,42.39,2,21,0
TXN008718,CUST00356,323.01,retail,FR,12,mobile,437.08,5,63,0
TXN008719,CUST01453,204.2,restaurant,FR,19,mobile,68.8,2,29,0
TXN008720,CUST01041,52.86,online,IN,17,mobile,50.88,3,44,0
TXN008721,CUST00639,103.43,online,NG,12,mobile,116.74,4,66,0
TXN008722,CUST00379,3.58,grocery,US,20,desktop,82.94,1,23,0
TXN008723,CUST00680,15.07,grocery,US,18,tablet,40.56,5,70,0
TXN008724,CUST00506,20.7,retail,NG,3,mobile,74.34,3,65,1
TXN008725,CUST00899,26.15,travel,CA,11,tablet,224.83,3,68,0
TXN008726,CUST00076,20.29,grocery,US,2,desktop,320.98,2,53,0
TXN008727,CUST00231,2.59,restaurant,CA,15,mobile,309.43,4,54,0
TXN008728,CUST00962,48.72,restaurant,IN,0,mobile,254.51,4,72,0
TXN008729,CUST01272,57.03,online,AE,3,desktop,0.98,3,39,1
TXN008730,CUST00302,164.33,electronics,US,8,desktop,100.11,2,72,0
TXN008731,CUST00726,15.05,travel,IN,22,mobile,33.32,3,42,0
TXN008732,CUST00215,13.87,grocery,IN,12,mobile,13.74,3,71,0
TXN008733,CUST01182,2.27,restaurant,US,21,desktop,239.64,3,49,0
TXN008734,CUST00069,24.69,grocery,NG,9,mobile,283.92,1,69,0
TXN008735,CUST00393,81.54,retail,NG,8,desktop,303.36,6,30,0
TXN008736,CUST01109,17.96,restaurant,US,19,mobile,397.82,2,69,0
TXN008737,CUST00267,282.43,fuel,GB,5,mobile,160.51,2,30,1
TXN008738,CUST01093,25.62,electronics,US,18,mobile,1130.71,3,70,0
TXN008739,CUST00611,38.36,travel,GB,2,mobile,119.0,3,63,0
TXN008740,CUST01371,8.47,restaurant,NG,9,mobile,386.97,2,47,0
TXN008741,CUST01009,44.13,fuel,US,9,mobile,21.57,2,46,0
TXN008742,CUST00962,4.58,entertainment,US,23,desktop,29.03,6,50,0
TXN008743,CUST00728,66.27,restaurant,IN,20,mobile,160.64,7,48,0
TXN008744,CUST00673,68.34,restaurant,IN,23,desktop,23.86,3,48,0
TXN008745,CUST00423,128.93,fuel,US,1,desktop,14.09,1,47,0
TXN008746,CUST01198,11.94,restaurant,IN,12,desktop,39.28,1,31,0
TXN008747,CUST00115,38.88,online,US,6,mobile,278.82,2,40,0
TXN008748,CUST00220,58.2,grocery,US,12,desktop,472.25,3,53,0
TXN008749,CUST00031,51.54,online,FR,13,desktop,73.02,2,50,0
TXN008750,CUST01367,13.94,online,FR,17,mobile,662.25,4,45,0
TXN008751,CUST01401,3.03,grocery,DE,13,mobile,298.51,0,74,0
TXN008752,CUST01154,46.85,online,US,22,mobile,46.14,2,57,0
TXN008753,CUST00617,28.43,travel,US,12,mobile,158.79,1,49,0
TXN008754,CUST00539,18.79,restaurant,IN,18,desktop,721.07,1,62,0
TXN008755,CUST00739,71.09,electronics,US,7,desktop,340.03,3,58,0
TXN008756,CUST01026,31.66,travel,US,3,desktop,81.28,3,73,0
TXN008757,CUST00871,8.85,grocery,AE,8,mobile,65.83,5,43,0
TXN008758,CUST00101,4.8,retail,GB,11,tablet,307.92,1,21,0
TXN008759,CUST01082,10.71,fuel,US,19,desktop,143.4,1,40,0
TXN008760,CUST01413,362.5,grocery,US,1,mobile,32.12,3,31,1
TXN008761,CUST00692,68.22,entertainment,NG,3,desktop,71.5,3,50,1
TXN008762,CUST00941,39.99,restaurant,IN,20,mobile,195.15,4,22,0
TXN008763,CUST00341,27.61,online,US,23,mobile,29.92,3,27,0
TXN008764,CUST00861,25.86,restaurant,CA,18,desktop,215.95,3,75,0
TXN008765,CUST01044,106.4,fuel,US,8,desktop,222.77,4,26,0
TXN008766,CUST01279,20.28,fuel,AE,8,mobile,56.83,2,25,0
TXN008767,CUST01341,58.96,online,US,10,desktop,91.36,7,30,0
TXN008768,CUST00038,23.37,restaurant,DE,9,mobile,493.26,4,74,0
TXN008769,CUST00660,230.48,restaurant,US,2,desktop,248.94,1,30,0
TXN008770,CUST01410,69.57,electronics,US,7,mobile,279.05,3,65,0
TXN008771,CUST00928,115.07,grocery,AE,21,tablet,130.72,2,19,0
TXN008772,CUST01050,18.46,electronics,US,10,desktop,43.15,1,39,0
TXN008773,CUST00454,95.41,fuel,AE,5,mobile,161.04,1,51,1
TXN008774,CUST01347,24.23,entertainment,US,17,desktop,266.2,5,71,0
TXN008775,CUST00737,36.97,electronics,US,7,desktop,0.7,1,69,0
TXN008776,CUST00819,169.87,restaurant,US,22,mobile,21.74,5,54,0
TXN008777,CUST00773,11.67,entertainment,US,1,tablet,115.74,1,54,0
TXN008778,CUST00013,40.58,retail,US,19,tablet,103.47,5,29,0
TXN008779,CUST00915,51.32,electronics,ET,4,mobile,725.98,2,72,0
TXN008780,CUST00921,55.7,grocery,CA,9,mobile,17.4,3,22,0
TXN008781,CUST00825,21.1,fuel,NG,17,mobile,70.4,4,59,0
TXN008782,CUST00371,266.74,entertainment,US,11,mobile,303.84,0,63,0
TXN008783,CUST01315,9.07,grocery,US,22,mobile,170.61,2,50,0
TXN008784,CUST00332,142.43,online,US,20,mobile,148.44,3,39,0
TXN008785,CUST00261,111.62,online,AE,1,tablet,243.31,2,45,1
TXN008786,CUST01229,221.6,electronics,US,9,desktop,7.34,1,74,0
TXN008787,CUST00697,6.77,fuel,US,11,desktop,530.42,7,28,0
TXN008788,CUST00687,13.89,electronics,US,18,tablet,38.21,2,72,0
TXN008789,CUST00950,147.22,fuel,US,4,mobile,15.37,6,54,0
TXN008790,CUST00387,5.07,online,US,9,desktop,74.51,2,40,0
TXN008791,CUST00821,6.64,restaurant,US,0,mobile,218.13,0,53,0
TXN008792,CUST00468,20.32,online,US,6,desktop,47.39,2,28,0
TXN008793,CUST01439,40.12,fuel,US,0,mobile,9.21,5,56,0
TXN008794,CUST00069,162.75,retail,FR,21,mobile,10.64,4,40,0
TXN008795,CUST01496,27.52,electronics,AE,21,mobile,53.37,6,30,0
TXN008796,CUST01128,18.03,grocery,GB,16,desktop,26.16,4,40,0
TXN008797,CUST01185,45.21,retail,US,11,tablet,83.86,4,74,0
TXN008798,CUST00200,52.96,online,US,6,mobile,34.21,4,31,0
TXN008799,CUST00216,51.48,retail,AE,7,mobile,75.97,4,50,0
TXN008800,CUST00212,27.72,grocery,US,2,desktop,105.82,3,69,0
TXN008801,CUST00508,4.69,electronics,US,14,mobile,244.24,3,34,0
TXN008802,CUST00016,13.23,grocery,NG,11,tablet,46.44,6,32,0
TXN008803,CUST00884,137.04,entertainment,IN,16,mobile,116.01,4,74,0
TXN008804,CUST00332,39.93,retail,NG,1,mobile,304.08,3,24,1
TXN008805,CUST00717,23.99,travel,IN,16,mobile,773.28,1,55,0
TXN008806,CUST00551,101.31,restaurant,AE,3,desktop,146.68,3,66,1
TXN008807,CUST00942,10.7,grocery,DE,6,mobile,101.92,4,47,0
TXN008808,CUST00256,26.43,online,US,14,mobile,179.71,3,66,0
TXN008809,CUST00992,38.01,travel,IN,20,desktop,119.9,3,45,0
TXN008810,CUST00728,21.3,fuel,NG,15,mobile,32.41,3,39,0
TXN008811,CUST00880,36.63,restaurant,US,5,mobile,110.73,5,20,0
TXN008812,CUST00815,27.45,electronics,US,4,tablet,696.24,4,18,0
TXN008813,CUST01196,8.17,grocery,US,15,desktop,184.11,4,20,0
TXN008814,CUST00649,39.71,online,IN,0,mobile,59.99,2,53,0
TXN008815,CUST01000,8.77,electronics,CA,14,mobile,529.24,7,49,0
TXN008816,CUST00471,39.08,retail,US,19,mobile,88.56,6,31,0
TXN008817,CUST01408,130.86,online,US,4,desktop,89.01,0,52,0
TXN008818,CUST00690,25.0,electronics,IN,12,desktop,172.56,3,39,0
TXN008819,CUST00700,10.26,restaurant,CA,13,desktop,151.49,2,39,0
TXN008820,CUST00507,29.17,retail,US,1,desktop,61.76,6,45,0
TXN008821,CUST00992,14.41,grocery,US,1,mobile,113.29,4,22,0
TXN008822,CUST01010,60.01,restaurant,US,18,mobile,72.76,1,38,0
TXN008823,CUST00804,28.56,retail,US,18,desktop,240.94,3,22,0
TXN008824,CUST00831,183.05,online,CA,11,mobile,23.52,3,66,0
TXN008825,CUST01349,105.95,online,US,22,desktop,249.71,1,22,0
TXN008826,CUST00214,28.42,restaurant,US,16,mobile,31.63,4,40,0
TXN008827,CUST01232,67.74,entertainment,CA,1,mobile,65.75,3,20,0
TXN008828,CUST00169,22.35,restaurant,US,10,desktop,72.98,2,20,0
TXN008829,CUST01354,34.26,restaurant,IN,16,desktop,836.51,3,26,0
TXN008830,CUST01304,23.07,restaurant,US,13,desktop,160.41,3,26,0
TXN008831,CUST00978,71.27,grocery,US,8,desktop,270.55,1,43,0
TXN008832,CUST01329,138.79,retail,US,18,mobile,145.9,3,28,0
TXN008833,CUST00146,73.6,online,US,18,tablet,735.1,9,75,0
TXN008834,CUST00516,83.26,online,US,0,desktop,35.15,1,58,0
TXN008835,CUST01114,83.35,retail,US,4,mobile,167.14,0,49,0
TXN008836,CUST00453,57.47,restaurant,DE,18,desktop,287.36,1,72,0
TXN008837,CUST00060,10.6,grocery,US,1,desktop,178.26,3,36,0
TXN008838,CUST01335,181.45,online,US,13,desktop,409.03,0,46,0
TXN008839,CUST00528,201.22,travel,IN,18,desktop,165.25,5,39,0
TXN008840,CUST01251,26.21,travel,US,23,desktop,315.22,2,72,0
TXN008841,CUST01024,22.86,grocery,ET,7,mobile,34.8,3,24,0
TXN008842,CUST00474,61.09,travel,US,16,mobile,54.7,5,46,0
TXN008843,CUST00757,57.44,restaurant,US,1,desktop,105.68,3,31,0
TXN008844,CUST00782,27.06,restaurant,US,16,desktop,343.43,5,34,0
TXN008845,CUST01103,9.49,restaurant,US,7,mobile,100.1,4,56,0
TXN008846,CUST00433,44.96,electronics,NG,13,mobile,177.73,3,29,0
TXN008847,CUST01177,57.48,electronics,US,16,mobile,90.7,4,74,0
TXN008848,CUST00401,68.43,restaurant,CA,5,desktop,294.92,3,44,0
TXN008849,CUST01303,46.96,retail,CA,10,mobile,40.23,4,26,0
TXN008850,CUST00057,25.25,retail,US,7,desktop,162.15,2,66,0
TXN008851,CUST01003,89.48,online,DE,12,mobile,155.25,0,30,0
TXN008852,CUST00186,35.37,retail,US,7,desktop,92.92,1,20,0
TXN008853,CUST00398,20.8,retail,DE,6,tablet,219.82,4,33,0
TXN008854,CUST00605,27.64,electronics,AE,23,desktop,5.2,2,71,0
TXN008855,CUST00788,5.78,travel,US,23,mobile,331.56,5,50,0
TXN008856,CUST00158,27.6,retail,US,2,desktop,76.98,3,22,0
TXN008857,CUST01383,65.92,online,US,1,mobile,283.53,5,40,0
TXN008858,CUST01464,46.52,restaurant,US,11,mobile,65.51,9,56,0
TXN008859,CUST00589,151.51,fuel,US,3,mobile,37.47,2,52,0
TXN008860,CUST00466,25.46,restaurant,IN,4,mobile,88.82,5,32,0
TXN008861,CUST00446,53.91,electronics,US,15,mobile,287.34,1,54,0
TXN008862,CUST00801,73.17,restaurant,US,1,desktop,218.84,3,33,0
TXN008863,CUST01097,344.76,restaurant,US,23,mobile,92.26,4,65,0
TXN008864,CUST00929,38.27,grocery,US,23,desktop,500.13,3,22,0
TXN008865,CUST00017,11.66,retail,US,12,mobile,94.6,4,57,0
TXN008866,CUST00731,77.32,restaurant,US,3,tablet,77.75,7,33,0
TXN008867,CUST00326,213.95,grocery,US,4,mobile,28.14,4,66,0
TXN008868,CUST00995,23.99,grocery,US,11,mobile,13.12,3,21,0
TXN008869,CUST00613,76.79,online,GB,14,mobile,77.51,6,26,0
TXN008870,CUST00546,113.15,retail,NG,4,desktop,17.37,6,30,1
TXN008871,CUST00596,91.57,grocery,US,4,tablet,111.79,5,40,0
TXN008872,CUST00921,37.55,grocery,AE,15,desktop,353.91,4,21,0
TXN008873,CUST00842,16.47,travel,US,8,mobile,116.37,3,68,0
TXN008874,CUST01226,30.53,online,FR,14,mobile,117.91,6,41,0
TXN008875,CUST00344,52.38,restaurant,US,3,mobile,52.61,2,64,0
TXN008876,CUST00859,82.12,restaurant,AE,16,mobile,32.74,4,67,0
TXN008877,CUST01424,46.24,electronics,NG,23,desktop,45.26,5,46,0
TXN008878,CUST01242,22.65,restaurant,ET,0,mobile,151.07,4,48,0
TXN008879,CUST00445,57.71,retail,AE,15,mobile,161.28,5,28,0
TXN008880,CUST00222,78.26,grocery,CA,22,mobile,44.77,0,19,0
TXN008881,CUST01407,48.41,restaurant,US,19,mobile,91.63,2,48,0
TXN008882,CUST00592,14.35,entertainment,GB,16,tablet,151.36,4,69,0
TXN008883,CUST01031,27.62,entertainment,US,3,mobile,257.23,0,30,0
TXN008884,CUST01296,85.44,grocery,US,22,mobile,69.36,1,48,0
TXN008885,CUST01018,8.31,retail,US,12,desktop,56.98,2,41,0
TXN008886,CUST00016,4.08,fuel,GB,7,mobile,235.99,6,28,0
TXN008887,CUST01448,149.62,restaurant,US,17,mobile,129.81,6,64,0
TXN008888,CUST00524,55.22,travel,CA,12,desktop,349.77,3,29,0
TXN008889,CUST00803,60.75,restaurant,GB,8,tablet,42.66,3,31,0
TXN008890,CUST00021,11.28,grocery,US,4,desktop,265.28,2,41,0
TXN008891,CUST00228,69.24,restaurant,US,10,tablet,31.82,2,59,0
TXN008892,CUST01008,43.61,online,IN,13,desktop,158.21,0,52,0
TXN008893,CUST01312,6.79,entertainment,NG,23,mobile,60.04,4,24,0
TXN008894,CUST00809,137.59,electronics,US,17,mobile,19.18,3,35,0
TXN008895,CUST01158,38.81,electronics,US,17,desktop,172.64,1,44,0
TXN008896,CUST01307,22.29,travel,US,19,mobile,127.23,3,43,0
TXN008897,CUST00404,22.69,online,US,15,mobile,119.79,0,32,0
TXN008898,CUST01090,4.41,fuel,US,3,tablet,161.6,2,52,0
TXN008899,CUST00437,59.94,restaurant,IN,18,mobile,83.86,4,36,0
TXN008900,CUST00829,43.03,online,IN,4,mobile,199.65,4,71,0
TXN008901,CUST00934,27.27,electronics,ET,1,desktop,25.24,4,73,0
TXN008902,CUST00259,118.92,fuel,US,16,desktop,225.93,1,23,0
TXN008903,CUST00103,8.3,grocery,US,3,mobile,156.07,2,60,0
TXN008904,CUST00993,18.23,restaurant,CA,5,mobile,119.96,2,55,0
TXN008905,CUST00769,14.15,electronics,GB,21,mobile,24.58,7,59,0
TXN008906,CUST01125,25.06,retail,US,17,mobile,58.7,1,45,0
TXN008907,CUST01222,35.43,online,DE,5,desktop,63.0,2,64,0
TXN008908,CUST00813,50.91,retail,FR,19,desktop,47.94,1,21,0
TXN008909,CUST00226,23.41,grocery,ET,14,mobile,554.95,5,69,0
TXN008910,CUST00943,13.77,travel,US,0,desktop,445.08,5,53,0
TXN008911,CUST00463,178.75,electronics,ET,16,desktop,142.19,2,58,0
TXN008912,CUST00237,369.31,online,US,1,desktop,41.45,2,32,1
TXN008913,CUST01050,38.22,entertainment,GB,3,mobile,435.72,4,22,0
TXN008914,CUST01145,15.54,entertainment,US,23,mobile,249.11,0,26,0
TXN008915,CUST00506,144.81,fuel,US,2,desktop,7.12,2,41,0
TXN008916,CUST01206,7.79,online,US,20,tablet,121.45,3,70,0
TXN008917,CUST00814,23.69,retail,US,2,mobile,167.17,4,71,0
TXN008918,CUST00767,16.51,electronics,IN,23,tablet,12.38,2,27,0
TXN008919,CUST00634,10.39,entertainment,US,13,desktop,9.2,2,69,0
TXN008920,CUST01339,25.03,retail,IN,19,desktop,112.09,0,51,0
TXN008921,CUST00991,13.95,travel,US,7,mobile,0.35,3,55,0
TXN008922,CUST00618,33.54,fuel,US,7,desktop,8.63,1,27,0
TXN008923,CUST00273,34.03,electronics,CA,8,desktop,32.49,5,47,0
TXN008924,CUST00232,17.79,grocery,US,17,desktop,433.37,3,64,0
TXN008925,CUST01444,22.86,online,GB,6,desktop,261.66,2,66,0
TXN008926,CUST00768,26.29,restaurant,US,9,mobile,107.75,2,65,0
TXN008927,CUST01466,74.43,travel,ET,0,mobile,117.43,5,34,0
TXN008928,CUST00496,28.55,retail,US,3,mobile,208.52,3,70,0
TXN008929,CUST01048,75.54,grocery,CA,19,mobile,115.77,2,67,1
TXN008930,CUST01133,59.49,grocery,US,3,mobile,11.89,3,19,0
TXN008931,CUST00502,58.65,online,DE,22,mobile,241.6,4,63,0
TXN008932,CUST00025,132.67,electronics,GB,13,desktop,10.71,2,71,0
TXN008933,CUST01211,10.81,electronics,US,4,desktop,119.83,2,42,0
TXN008934,CUST00288,20.63,electronics,US,4,mobile,356.11,3,49,0
TXN008935,CUST00338,193.12,grocery,CA,18,desktop,22.47,7,48,0
TXN008936,CUST01061,25.6,grocery,IN,20,mobile,220.74,1,21,0
TXN008937,CUST00137,1.98,retail,US,4,mobile,8.54,2,65,0
TXN008938,CUST00508,27.03,restaurant,ET,23,desktop,894.67,1,23,0
TXN008939,CUST00227,37.9,electronics,US,10,mobile,206.28,4,66,0
TXN008940,CUST00320,2.42,retail,US,1,desktop,625.22,4,55,0
TXN008941,CUST00916,125.7,entertainment,IN,14,mobile,198.59,4,47,0
TXN008942,CUST01206,16.22,grocery,CA,13,desktop,49.94,0,64,0
TXN008943,CUST00086,46.0,travel,AE,13,mobile,469.55,5,75,0
TXN008944,CUST01491,26.42,fuel,US,7,mobile,177.35,4,50,0
TXN008945,CUST00926,9.13,fuel,US,19,mobile,154.42,3,51,0
TXN008946,CUST00053,11.35,fuel,DE,7,desktop,100.9,6,26,0
TXN008947,CUST00860,13.0,travel,IN,4,mobile,60.28,1,21,0
TXN008948,CUST00867,98.07,grocery,AE,4,mobile,135.93,2,41,1
TXN008949,CUST01259,28.57,travel,US,13,mobile,82.04,3,32,0
TXN008950,CUST00433,19.65,online,US,4,mobile,346.38,0,69,0
TXN008951,CUST00999,13.01,online,US,8,mobile,5.26,1,50,0
TXN008952,CUST00100,109.52,grocery,CA,21,mobile,135.94,1,37,0
TXN008953,CUST00990,143.19,grocery,US,10,tablet,326.04,4,32,0
TXN008954,CUST00599,108.28,retail,US,16,mobile,5.04,3,57,0
TXN008955,CUST00403,54.19,grocery,FR,11,mobile,59.71,1,69,0
TXN008956,CUST00396,44.25,restaurant,DE,11,tablet,9.52,5,37,0
TXN008957,CUST00415,9.82,fuel,AE,23,mobile,162.7,4,32,0
TXN008958,CUST00939,25.9,electronics,IN,15,desktop,68.56,2,70,0
TXN008959,CUST00677,16.71,restaurant,US,0,mobile,578.19,4,69,0
TXN008960,CUST00463,5.34,travel,AE,17,tablet,172.42,4,32,0
TXN008961,CUST00541,95.3,online,GB,5,tablet,148.52,6,23,0
TXN008962,CUST01388,16.51,travel,IN,4,mobile,448.53,2,49,0
TXN008963,CUST01154,109.5,retail,US,17,mobile,45.55,2,74,0
TXN008964,CUST00084,79.98,restaurant,US,12,mobile,148.7,3,33,0
TXN008965,CUST00271,57.78,fuel,DE,5,tablet,140.87,7,68,0
TXN008966,CUST00244,61.12,grocery,IN,6,mobile,15.42,0,18,0
TXN008967,CUST00388,17.9,electronics,AE,2,tablet,484.04,2,33,1
TXN008968,CUST00214,212.27,fuel,DE,10,desktop,216.86,4,73,0
TXN008969,CUST00818,34.57,restaurant,US,7,mobile,394.24,3,53,0
TXN008970,CUST01190,44.79,online,DE,3,desktop,728.58,1,26,0
TXN008971,CUST00059,17.3,grocery,ET,9,mobile,117.59,3,70,0
TXN008972,CUST00883,13.05,grocery,FR,8,mobile,293.02,3,34,0
TXN008973,CUST00843,53.37,online,GB,22,mobile,155.11,2,55,0
TXN008974,CUST00924,41.16,fuel,US,12,mobile,679.97,5,48,0
TXN008975,CUST00123,15.04,grocery,GB,18,mobile,51.12,3,61,0
TXN008976,CUST01437,7.86,retail,US,14,mobile,2.5,1,73,0
TXN008977,CUST01163,9.3,restaurant,IN,4,desktop,37.03,3,57,0
TXN008978,CUST01253,109.52,grocery,CA,12,desktop,24.66,4,27,0
TXN008979,CUST01298,17.93,restaurant,CA,11,tablet,103.39,4,58,0
TXN008980,CUST00439,23.6,grocery,IN,8,desktop,14.5,2,73,0
TXN008981,CUST01022,141.22,grocery,US,23,desktop,44.77,2,25,0
TXN008982,CUST00562,10.78,entertainment,US,7,mobile,18.22,1,66,0
TXN008983,CUST00118,16.01,travel,GB,8,mobile,120.06,5,44,0
TXN008984,CUST00905,15.35,electronics,US,20,mobile,55.85,1,47,0
TXN008985,CUST00395,167.01,retail,US,12,mobile,114.62,4,35,0
TXN008986,CUST00876,243.08,electronics,NG,8,desktop,16.76,4,38,0
TXN008987,CUST01484,70.22,grocery,CA,5,desktop,130.94,0,25,0
TXN008988,CUST00935,72.49,restaurant,US,5,tablet,25.08,6,34,0
TXN008989,CUST01102,18.53,restaurant,US,10,mobile,18.83,6,59,0
TXN008990,CUST00952,232.14,travel,US,9,desktop,66.8,4,72,0
TXN008991,CUST01436,43.28,restaurant,CA,13,desktop,373.46,0,33,0
TXN008992,CUST00075,77.72,online,US,5,mobile,279.65,2,56,0
TXN008993,CUST00295,29.8,fuel,AE,6,mobile,575.61,2,46,0
TXN008994,CUST00021,25.33,fuel,CA,8,tablet,110.98,4,43,0
TXN008995,CUST01195,174.7,fuel,US,2,desktop,67.43,4,31,0
TXN008996,CUST01039,56.81,restaurant,US,11,desktop,636.7,6,50,0
TXN008997,CUST01235,141.37,grocery,CA,15,tablet,86.56,6,56,0
TXN008998,CUST00560,42.75,online,US,12,desktop,1.65,3,39,0
TXN008999,CUST01110,14.18,restaurant,US,5,mobile,308.77,2,21,0
TXN009000,CUST01173,18.48,grocery,NG,12,desktop,33.37,5,42,0
TXN009001,CUST00372,36.71,online,US,4,desktop,227.8,2,49,0
TXN009002,CUST00818,17.7,restaurant,US,3,mobile,2.74,1,48,1
TXN009003,CUST01175,10.94,fuel,ET,7,mobile,21.18,3,47,0
TXN009004,CUST01165,110.1,restaurant,US,2,mobile,118.94,1,37,0
TXN009005,CUST01093,19.2,retail,US,1,desktop,12.66,4,51,0
TXN009006,CUST01284,38.02,fuel,US,19,mobile,395.08,2,21,1
TXN009007,CUST00846,44.53,grocery,IN,18,mobile,249.44,1,53,0
TXN009008,CUST00521,18.39,travel,IN,6,desktop,71.6,2,26,0
TXN009009,CUST00371,141.29,online,US,11,mobile,163.82,4,56,1
TXN009010,CUST01443,10.84,fuel,CA,3,tablet,226.28,3,49,0
TXN009011,CUST00101,43.02,travel,US,9,tablet,253.46,3,44,0
TXN009012,CUST00661,42.36,travel,GB,8,mobile,90.66,3,22,0
TXN009013,CUST00968,31.37,electronics,US,11,mobile,412.32,1,72,0
TXN009014,CUST00243,9.05,restaurant,US,10,mobile,511.85,3,49,0
TXN009015,CUST00753,79.11,retail,AE,20,mobile,39.2,4,45,0
TXN009016,CUST00512,69.65,restaurant,US,18,desktop,435.93,2,61,0
TXN009017,CUST00849,16.85,grocery,US,1,mobile,224.49,2,37,0
TXN009018,CUST00555,67.19,grocery,AE,5,mobile,394.29,6,71,1
TXN009019,CUST01119,48.18,retail,FR,5,mobile,99.53,1,63,0
TXN009020,CUST00226,9.2,online,GB,0,mobile,194.82,2,66,0
TXN009021,CUST00214,14.1,fuel,NG,6,mobile,48.31,4,53,0
TXN009022,CUST00718,103.37,entertainment,US,11,desktop,250.33,2,39,0
TXN009023,CUST00067,45.12,entertainment,US,20,mobile,156.89,3,53,0
TXN009024,CUST00396,18.83,online,US,22,mobile,118.03,4,55,0
TXN009025,CUST00612,14.03,grocery,US,11,desktop,212.38,2,43,0
TXN009026,CUST01036,19.78,grocery,US,19,desktop,144.67,3,22,0
TXN009027,CUST01261,21.23,online,US,20,mobile,260.94,1,37,0
TXN009028,CUST00770,14.21,electronics,US,22,mobile,351.9,4,21,0
TXN009029,CUST01423,5.8,online,US,5,mobile,290.25,1,37,0
TXN009030,CUST00407,103.55,travel,US,13,mobile,66.14,1,42,0
TXN009031,CUST00925,87.41,online,US,16,desktop,672.24,3,65,0
TXN009032,CUST00647,9.27,grocery,GB,16,mobile,188.83,4,48,0
TXN009033,CUST00222,37.95,grocery,US,17,desktop,70.34,4,58,0
TXN009034,CUST01180,13.43,fuel,US,12,tablet,7.83,1,28,0
TXN009035,CUST00654,25.49,restaurant,IN,12,desktop,797.56,1,29,0
TXN009036,CUST00428,23.46,online,DE,10,mobile,164.49,4,27,0
TXN009037,CUST01182,21.59,online,US,2,mobile,46.47,3,66,0
TXN009038,CUST00977,245.41,retail,CA,16,mobile,121.6,2,73,0
TXN009039,CUST01440,21.32,entertainment,CA,1,desktop,91.21,5,37,0
TXN009040,CUST01006,14.76,electronics,US,1,mobile,544.22,6,53,0
TXN009041,CUST01350,15.45,online,US,6,mobile,122.14,3,66,0
TXN009042,CUST00371,94.05,grocery,GB,21,mobile,119.33,1,42,0
TXN009043,CUST01368,6.35,electronics,US,9,mobile,284.9,3,45,0
TXN009044,CUST01286,15.45,fuel,US,13,desktop,89.24,6,50,0
TXN009045,CUST01307,140.73,online,US,20,desktop,39.38,2,48,0
TXN009046,CUST00850,42.27,travel,US,18,tablet,263.29,4,26,0
TXN009047,CUST00856,40.12,grocery,NG,16,desktop,433.65,5,70,0
TXN009048,CUST00229,279.26,entertainment,US,15,mobile,8.42,4,34,0
TXN009049,CUST00280,42.37,restaurant,US,16,mobile,353.77,3,29,0
TXN009050,CUST01314,16.31,entertainment,CA,17,mobile,103.68,2,52,0
TXN009051,CUST01071,24.98,online,US,10,mobile,61.43,2,48,0
TXN009052,CUST00975,10.64,electronics,CA,18,desktop,7.19,2,36,0
TXN009053,CUST01238,116.27,grocery,US,10,tablet,41.41,3,18,0
TXN009054,CUST00758,58.82,restaurant,US,9,desktop,72.86,3,64,0
TXN009055,CUST01048,101.94,retail,FR,13,desktop,13.2,1,29,0
TXN009056,CUST00321,111.38,entertainment,US,13,mobile,37.66,2,45,0
TXN009057,CUST00274,21.88,online,US,9,mobile,240.3,3,61,0
TXN009058,CUST00556,12.87,travel,IN,20,tablet,209.0,2,61,0
TXN009059,CUST00844,31.45,online,US,22,desktop,264.42,4,30,0
TXN009060,CUST01337,13.84,travel,US,3,mobile,32.51,2,20,0
TXN009061,CUST01387,39.05,online,US,9,mobile,7.92,2,32,0
TXN009062,CUST00668,102.73,restaurant,US,5,mobile,113.8,1,23,0
TXN009063,CUST01000,27.99,entertainment,US,21,desktop,75.55,2,44,0
TXN009064,CUST00380,38.47,fuel,US,10,mobile,269.89,2,74,0
TXN009065,CUST00711,30.15,restaurant,US,17,mobile,139.32,2,20,1
TXN009066,CUST01494,73.9,entertainment,US,5,desktop,481.73,1,25,0
TXN009067,CUST00746,16.98,travel,US,20,desktop,11.37,5,67,0
TXN009068,CUST00675,3.68,grocery,FR,14,mobile,81.37,1,26,0
TXN009069,CUST00116,53.03,grocery,ET,5,mobile,93.53,0,54,0
TXN009070,CUST00605,88.93,fuel,US,19,desktop,24.22,1,74,0
TXN009071,CUST01066,51.75,retail,IN,0,mobile,157.45,2,40,0
TXN009072,CUST00379,17.46,entertainment,GB,8,mobile,7.39,2,74,0
TXN009073,CUST01230,10.64,online,FR,13,tablet,224.52,3,67,0
TXN009074,CUST00466,54.3,grocery,US,2,desktop,6.87,4,35,0
TXN009075,CUST00280,38.15,grocery,AE,0,desktop,372.11,4,36,0
TXN009076,CUST00618,29.2,electronics,IN,13,desktop,12.1,4,33,0
TXN009077,CUST00118,204.89,retail,US,13,mobile,109.7,1,57,0
TXN009078,CUST01261,12.85,retail,GB,3,tablet,30.4,2,72,0
TXN009079,CUST00309,195.4,restaurant,FR,13,tablet,25.71,4,24,0
TXN009080,CUST01480,34.18,fuel,US,22,desktop,229.92,5,28,0
TXN009081,CUST01499,5.28,online,US,3,desktop,267.9,2,57,0
TXN009082,CUST00100,27.68,grocery,US,10,desktop,241.92,6,22,0
TXN009083,CUST00261,86.44,online,US,19,desktop,93.15,1,64,0
TXN009084,CUST00993,22.99,entertainment,US,8,mobile,843.67,5,30,0
TXN009085,CUST01329,7.58,restaurant,CA,10,mobile,74.78,2,49,0
TXN009086,CUST01378,28.09,retail,CA,14,mobile,50.65,0,59,0
TXN009087,CUST00286,14.05,restaurant,NG,5,mobile,1018.18,2,36,1
TXN009088,CUST00328,54.15,grocery,US,11,mobile,681.19,4,18,0
TXN009089,CUST01127,71.77,grocery,US,12,mobile,161.3,1,74,0
TXN009090,CUST00063,11.52,entertainment,US,17,desktop,42.21,1,25,0
TXN009091,CUST00687,16.35,electronics,NG,22,mobile,49.04,4,34,0
TXN009092,CUST01306,70.57,entertainment,US,22,desktop,132.45,2,22,0
TXN009093,CUST01465,14.03,online,DE,13,mobile,269.38,0,75,0
TXN009094,CUST01317,11.22,travel,US,23,mobile,14.51,4,29,0
TXN009095,CUST00738,10.19,entertainment,US,10,desktop,209.47,4,58,0
TXN009096,CUST01031,47.09,electronics,US,23,mobile,19.59,2,57,0
TXN009097,CUST00639,45.11,entertainment,US,1,desktop,334.55,1,44,0
TXN009098,CUST00936,16.71,grocery,FR,18,desktop,136.72,1,22,0
TXN009099,CUST01116,33.28,online,US,1,mobile,823.51,2,35,0
TXN009100,CUST01214,152.5,fuel,US,16,mobile,251.69,3,68,0
TXN009101,CUST00476,12.5,retail,ET,22,mobile,123.77,3,63,0
TXN009102,CUST01486,4.7,restaurant,US,7,desktop,27.39,4,23,0
TXN009103,CUST00053,52.2,online,US,4,desktop,140.72,0,58,0
TXN009104,CUST00754,29.65,travel,IN,10,desktop,21.88,2,24,0
TXN009105,CUST00486,16.28,electronics,US,19,mobile,424.01,4,56,0
TXN009106,CUST01388,63.57,grocery,AE,0,mobile,47.06,7,63,0
TXN009107,CUST01136,76.65,grocery,ET,19,mobile,360.94,5,35,0
TXN009108,CUST00409,3.64,entertainment,US,15,mobile,65.21,3,51,0
TXN009109,CUST01031,17.24,fuel,US,4,mobile,45.16,7,40,0
TXN009110,CUST00668,336.14,electronics,US,15,mobile,65.29,1,44,0
TXN009111,CUST01221,59.35,entertainment,US,23,desktop,221.31,6,20,0
TXN009112,CUST00835,65.11,grocery,DE,4,tablet,134.08,2,26,0
TXN009113,CUST00876,107.01,online,US,9,mobile,20.47,0,68,0
TXN009114,CUST00367,33.69,retail,US,8,desktop,26.53,4,53,0
TXN009115,CUST01002,73.46,entertainment,US,21,desktop,85.62,1,51,0
TXN009116,CUST00250,67.9,electronics,US,23,desktop,74.4,6,43,0
TXN009117,CUST01264,56.77,fuel,GB,18,mobile,343.58,3,61,0
TXN009118,CUST00380,24.0,electronics,FR,2,tablet,152.86,2,51,0
TXN009119,CUST00872,39.33,entertainment,DE,8,tablet,37.2,6,57,0
TXN009120,CUST00835,18.39,online,AE,21,tablet,5.18,6,32,0
TXN009121,CUST01495,33.54,fuel,US,19,desktop,19.44,2,50,0
TXN009122,CUST00775,10.29,grocery,CA,7,mobile,216.96,3,21,0
TXN009123,CUST00919,15.02,online,US,3,mobile,338.03,3,47,0
TXN009124,CUST00455,24.97,online,IN,10,tablet,274.63,5,33,0
TXN009125,CUST00366,12.89,online,US,3,mobile,280.81,4,72,0
TXN009126,CUST01314,19.99,fuel,IN,11,mobile,54.43,2,23,0
TXN009127,CUST00403,28.11,retail,FR,22,mobile,813.19,6,44,0
TXN009128,CUST00058,49.51,entertainment,DE,6,desktop,16.27,5,29,0
TXN009129,CUST00521,85.56,restaurant,US,7,desktop,309.76,2,47,0
TXN009130,CUST01328,20.83,entertainment,US,9,tablet,18.33,3,49,0
TXN009131,CUST01139,125.85,grocery,US,22,desktop,56.04,2,58,0
TXN009132,CUST00210,84.66,online,US,23,mobile,123.12,4,64,0
TXN009133,CUST01065,54.82,retail,NG,12,desktop,9.87,4,41,0
TXN009134,CUST00816,38.62,grocery,ET,23,mobile,90.21,4,45,0
TXN009135,CUST00173,45.56,entertainment,ET,13,mobile,77.57,2,51,0
TXN009136,CUST00234,108.53,entertainment,US,15,desktop,187.52,4,59,0
TXN009137,CUST00793,112.57,travel,US,6,mobile,227.86,2,59,0
TXN009138,CUST00793,125.83,restaurant,GB,15,mobile,17.07,2,75,0
TXN009139,CUST01427,34.51,electronics,US,16,mobile,6.99,1,39,0
TXN009140,CUST01063,57.68,retail,NG,19,desktop,269.21,3,34,0
TXN009141,CUST00119,126.92,restaurant,ET,18,mobile,135.14,3,31,0
TXN009142,CUST00335,17.75,online,US,11,mobile,137.69,4,68,0
TXN009143,CUST01360,24.08,grocery,CA,8,desktop,710.73,0,64,0
TXN009144,CUST01098,33.65,restaurant,DE,7,mobile,103.64,5,32,0
TXN009145,CUST01215,81.42,fuel,CA,8,mobile,39.31,1,32,0
TXN009146,CUST00324,82.7,restaurant,US,4,desktop,205.46,1,25,0
TXN009147,CUST01011,26.29,retail,US,20,desktop,304.39,2,75,0
TXN009148,CUST01171,7.33,travel,US,9,desktop,125.62,2,31,0
TXN009149,CUST00284,42.36,online,FR,4,desktop,211.87,5,18,0
TXN009150,CUST00213,13.22,grocery,US,13,mobile,129.85,5,18,1
TXN009151,CUST00929,7.46,retail,FR,17,tablet,94.17,5,34,0
TXN009152,CUST00752,9.36,grocery,US,6,mobile,6.28,2,54,0
TXN009153,CUST01418,45.9,online,IN,7,mobile,34.35,4,30,0
TXN009154,CUST00339,129.16,electronics,IN,4,mobile,117.63,3,72,0
TXN009155,CUST01046,34.43,electronics,GB,23,tablet,90.91,4,31,0
TXN009156,CUST00105,40.91,online,US,5,mobile,333.14,2,69,0
TXN009157,CUST01490,108.08,fuel,US,19,mobile,20.66,4,33,0
TXN009158,CUST01483,7.07,grocery,US,22,mobile,9.26,3,64,0
TXN009159,CUST01456,55.71,travel,US,23,mobile,16.41,3,58,0
TXN009160,CUST00770,32.73,entertainment,CA,8,desktop,204.03,2,39,0
TXN009161,CUST00716,58.33,travel,ET,20,mobile,162.46,4,70,0
TXN009162,CUST00763,20.42,grocery,US,8,desktop,180.05,1,38,0
TXN009163,CUST01245,14.62,restaurant,US,7,desktop,30.73,1,55,0
TXN009164,CUST00379,38.11,restaurant,CA,16,desktop,130.75,0,67,0
TXN009165,CUST01246,172.29,grocery,NG,23,desktop,262.73,2,52,0
TXN009166,CUST01282,78.33,electronics,US,7,mobile,207.29,2,36,0
TXN009167,CUST00713,19.93,online,US,22,mobile,103.95,2,31,0
TXN009168,CUST01391,8.66,grocery,NG,0,desktop,19.67,3,42,0
TXN009169,CUST01373,6.16,online,US,21,desktop,368.14,3,69,0
TXN009170,CUST00225,123.48,retail,GB,17,mobile,134.46,1,31,0
TXN009171,CUST00738,12.74,retail,GB,14,desktop,396.76,6,64,0
TXN009172,CUST00236,23.91,entertainment,US,21,mobile,103.95,6,71,0
TXN009173,CUST00183,124.12,restaurant,US,15,mobile,48.69,3,62,0
TXN009174,CUST00712,6.59,grocery,AE,1,mobile,66.12,3,18,1
TXN009175,CUST00444,147.27,entertainment,US,12,mobile,97.48,1,72,0
TXN009176,CUST00623,25.7,grocery,US,1,mobile,171.45,2,55,0
TXN009177,CUST01030,10.5,restaurant,US,13,mobile,263.69,1,72,0
TXN009178,CUST01260,25.86,online,US,6,mobile,50.03,3,75,0
TXN009179,CUST01151,16.08,grocery,CA,10,desktop,37.42,3,68,0
TXN009180,CUST01128,51.46,entertainment,IN,14,mobile,40.77,2,34,0
TXN009181,CUST00749,17.32,fuel,NG,16,mobile,490.63,2,70,0
TXN009182,CUST00155,4.9,fuel,US,20,tablet,32.23,3,39,0
TXN009183,CUST00257,26.56,entertainment,US,16,desktop,76.37,4,43,0
TXN009184,CUST00235,8.53,restaurant,US,14,desktop,119.75,2,21,0
TXN009185,CUST00500,40.62,fuel,IN,15,desktop,146.23,3,57,0
TXN009186,CUST00289,10.1,electronics,US,8,mobile,351.46,2,60,0
TXN009187,CUST00510,20.33,fuel,US,20,mobile,21.56,3,68,0
TXN009188,CUST00709,39.75,grocery,ET,20,mobile,20.57,1,57,0
TXN009189,CUST00785,26.78,fuel,US,19,desktop,68.47,6,64,0
TXN009190,CUST00894,42.54,retail,US,18,desktop,95.95,4,70,0
TXN009191,CUST00776,65.38,grocery,US,23,mobile,84.25,6,26,0
TXN009192,CUST00298,10.4,grocery,GB,22,mobile,89.54,3,44,0
TXN009193,CUST00137,31.05,grocery,DE,8,mobile,343.24,1,42,0
TXN009194,CUST00376,1.19,travel,GB,5,desktop,326.16,4,54,0
TXN009195,CUST00087,42.41,restaurant,US,0,mobile,294.72,3,28,0
TXN009196,CUST01443,24.51,entertainment,US,4,desktop,253.38,4,21,0
TXN009197,CUST01223,12.39,travel,DE,4,tablet,7.42,4,30,0
TXN009198,CUST01487,45.41,travel,NG,22,desktop,29.12,3,49,0
TXN009199,CUST00437,106.99,fuel,US,0,tablet,237.15,3,37,0
TXN009200,CUST01334,20.57,electronics,US,0,mobile,162.63,2,34,0
TXN009201,CUST01305,12.87,electronics,GB,21,desktop,201.72,6,40,0
TXN009202,CUST01347,39.06,fuel,US,5,desktop,227.17,3,21,0
TXN009203,CUST00764,8.71,entertainment,US,8,mobile,436.18,2,39,0
TXN009204,CUST00702,17.11,grocery,US,18,mobile,181.48,3,56,0
TXN009205,CUST00942,112.44,grocery,IN,4,mobile,58.03,2,49,0
TXN009206,CUST00152,35.24,restaurant,GB,20,desktop,15.6,3,39,0
TXN009207,CUST01326,5.06,electronics,US,16,desktop,101.84,7,28,0
TXN009208,CUST01302,5.49,restaurant,AE,21,desktop,222.72,3,19,0
TXN009209,CUST01032,38.94,fuel,US,19,desktop,59.61,3,42,0
TXN009210,CUST00807,78.44,entertainment,US,11,mobile,23.03,4,33,0
TXN009211,CUST00235,6.57,restaurant,US,5,desktop,1202.14,2,47,0
TXN009212,CUST00675,51.92,online,US,12,desktop,97.7,3,54,0
TXN009213,CUST00561,125.25,electronics,IN,23,mobile,43.87,3,29,0
TXN009214,CUST01326,218.73,travel,US,7,tablet,32.36,3,62,0
TXN009215,CUST00038,46.12,online,US,2,mobile,357.51,2,49,0
TXN009216,CUST01160,54.97,retail,NG,10,desktop,308.27,5,19,0
TXN009217,CUST00822,3.92,restaurant,US,19,mobile,171.03,4,50,0
TXN009218,CUST00421,270.36,grocery,US,0,tablet,142.61,1,60,0
TXN009219,CUST01243,18.63,online,US,13,mobile,544.49,7,69,0
TXN009220,CUST00348,13.02,electronics,IN,20,mobile,46.64,1,21,0
TXN009221,CUST01103,25.66,grocery,US,23,mobile,96.63,2,74,0
TXN009222,CUST00748,150.16,grocery,US,12,mobile,4.5,3,67,0
TXN009223,CUST00273,301.28,online,CA,14,mobile,97.61,3,66,0
TXN009224,CUST01185,37.54,restaurant,IN,22,mobile,87.27,2,25,0
TXN009225,CUST00308,89.84,retail,ET,20,desktop,537.42,3,45,0
TXN009226,CUST01398,34.58,electronics,US,7,mobile,79.84,4,28,0
TXN009227,CUST00976,11.73,restaurant,ET,14,desktop,324.1,4,37,0
TXN009228,CUST00733,145.0,online,AE,12,tablet,261.9,7,51,0
TXN009229,CUST01033,17.78,restaurant,DE,0,desktop,28.68,2,73,0
TXN009230,CUST00444,153.78,travel,GB,10,mobile,592.06,6,30,0
TXN009231,CUST01137,121.33,travel,US,19,mobile,179.44,3,62,0
TXN009232,CUST01229,61.19,travel,GB,14,mobile,163.39,7,33,0
TXN009233,CUST00405,206.23,entertainment,DE,20,mobile,2.12,6,73,0
TXN009234,CUST00853,308.69,restaurant,US,3,mobile,216.24,1,18,1
TXN009235,CUST01221,27.79,retail,US,5,desktop,10.3,3,69,0
TXN009236,CUST00778,14.75,entertainment,US,11,mobile,36.91,2,27,0
TXN009237,CUST00115,5.13,electronics,AE,0,mobile,18.69,3,75,0
TXN009238,CUST01145,312.52,restaurant,GB,9,mobile,85.53,6,30,0
TXN009239,CUST00065,21.33,restaurant,US,17,desktop,285.88,3,70,0
TXN009240,CUST01300,103.03,electronics,AE,0,desktop,221.2,2,50,0
TXN009241,CUST00825,15.78,online,DE,6,tablet,20.31,4,64,0
TXN009242,CUST00239,154.2,grocery,NG,1,desktop,288.32,2,71,1
TXN009243,CUST00302,16.44,retail,US,7,mobile,111.2,1,34,0
TXN009244,CUST01416,10.06,grocery,US,0,desktop,5.97,6,67,0
TXN009245,CUST00969,26.88,restaurant,DE,18,desktop,45.61,2,74,0
TXN009246,CUST00369,19.46,grocery,US,5,mobile,276.84,3,57,0
TXN009247,CUST00233,60.12,restaurant,US,10,desktop,237.89,5,60,0
TXN009248,CUST00195,31.46,entertainment,US,18,mobile,37.56,1,69,0
TXN009249,CUST00907,62.04,online,ET,9,tablet,6.97,4,33,0
TXN009250,CUST01036,24.75,restaurant,US,15,mobile,62.97,4,60,0
TXN009251,CUST00921,17.03,retail,US,15,mobile,285.19,2,74,0
TXN009252,CUST00689,18.48,entertainment,US,9,mobile,501.65,2,33,0
TXN009253,CUST00177,255.94,fuel,US,17,desktop,153.13,2,68,0
TXN009254,CUST00217,41.48,entertainment,IN,21,mobile,17.19,1,18,0
TXN009255,CUST01035,4.56,online,US,17,mobile,125.52,5,38,0
TXN009256,CUST01470,19.68,travel,CA,2,desktop,1209.29,4,41,0
TXN009257,CUST00630,36.48,electronics,US,11,desktop,502.46,1,71,0
TXN009258,CUST00164,209.64,restaurant,US,9,mobile,898.64,4,63,0
TXN009259,CUST00053,92.64,online,NG,15,mobile,216.36,5,37,0
TXN009260,CUST00218,13.17,retail,IN,8,desktop,99.95,3,59,0
TXN009261,CUST00999,371.8,online,US,17,desktop,402.5,3,66,0
TXN009262,CUST00824,32.1,retail,US,12,desktop,405.99,7,31,0
TXN009263,CUST01384,115.16,electronics,US,23,desktop,28.06,5,18,0
TXN009264,CUST00385,10.43,fuel,US,13,mobile,268.81,1,39,0
TXN009265,CUST00056,3.01,online,GB,18,desktop,453.08,2,70,0
TXN009266,CUST00118,8.1,fuel,US,13,mobile,411.82,2,70,0
TXN009267,CUST00900,1.28,online,FR,1,mobile,220.86,2,74,0
TXN009268,CUST01277,273.72,restaurant,DE,10,mobile,138.74,3,24,0
TXN009269,CUST00798,41.04,grocery,US,7,desktop,269.9,4,54,0
TXN009270,CUST00780,13.14,retail,ET,2,mobile,130.68,2,49,0
TXN009271,CUST01016,52.07,grocery,AE,14,desktop,69.75,3,21,0
TXN009272,CUST00803,40.02,travel,CA,12,mobile,53.94,2,33,0
TXN009273,CUST00845,61.62,electronics,IN,7,tablet,140.03,5,69,0
TXN009274,CUST01204,111.0,electronics,ET,12,mobile,109.57,2,34,0
TXN009275,CUST01439,24.78,entertainment,CA,15,desktop,133.81,3,47,0
TXN009276,CUST01259,13.74,fuel,NG,21,desktop,54.37,4,51,0
TXN009277,CUST00855,75.78,retail,CA,0,mobile,160.74,1,57,0
TXN009278,CUST00708,73.87,electronics,US,1,tablet,195.29,5,24,0
TXN009279,CUST01104,36.63,online,US,12,desktop,295.97,8,37,0
TXN009280,CUST00022,292.23,retail,NG,13,mobile,160.48,1,50,1
TXN009281,CUST00843,21.37,retail,US,1,mobile,253.96,1,53,0
TXN009282,CUST01464,13.47,retail,US,15,desktop,33.41,3,29,0
TXN009283,CUST01117,50.3,fuel,US,13,mobile,23.23,4,32,0
TXN009284,CUST00192,16.86,grocery,CA,6,mobile,35.64,5,74,0
TXN009285,CUST01019,54.35,grocery,GB,21,desktop,337.05,1,32,0
TXN009286,CUST01127,14.4,entertainment,US,13,mobile,146.21,0,37,0
TXN009287,CUST00396,22.19,entertainment,US,17,desktop,109.36,3,34,0
TXN009288,CUST01031,219.39,fuel,AE,16,mobile,258.51,1,59,0
TXN009289,CUST00640,22.07,restaurant,GB,4,mobile,23.85,3,63,0
TXN009290,CUST01019,14.9,online,AE,10,desktop,1.12,5,46,1
TXN009291,CUST00567,106.77,restaurant,US,17,desktop,67.04,3,41,0
TXN009292,CUST00231,11.58,travel,GB,15,mobile,51.52,2,58,0
TXN009293,CUST00874,16.56,electronics,DE,9,mobile,66.1,4,32,0
TXN009294,CUST00574,58.94,retail,US,5,mobile,653.98,2,29,0
TXN009295,CUST00240,84.64,restaurant,ET,13,tablet,150.97,4,36,0
TXN009296,CUST00090,112.22,online,US,1,mobile,160.1,2,30,0
TXN009297,CUST00232,15.69,electronics,CA,8,mobile,191.91,5,67,0
TXN009298,CUST00457,60.1,fuel,CA,12,tablet,91.27,1,70,0
TXN009299,CUST00233,20.78,online,US,20,desktop,695.18,1,50,0
TXN009300,CUST00354,18.07,retail,GB,22,desktop,651.9,1,69,0
TXN009301,CUST01005,110.3,grocery,US,19,mobile,263.95,0,71,0
TXN009302,CUST01357,19.11,restaurant,GB,11,mobile,42.82,2,47,0
TXN009303,CUST00439,43.74,fuel,US,1,mobile,381.94,3,24,0
TXN009304,CUST01399,38.69,electronics,US,2,desktop,19.15,3,61,0
TXN009305,CUST01316,11.35,grocery,US,12,mobile,178.91,3,35,0
TXN009306,CUST00345,87.02,travel,US,20,mobile,109.99,3,59,0
TXN009307,CUST00664,57.99,online,CA,0,mobile,7.2,3,63,0
TXN009308,CUST01452,4.54,grocery,AE,19,desktop,421.64,1,65,0
TXN009309,CUST00657,43.7,restaurant,US,3,desktop,584.38,4,42,0
TXN009310,CUST00130,15.29,entertainment,US,17,desktop,428.29,1,29,0
TXN009311,CUST00141,99.19,online,US,12,mobile,38.48,7,51,0
TXN009312,CUST00415,7.8,grocery,GB,5,desktop,72.89,2,38,0
TXN009313,CUST01117,23.19,restaurant,US,5,mobile,561.15,3,24,0
TXN009314,CUST00626,47.56,online,US,14,mobile,20.25,3,47,0
TXN009315,CUST00284,34.96,restaurant,CA,17,tablet,157.57,1,33,0
TXN009316,CUST00223,71.02,entertainment,US,16,mobile,119.63,1,74,0
TXN009317,CUST00744,7.25,fuel,US,13,desktop,29.66,2,64,0
TXN009318,CUST00463,172.76,travel,US,3,desktop,391.79,9,56,0
TXN009319,CUST01300,55.99,retail,US,0,mobile,25.93,4,39,0
TXN009320,CUST01164,128.99,electronics,US,7,mobile,161.68,4,71,0
TXN009321,CUST00357,79.38,restaurant,CA,10,tablet,68.94,5,33,0
TXN009322,CUST01047,32.73,fuel,US,12,mobile,97.43,4,22,0
TXN009323,CUST01294,9.17,online,US,16,mobile,42.74,5,26,0
TXN009324,CUST00859,18.85,electronics,US,20,desktop,176.39,2,45,0
TXN009325,CUST00665,162.32,electronics,GB,13,mobile,806.57,1,59,0
TXN009326,CUST01357,132.35,electronics,AE,16,mobile,322.74,7,48,0
TXN009327,CUST01015,17.82,restaurant,GB,19,mobile,206.91,3,37,0
TXN009328,CUST00085,1.98,fuel,US,23,mobile,254.19,2,35,0
TXN009329,CUST00621,26.77,online,GB,23,desktop,329.06,1,34,0
TXN009330,CUST01055,24.84,travel,US,0,desktop,115.15,2,47,0
TXN009331,CUST00240,25.8,electronics,US,7,mobile,150.68,2,53,0
TXN009332,CUST00363,56.18,electronics,US,18,mobile,406.51,7,31,0
TXN009333,CUST00822,79.54,restaurant,US,10,mobile,214.3,4,66,0
TXN009334,CUST01413,89.15,grocery,US,22,mobile,26.32,1,42,1
TXN009335,CUST00668,51.71,restaurant,US,9,desktop,272.16,3,62,0
TXN009336,CUST01323,5.47,restaurant,US,0,mobile,4.13,1,57,0
TXN009337,CUST01395,23.54,online,IN,4,desktop,338.54,4,21,0
TXN009338,CUST00099,331.65,fuel,AE,15,mobile,279.46,5,19,1
TXN009339,CUST00047,48.14,electronics,IN,19,desktop,319.74,3,47,0
TXN009340,CUST00839,47.84,retail,US,19,mobile,4.3,5,59,0
TXN009341,CUST00422,47.44,entertainment,AE,4,desktop,646.51,2,43,1
TXN009342,CUST00062,50.17,retail,ET,15,desktop,171.41,7,28,0
TXN009343,CUST01133,3.06,retail,NG,2,mobile,289.74,0,23,1
TXN009344,CUST01143,26.06,online,US,22,desktop,150.48,3,55,0
TXN009345,CUST01010,31.88,online,ET,1,desktop,74.72,0,36,0
TXN009346,CUST00598,119.28,grocery,US,16,mobile,63.21,5,36,0
TXN009347,CUST01406,34.73,fuel,US,21,mobile,13.05,5,72,0
TXN009348,CUST00392,6.38,online,US,0,mobile,140.76,3,28,0
TXN009349,CUST00977,50.91,travel,NG,15,mobile,27.9,0,72,0
TXN009350,CUST01076,14.82,fuel,US,22,mobile,150.88,1,59,0
TXN009351,CUST00603,9.81,travel,US,23,mobile,176.51,1,74,0
TXN009352,CUST01313,14.38,online,IN,1,tablet,105.04,2,23,0
TXN009353,CUST00337,56.97,electronics,US,19,desktop,30.6,3,46,0
TXN009354,CUST00810,116.6,fuel,AE,6,mobile,102.04,5,31,0
TXN009355,CUST01228,53.67,retail,ET,10,mobile,379.67,6,27,0
TXN009356,CUST01262,62.3,entertainment,US,5,desktop,110.26,2,54,0
TXN009357,CUST01406,53.15,entertainment,US,1,mobile,75.54,3,43,0
TXN009358,CUST00752,36.65,grocery,US,13,desktop,178.85,1,58,0
TXN009359,CUST01160,66.48,retail,IN,3,mobile,173.63,3,67,0
TXN009360,CUST01431,2.95,restaurant,NG,18,desktop,17.1,2,48,0
TXN009361,CUST01386,37.01,retail,US,21,mobile,48.57,1,62,0
TXN009362,CUST01405,11.65,restaurant,US,1,desktop,122.76,5,67,0
TXN009363,CUST00881,105.94,travel,US,1,mobile,82.12,5,69,0
TXN009364,CUST00635,28.58,fuel,DE,12,mobile,69.41,1,53,0
TXN009365,CUST00254,34.16,online,US,12,mobile,106.21,5,27,0
TXN009366,CUST01138,7.35,electronics,US,2,mobile,61.73,4,43,0
TXN009367,CUST00020,91.55,fuel,FR,20,mobile,76.84,3,27,0
TXN009368,CUST00528,62.01,online,US,5,mobile,267.41,5,37,0
TXN009369,CUST01169,57.8,restaurant,US,20,mobile,128.49,2,38,0
TXN009370,CUST01232,14.69,online,ET,16,desktop,371.24,4,68,0
TXN009371,CUST00376,15.28,restaurant,CA,0,desktop,534.12,2,35,0
TXN009372,CUST00166,41.41,fuel,US,6,tablet,459.37,1,29,0
TXN009373,CUST01205,16.54,grocery,GB,6,mobile,52.68,4,30,0
TXN009374,CUST00861,51.16,online,US,12,mobile,115.26,2,21,0
TXN009375,CUST00617,3.82,electronics,GB,21,desktop,137.85,2,44,0
TXN009376,CUST00612,20.34,restaurant,AE,8,mobile,344.13,1,60,0
TXN009377,CUST01468,199.69,online,CA,17,desktop,147.38,5,26,0
TXN009378,CUST01356,51.39,online,GB,0,tablet,52.44,3,45,0
TXN009379,CUST00503,39.13,retail,CA,10,mobile,142.75,5,69,0
TXN009380,CUST00913,241.1,entertainment,US,21,mobile,8.15,1,28,0
TXN009381,CUST00079,3.2,fuel,US,21,desktop,323.39,3,59,0
TXN009382,CUST00585,14.65,travel,US,10,desktop,150.25,1,27,0
TXN009383,CUST00688,22.17,electronics,DE,9,mobile,189.85,2,66,0
TXN009384,CUST00396,78.13,grocery,US,16,mobile,40.38,3,44,0
TXN009385,CUST01127,79.49,electronics,US,16,tablet,147.01,4,45,0
TXN009386,CUST00402,13.93,entertainment,FR,11,mobile,136.15,2,27,0
TXN009387,CUST00975,89.83,electronics,US,9,mobile,173.99,3,45,0
TXN009388,CUST00224,22.12,travel,GB,11,tablet,338.41,3,57,0
TXN009389,CUST00518,111.23,restaurant,US,5,desktop,260.32,5,20,0
TXN009390,CUST00634,11.79,restaurant,US,20,mobile,142.49,8,32,0
TXN009391,CUST00236,29.27,grocery,US,5,mobile,402.97,2,64,0
TXN009392,CUST01451,20.28,online,US,5,desktop,79.89,5,50,0
TXN009393,CUST00116,95.2,travel,US,19,mobile,122.1,7,34,0
TXN009394,CUST01187,19.63,online,US,7,mobile,188.68,2,70,0
TXN009395,CUST00226,31.74,online,US,4,tablet,104.61,3,44,0
TXN009396,CUST00230,54.97,entertainment,GB,5,desktop,80.73,4,53,0
TXN009397,CUST00182,57.13,fuel,US,1,desktop,21.46,2,40,0
TXN009398,CUST01273,80.4,fuel,ET,16,desktop,181.86,5,72,0
TXN009399,CUST01342,40.9,travel,GB,7,desktop,38.51,5,58,0
TXN009400,CUST00210,21.8,electronics,US,21,tablet,26.78,5,45,0
TXN009401,CUST01416,23.34,retail,US,8,mobile,36.19,4,44,0
TXN009402,CUST00096,33.98,grocery,US,20,desktop,209.93,2,36,0
TXN009403,CUST00894,42.5,grocery,IN,7,desktop,26.81,2,27,0
TXN009404,CUST00756,28.58,electronics,NG,22,tablet,673.13,3,31,0
TXN009405,CUST01110,33.76,online,US,10,desktop,255.79,3,59,0
TXN009406,CUST00415,7.26,grocery,CA,9,desktop,89.78,1,60,0
TXN009407,CUST00394,64.54,fuel,IN,16,mobile,161.93,4,35,0
TXN009408,CUST00696,39.69,online,FR,22,mobile,1.38,2,18,0
TXN009409,CUST00844,90.19,travel,US,19,mobile,335.04,3,19,0
TXN009410,CUST00604,33.12,electronics,US,12,mobile,56.95,1,35,0
TXN009411,CUST00582,5.82,online,US,21,mobile,13.43,3,55,0
TXN009412,CUST00133,23.14,grocery,DE,8,mobile,255.48,1,66,0
TXN009413,CUST00791,27.11,grocery,ET,14,tablet,71.97,4,41,0
TXN009414,CUST00649,69.61,restaurant,US,12,mobile,150.89,2,38,0
TXN009415,CUST01338,4.18,fuel,US,12,mobile,334.46,4,31,0
TXN009416,CUST00221,34.51,online,IN,12,desktop,269.24,2,50,0
TXN009417,CUST00976,55.35,travel,AE,20,mobile,73.93,4,61,0
TXN009418,CUST01462,17.09,online,US,3,mobile,365.44,0,72,0
TXN009419,CUST01070,35.68,online,US,21,mobile,88.63,4,57,0
TXN009420,CUST01216,17.69,restaurant,US,9,mobile,124.78,0,29,0
TXN009421,CUST01403,15.97,grocery,US,14,tablet,170.63,1,34,0
TXN009422,CUST00788,22.01,retail,US,20,desktop,13.25,1,51,0
TXN009423,CUST00691,16.27,online,US,9,desktop,163.66,3,42,0
TXN009424,CUST01358,65.6,fuel,IN,20,desktop,155.05,5,75,0
TXN009425,CUST00039,15.88,travel,AE,7,mobile,372.14,1,67,0
TXN009426,CUST01317,13.42,fuel,US,9,desktop,78.56,3,62,0
TXN009427,CUST00690,194.01,online,NG,20,desktop,49.92,1,72,0
TXN009428,CUST00162,86.55,grocery,GB,16,tablet,116.5,0,48,0
TXN009429,CUST01355,5.15,retail,US,4,mobile,209.27,4,21,0
TXN009430,CUST01128,15.41,restaurant,NG,12,mobile,148.55,0,73,0
TXN009431,CUST00161,42.2,grocery,CA,20,mobile,26.77,1,42,0
TXN009432,CUST01078,45.78,grocery,AE,20,mobile,76.96,1,73,0
TXN009433,CUST01058,7.46,fuel,US,18,desktop,11.86,6,53,0
TXN009434,CUST00242,105.48,fuel,US,11,mobile,242.01,2,51,0
TXN009435,CUST00967,75.58,fuel,US,11,mobile,386.13,6,51,0
TXN009436,CUST00890,53.62,retail,US,20,desktop,8.41,5,50,0
TXN009437,CUST00113,128.6,electronics,CA,1,mobile,134.16,3,54,0
TXN009438,CUST01014,52.05,online,IN,20,mobile,150.24,1,55,0
TXN009439,CUST00318,51.86,online,CA,8,tablet,103.99,3,72,0
TXN009440,CUST00023,157.23,retail,US,23,desktop,125.75,2,62,0
TXN009441,CUST00824,99.61,restaurant,US,21,desktop,223.04,3,39,0
TXN009442,CUST01142,14.27,retail,AE,22,desktop,119.0,2,29,0
TXN009443,CUST00701,62.38,grocery,US,1,mobile,453.85,5,20,0
TXN009444,CUST01019,17.04,fuel,US,0,mobile,140.12,1,21,0
TXN009445,CUST01236,54.83,online,ET,13,mobile,13.41,7,65,0
TXN009446,CUST01442,53.34,entertainment,IN,12,mobile,551.62,3,25,0
TXN009447,CUST01137,8.3,grocery,FR,2,desktop,28.58,3,49,0
TXN009448,CUST01068,29.32,grocery,US,19,mobile,276.23,3,61,0
TXN009449,CUST00128,43.17,grocery,US,4,mobile,134.72,2,22,0
TXN009450,CUST00876,21.41,online,FR,1,desktop,243.09,3,40,0
TXN009451,CUST00158,45.36,online,NG,20,mobile,129.67,3,75,0
TXN009452,CUST00827,74.14,retail,IN,17,tablet,10.94,2,56,0
TXN009453,CUST01418,32.12,travel,US,8,mobile,84.58,2,31,0
TXN009454,CUST00852,41.45,grocery,AE,21,desktop,174.49,3,36,0
TXN009455,CUST00512,132.08,restaurant,US,11,desktop,178.42,2,40,0
TXN009456,CUST00045,53.15,grocery,US,4,desktop,650.44,3,74,0
TXN009457,CUST01132,40.48,fuel,US,17,mobile,167.8,4,54,0
TXN009458,CUST00219,12.7,entertainment,IN,22,mobile,60.75,4,38,0
TXN009459,CUST00443,64.78,retail,US,22,mobile,7.99,5,28,0
TXN009460,CUST00315,46.07,electronics,US,1,desktop,279.56,1,53,0
TXN009461,CUST00177,119.55,grocery,IN,9,mobile,396.15,1,58,0
TXN009462,CUST00228,34.7,restaurant,US,21,desktop,171.18,5,57,0
TXN009463,CUST00267,5.39,online,US,9,mobile,118.53,5,28,0
TXN009464,CUST00870,6.05,retail,DE,2,mobile,355.17,2,42,0
TXN009465,CUST00838,69.11,grocery,FR,23,mobile,49.48,7,73,0
TXN009466,CUST01403,18.72,grocery,US,13,desktop,91.57,7,33,0
TXN009467,CUST00489,51.25,fuel,IN,4,desktop,127.54,4,41,0
TXN009468,CUST00702,37.12,fuel,US,23,mobile,9.11,1,41,0
TXN009469,CUST00687,28.03,restaurant,NG,22,desktop,209.99,0,28,0
TXN009470,CUST01314,30.07,entertainment,FR,12,mobile,37.61,1,61,0
TXN009471,CUST00996,13.94,grocery,US,23,desktop,72.94,4,63,0
TXN009472,CUST00357,32.6,retail,ET,16,mobile,96.35,1,41,0
TXN009473,CUST00872,18.46,restaurant,US,5,desktop,183.15,3,34,0
TXN009474,CUST00204,22.82,grocery,US,12,desktop,12.19,2,59,0
TXN009475,CUST01237,23.96,electronics,IN,11,mobile,75.03,1,54,0
TXN009476,CUST00552,26.4,restaurant,US,2,mobile,57.73,1,75,0
TXN009477,CUST00323,83.28,online,US,15,mobile,0.27,0,57,0
TXN009478,CUST00594,29.08,fuel,US,4,mobile,211.78,6,58,0
TXN009479,CUST00181,92.18,travel,US,1,tablet,48.44,4,35,0
TXN009480,CUST00499,154.14,fuel,AE,10,mobile,32.77,5,42,0
TXN009481,CUST01344,77.86,electronics,IN,3,mobile,287.88,4,69,0
TXN009482,CUST00083,56.51,grocery,US,21,desktop,7.2,7,25,0
TXN009483,CUST00303,45.92,retail,US,0,mobile,414.9,3,56,0
TXN009484,CUST00262,78.68,entertainment,US,12,mobile,209.02,2,33,0
TXN009485,CUST00784,36.21,grocery,US,17,mobile,33.92,4,46,0
TXN009486,CUST01224,88.64,travel,US,15,desktop,77.57,6,26,0
TXN009487,CUST01264,61.2,online,US,1,desktop,539.17,3,24,0
TXN009488,CUST00914,23.11,restaurant,US,8,tablet,173.62,1,31,0
TXN009489,CUST00692,81.11,online,CA,11,mobile,168.9,1,42,0
TXN009490,CUST00944,36.29,online,IN,4,mobile,190.55,4,54,0
TXN009491,CUST00683,29.78,restaurant,DE,4,desktop,111.83,2,36,0
TXN009492,CUST01319,20.57,grocery,DE,21,desktop,32.96,1,19,0
TXN009493,CUST00689,39.1,fuel,US,12,tablet,29.44,1,36,0
TXN009494,CUST00396,89.7,restaurant,NG,15,mobile,209.26,2,19,0
TXN009495,CUST01162,80.55,restaurant,IN,18,mobile,387.66,5,41,0
TXN009496,CUST00839,47.15,fuel,IN,8,mobile,64.26,1,27,0
TXN009497,CUST00878,60.32,fuel,US,15,mobile,126.0,5,67,0
TXN009498,CUST00823,118.12,restaurant,CA,18,mobile,874.53,3,73,0
TXN009499,CUST01153,28.5,retail,GB,3,mobile,53.51,3,30,0
TXN009500,CUST00049,10.85,fuel,US,14,mobile,89.04,3,54,0
TXN009501,CUST00789,121.65,electronics,IN,8,desktop,81.32,4,18,0
TXN009502,CUST00293,19.5,electronics,US,15,mobile,5.96,2,32,0
TXN009503,CUST00536,16.6,fuel,US,23,mobile,128.23,1,70,0
TXN009504,CUST00311,5.49,restaurant,US,5,tablet,42.13,3,24,0
TXN009505,CUST00537,58.63,travel,US,7,mobile,24.78,4,57,0
TXN009506,CUST00639,6.54,online,IN,0,mobile,223.08,2,33,0
TXN009507,CUST00234,15.64,online,US,13,desktop,261.25,2,24,0
TXN009508,CUST01233,59.63,online,US,3,mobile,395.5,1,35,0
TXN009509,CUST00605,68.16,online,CA,9,desktop,489.62,3,45,0
TXN009510,CUST00094,17.26,restaurant,US,15,desktop,365.95,4,31,0
TXN009511,CUST00327,28.96,electronics,FR,3,mobile,23.52,3,34,0
TXN009512,CUST00225,13.84,online,FR,1,desktop,45.56,3,40,0
TXN009513,CUST00967,19.14,entertainment,US,1,desktop,23.52,2,74,0
TXN009514,CUST00890,43.22,online,IN,12,desktop,78.52,2,40,0
TXN009515,CUST00011,20.05,electronics,CA,10,mobile,23.84,4,41,0
TXN009516,CUST01353,25.94,retail,DE,9,mobile,190.66,2,38,0
TXN009517,CUST01036,7.65,grocery,IN,5,mobile,227.03,2,39,0
TXN009518,CUST00035,102.82,restaurant,GB,6,mobile,31.3,3,43,0
TXN009519,CUST00447,55.15,electronics,US,14,mobile,174.91,4,53,0
TXN009520,CUST01476,73.18,restaurant,US,19,mobile,4.19,2,72,0
TXN009521,CUST01244,120.35,online,DE,18,mobile,102.57,3,46,0
TXN009522,CUST00441,14.51,grocery,IN,2,mobile,60.47,3,24,0
TXN009523,CUST00653,23.14,grocery,US,20,mobile,1169.8,2,73,0
TXN009524,CUST00595,4.98,restaurant,US,13,desktop,461.01,5,34,0
TXN009525,CUST00229,765.42,fuel,US,21,mobile,28.74,3,71,0
TXN009526,CUST00344,28.51,retail,DE,1,mobile,448.81,2,28,0
TXN009527,CUST01104,93.57,entertainment,US,22,mobile,97.68,3,54,0
TXN009528,CUST01377,9.6,restaurant,NG,15,desktop,154.72,1,72,0
TXN009529,CUST01420,89.69,online,NG,22,desktop,137.35,3,42,0
TXN009530,CUST01314,212.21,grocery,US,16,tablet,233.14,8,58,0
TXN009531,CUST01479,31.18,restaurant,US,14,desktop,73.42,4,65,0
TXN009532,CUST00989,12.05,entertainment,GB,12,mobile,13.0,4,68,0
TXN009533,CUST01152,28.82,travel,US,11,mobile,97.32,1,25,0
TXN009534,CUST00909,3.57,grocery,US,6,desktop,141.55,1,21,0
TXN009535,CUST01383,31.88,travel,US,19,mobile,145.71,3,54,0
TXN009536,CUST00527,75.26,restaurant,CA,19,mobile,283.16,2,68,0
TXN009537,CUST01337,31.95,electronics,US,2,desktop,8.14,3,26,0
TXN009538,CUST00075,24.92,travel,AE,8,mobile,797.53,4,54,0
TXN009539,CUST00196,56.12,electronics,ET,2,tablet,839.4,6,31,0
TXN009540,CUST00029,60.58,retail,IN,15,mobile,18.77,4,65,0
TXN009541,CUST00706,6.3,online,US,19,desktop,75.89,1,31,0
TXN009542,CUST01021,36.19,entertainment,US,2,tablet,160.62,0,40,0
TXN009543,CUST00016,378.41,fuel,US,7,desktop,84.12,5,50,0
TXN009544,CUST01447,8.71,fuel,US,7,mobile,120.37,2,68,0
TXN009545,CUST00805,30.4,travel,US,23,desktop,71.0,2,35,0
TXN009546,CUST01429,230.84,grocery,CA,14,desktop,224.15,0,75,0
TXN009547,CUST00940,99.9,online,CA,4,mobile,81.47,2,59,0
TXN009548,CUST00967,19.82,electronics,US,12,desktop,101.15,5,27,0
TXN009549,CUST01101,40.7,grocery,US,14,mobile,154.4,3,30,0
TXN009550,CUST00229,33.05,travel,US,6,mobile,626.45,3,63,0
TXN009551,CUST00962,15.67,fuel,US,11,mobile,184.8,4,41,0
TXN009552,CUST01321,30.75,retail,NG,2,desktop,18.35,3,73,1
TXN009553,CUST00715,25.03,electronics,US,7,mobile,69.13,3,67,0
TXN009554,CUST00984,37.07,online,US,9,desktop,97.96,2,63,0
TXN009555,CUST00573,15.67,retail,US,1,mobile,242.59,3,41,0
TXN009556,CUST00615,9.24,electronics,US,7,mobile,106.59,3,65,0
TXN009557,CUST00326,31.78,grocery,NG,21,tablet,193.71,7,65,0
TXN009558,CUST01387,184.03,restaurant,US,17,mobile,329.3,6,71,0
TXN009559,CUST00875,35.95,retail,DE,11,mobile,19.83,8,59,0
TXN009560,CUST00359,23.77,grocery,US,21,mobile,261.24,2,70,0
TXN009561,CUST00324,70.39,restaurant,GB,17,desktop,246.38,4,20,0
TXN009562,CUST01350,28.27,travel,IN,18,desktop,308.38,5,37,0
TXN009563,CUST00165,214.44,entertainment,AE,4,desktop,562.51,3,20,1
TXN009564,CUST00798,32.99,retail,US,15,mobile,66.69,4,54,0
TXN009565,CUST00455,66.72,electronics,AE,16,mobile,100.87,0,27,0
TXN009566,CUST01177,15.57,retail,US,8,desktop,54.85,5,43,0
TXN009567,CUST01151,54.77,grocery,US,9,desktop,71.31,3,54,0
TXN009568,CUST00193,43.6,grocery,GB,18,desktop,72.04,1,33,0
TXN009569,CUST00627,31.3,retail,IN,11,desktop,366.93,0,59,0
TXN009570,CUST00530,20.05,travel,US,0,mobile,11.69,4,21,0
TXN009571,CUST01034,17.5,restaurant,FR,21,mobile,40.77,3,67,0
TXN009572,CUST00092,43.92,travel,US,16,desktop,169.75,1,54,0
TXN009573,CUST00139,62.11,entertainment,US,2,mobile,260.82,2,58,0
TXN009574,CUST00481,29.16,entertainment,NG,6,mobile,215.15,3,50,0
TXN009575,CUST00449,44.14,retail,US,19,mobile,8.59,5,53,0
TXN009576,CUST01357,31.88,online,US,8,mobile,108.86,5,70,0
TXN009577,CUST00869,36.54,retail,US,22,desktop,36.71,4,74,0
TXN009578,CUST00340,27.1,online,ET,4,mobile,798.26,1,51,0
TXN009579,CUST01076,33.72,online,US,8,desktop,1224.93,1,27,0
TXN009580,CUST00466,491.78,fuel,US,18,mobile,9.4,4,40,0
TXN009581,CUST00718,45.22,electronics,US,10,desktop,198.32,3,62,0
TXN009582,CUST00799,63.14,grocery,IN,13,desktop,301.86,1,34,0
TXN009583,CUST00475,51.32,electronics,GB,13,desktop,70.69,3,25,0
TXN009584,CUST00401,25.46,online,DE,7,mobile,212.94,3,48,0
TXN009585,CUST01463,120.78,restaurant,ET,23,mobile,37.41,1,51,0
TXN009586,CUST00605,24.75,grocery,US,19,mobile,24.65,5,18,0
TXN009587,CUST00932,95.11,restaurant,CA,0,mobile,466.97,3,37,0
TXN009588,CUST00997,23.71,grocery,US,3,mobile,185.17,2,74,0
TXN009589,CUST00922,12.68,fuel,US,15,desktop,305.64,4,53,0
TXN009590,CUST00821,47.72,restaurant,US,0,tablet,136.95,0,22,0
TXN009591,CUST00657,10.97,grocery,ET,18,mobile,30.26,1,44,0
TXN009592,CUST00598,56.58,fuel,US,23,mobile,85.08,4,63,0
TXN009593,CUST01177,10.03,entertainment,US,2,desktop,384.15,4,31,0
TXN009594,CUST00514,24.07,grocery,US,1,desktop,2.83,2,51,1
TXN009595,CUST01030,7.91,restaurant,US,16,mobile,41.79,4,75,0
TXN009596,CUST00500,557.89,retail,US,10,tablet,52.57,1,43,0
TXN009597,CUST00717,6.33,electronics,FR,2,desktop,54.93,4,48,0
TXN009598,CUST01142,33.44,retail,US,6,desktop,18.68,7,61,0
TXN009599,CUST00601,103.89,restaurant,US,9,desktop,339.36,5,19,0
TXN009600,CUST00666,93.35,restaurant,DE,2,mobile,31.28,2,62,0
TXN009601,CUST00468,77.58,restaurant,CA,7,mobile,318.61,4,74,0
TXN009602,CUST00161,24.11,grocery,DE,23,mobile,78.95,0,45,0
TXN009603,CUST00270,127.88,retail,US,4,mobile,110.02,1,39,0
TXN009604,CUST01080,82.55,retail,ET,9,mobile,111.87,4,71,0
TXN009605,CUST00228,40.95,retail,US,11,mobile,224.78,6,25,0
TXN009606,CUST00849,42.12,retail,CA,17,mobile,236.55,3,68,0
TXN009607,CUST00149,24.44,entertainment,US,5,mobile,184.24,3,65,0
TXN009608,CUST01070,13.33,fuel,US,7,mobile,267.52,3,39,0
TXN009609,CUST01168,114.11,entertainment,FR,17,desktop,1.5,3,28,0
TXN009610,CUST00632,123.0,restaurant,US,5,mobile,126.51,2,72,0
TXN009611,CUST01364,13.68,electronics,US,22,desktop,133.63,4,18,0
TXN009612,CUST00413,28.4,online,CA,8,desktop,49.24,3,66,0
TXN009613,CUST00520,28.69,retail,US,15,mobile,146.3,3,23,0
TXN009614,CUST01368,32.05,fuel,CA,10,mobile,113.32,4,39,0
TXN009615,CUST00387,35.31,entertainment,CA,1,desktop,115.0,1,73,0
TXN009616,CUST01497,85.36,travel,US,16,mobile,22.69,1,19,0
TXN009617,CUST00275,15.69,fuel,US,12,desktop,102.85,5,74,0
TXN009618,CUST00353,14.21,retail,IN,6,desktop,261.77,4,43,0
TXN009619,CUST01090,114.05,grocery,US,21,desktop,94.97,3,24,0
TXN009620,CUST01103,20.85,retail,CA,9,desktop,120.32,1,50,0
TXN009621,CUST00598,9.36,online,US,12,mobile,616.89,2,33,0
TXN009622,CUST01226,20.39,online,NG,9,desktop,369.73,3,30,0
TXN009623,CUST00558,23.81,retail,US,3,mobile,475.36,1,49,0
TXN009624,CUST00113,156.8,electronics,CA,10,mobile,14.55,2,20,0
TXN009625,CUST01115,83.5,electronics,US,8,mobile,173.49,3,38,0
TXN009626,CUST00141,104.33,online,CA,15,desktop,45.51,4,48,0
TXN009627,CUST01313,75.19,grocery,US,16,desktop,93.23,6,41,0
TXN009628,CUST00730,85.31,travel,DE,22,mobile,204.96,4,24,0
TXN009629,CUST00589,16.64,restaurant,US,4,desktop,155.69,0,67,1
TXN009630,CUST00411,27.15,retail,US,4,mobile,126.84,0,56,0
TXN009631,CUST00377,12.31,grocery,AE,5,mobile,303.2,5,72,1
TXN009632,CUST01408,26.83,travel,US,1,tablet,206.57,4,61,0
TXN009633,CUST01176,65.63,retail,US,13,mobile,309.71,5,25,0
TXN009634,CUST00751,37.89,retail,US,10,mobile,483.71,4,70,0
TXN009635,CUST00627,122.91,fuel,IN,18,mobile,224.04,2,23,0
TXN009636,CUST01343,10.58,online,US,10,mobile,90.57,3,31,0
TXN009637,CUST01393,54.61,restaurant,US,19,mobile,43.06,2,37,0
TXN009638,CUST00995,9.5,electronics,CA,5,mobile,56.87,6,19,0
TXN009639,CUST00703,36.39,grocery,US,12,mobile,90.94,2,31,0
TXN009640,CUST00462,69.43,entertainment,US,18,mobile,242.54,3,52,0
TXN009641,CUST00012,26.72,restaurant,AE,2,desktop,7.38,3,42,1
TXN009642,CUST01180,57.46,fuel,US,15,desktop,303.03,3,64,0
TXN009643,CUST00477,12.68,electronics,DE,8,mobile,255.49,7,35,0
TXN009644,CUST00939,6.27,travel,US,2,mobile,124.56,4,57,0
TXN009645,CUST00401,57.8,online,NG,18,mobile,91.85,3,25,0
TXN009646,CUST00808,189.43,entertainment,IN,14,mobile,21.52,4,23,0
TXN009647,CUST00177,12.23,restaurant,US,21,desktop,61.57,0,45,0
TXN009648,CUST01365,112.41,electronics,CA,12,desktop,20.9,2,26,0
TXN009649,CUST00057,34.59,grocery,FR,16,mobile,307.55,4,42,0
TXN009650,CUST00448,8.71,grocery,US,20,mobile,128.16,4,24,0
TXN009651,CUST00203,10.68,online,US,7,mobile,51.01,3,52,0
TXN009652,CUST00738,33.64,restaurant,IN,21,desktop,3.29,4,33,0
TXN009653,CUST00202,22.1,grocery,US,13,desktop,133.59,7,37,0
TXN009654,CUST01354,8.91,retail,US,8,mobile,251.04,0,24,0
TXN009655,CUST00363,6.09,online,AE,2,mobile,261.82,4,35,1
TXN009656,CUST00892,14.2,grocery,CA,8,mobile,43.44,0,36,0
TXN009657,CUST00454,40.2,grocery,US,23,desktop,955.94,3,19,0
TXN009658,CUST00356,32.9,grocery,US,11,mobile,151.4,3,46,0
TXN009659,CUST00216,20.06,travel,US,14,mobile,72.63,6,45,0
TXN009660,CUST00972,40.52,fuel,IN,16,mobile,89.8,2,32,0
TXN009661,CUST00555,93.69,online,IN,8,mobile,23.92,3,72,0
TXN009662,CUST00887,49.11,grocery,US,23,mobile,122.39,1,47,0
TXN009663,CUST00023,29.33,online,AE,7,desktop,251.92,3,21,0
TXN009664,CUST00155,83.77,electronics,US,5,mobile,94.79,3,25,0
TXN009665,CUST01210,12.68,travel,GB,8,desktop,362.93,0,36,0
TXN009666,CUST00249,26.45,entertainment,US,14,desktop,116.59,3,47,0
TXN009667,CUST00749,27.08,electronics,US,23,mobile,415.57,1,43,0
TXN009668,CUST00805,9.61,grocery,US,17,desktop,218.65,3,26,0
TXN009669,CUST00134,21.76,retail,US,21,mobile,10.18,4,60,0
TXN009670,CUST00321,4.16,restaurant,US,10,mobile,12.49,2,45,0
TXN009671,CUST00390,224.12,restaurant,US,23,tablet,289.79,6,24,0
TXN009672,CUST00434,12.97,fuel,IN,13,desktop,79.44,1,50,0
TXN009673,CUST01046,161.76,fuel,IN,12,mobile,37.76,0,72,0
TXN009674,CUST00873,34.4,entertainment,AE,12,mobile,360.87,1,67,0
TXN009675,CUST01149,58.26,restaurant,US,21,mobile,736.69,0,21,0
TXN009676,CUST01103,20.31,electronics,US,12,mobile,297.75,2,25,0
TXN009677,CUST00858,40.77,grocery,US,15,mobile,232.46,2,68,0
TXN009678,CUST00051,63.47,online,US,11,mobile,0.17,2,51,0
TXN009679,CUST00176,64.36,restaurant,US,20,desktop,20.16,2,27,0
TXN009680,CUST00870,71.86,fuel,US,23,desktop,200.07,4,53,0
TXN009681,CUST00253,22.91,grocery,US,17,mobile,94.84,2,46,0
TXN009682,CUST00966,20.48,grocery,ET,11,mobile,3.54,3,60,0
TXN009683,CUST01270,6.72,travel,DE,4,mobile,243.08,3,21,0
TXN009684,CUST00739,55.88,retail,US,16,mobile,97.67,4,52,0
TXN009685,CUST01130,97.75,retail,GB,20,desktop,193.56,4,45,0
TXN009686,CUST01217,166.66,retail,US,22,desktop,113.71,1,39,0
TXN009687,CUST01340,44.93,electronics,US,0,mobile,4.83,3,75,0
TXN009688,CUST00302,15.39,grocery,US,12,mobile,181.87,4,70,0
TXN009689,CUST00548,6.07,restaurant,ET,9,tablet,279.28,2,68,0
TXN009690,CUST00716,93.85,fuel,US,2,desktop,30.52,4,43,0
TXN009691,CUST00779,5.49,grocery,CA,5,mobile,399.09,3,23,0
TXN009692,CUST00268,23.56,restaurant,US,15,mobile,36.06,3,41,0
TXN009693,CUST01194,26.46,grocery,US,0,tablet,98.93,5,21,0
TXN009694,CUST01010,30.89,travel,US,18,mobile,134.83,3,63,0
TXN009695,CUST00551,34.32,restaurant,GB,7,mobile,67.8,2,33,0
TXN009696,CUST01479,38.02,grocery,US,8,mobile,124.93,1,24,0
TXN009697,CUST01316,2.96,electronics,DE,22,mobile,228.08,4,24,0
TXN009698,CUST01165,33.6,electronics,US,19,mobile,225.6,3,54,0
TXN009699,CUST01170,3.56,online,US,22,desktop,459.84,3,21,0
TXN009700,CUST01449,68.87,fuel,GB,6,mobile,356.61,3,40,0
TXN009701,CUST00314,19.01,grocery,US,10,desktop,757.22,4,49,0
TXN009702,CUST00184,3.83,entertainment,US,22,mobile,162.87,3,71,0
TXN009703,CUST00713,14.67,grocery,US,7,mobile,92.1,2,72,0
TXN009704,CUST00128,18.73,travel,FR,10,desktop,49.42,4,38,0
TXN009705,CUST01311,108.93,online,CA,13,tablet,50.34,0,28,0
TXN009706,CUST01277,40.31,retail,US,13,desktop,29.45,4,33,0
TXN009707,CUST00700,46.73,online,CA,3,mobile,233.47,4,57,0
TXN009708,CUST00386,107.9,grocery,DE,19,mobile,191.16,1,38,0
TXN009709,CUST01254,30.08,online,US,8,desktop,62.23,4,72,0
TXN009710,CUST00271,70.4,electronics,US,7,desktop,400.84,1,22,0
TXN009711,CUST00811,65.62,travel,GB,14,desktop,144.65,6,64,0
TXN009712,CUST00415,9.15,restaurant,CA,19,tablet,12.87,0,28,0
TXN009713,CUST00198,144.46,travel,US,5,mobile,11.42,2,61,0
TXN009714,CUST01347,8.0,grocery,GB,15,desktop,27.82,1,71,0
TXN009715,CUST01080,82.88,fuel,US,15,mobile,42.72,2,41,0
TXN009716,CUST00831,7.26,online,FR,13,desktop,393.16,4,52,0
TXN009717,CUST01227,60.41,grocery,US,14,desktop,271.28,8,64,0
TXN009718,CUST00628,213.13,retail,US,21,mobile,40.55,1,65,0
TXN009719,CUST00604,26.76,online,US,20,desktop,51.42,3,43,0
TXN009720,CUST01162,25.63,restaurant,US,11,desktop,182.3,6,46,0
TXN009721,CUST01446,60.97,grocery,US,22,desktop,369.36,7,32,0
TXN009722,CUST01081,23.82,online,FR,17,tablet,68.56,6,24,0
TXN009723,CUST01010,204.03,electronics,CA,23,mobile,134.19,1,34,0
TXN009724,CUST00071,40.13,retail,DE,10,tablet,397.93,4,54,0
TXN009725,CUST00911,24.04,grocery,US,6,mobile,265.04,5,25,0
TXN009726,CUST00594,19.29,grocery,DE,5,mobile,399.8,3,58,0
TXN009727,CUST01396,13.03,retail,US,2,mobile,58.65,6,18,0
TXN009728,CUST00600,17.68,retail,US,8,mobile,211.36,0,49,0
TXN009729,CUST00514,23.32,grocery,US,14,desktop,21.79,6,20,0
TXN009730,CUST00084,20.34,fuel,US,1,mobile,172.38,3,50,0
TXN009731,CUST00994,17.15,restaurant,US,3,tablet,65.24,5,33,0
TXN009732,CUST01067,270.11,fuel,US,1,mobile,217.61,3,45,1
TXN009733,CUST00839,11.82,retail,IN,5,mobile,27.54,1,74,0
TXN009734,CUST00606,38.35,grocery,AE,11,desktop,197.16,5,60,0
TXN009735,CUST00810,59.89,restaurant,AE,6,desktop,221.9,3,75,0
TXN009736,CUST00133,62.18,grocery,US,8,desktop,350.28,4,41,0
TXN009737,CUST01419,31.23,grocery,ET,5,mobile,209.12,4,53,0
TXN009738,CUST01089,26.03,grocery,US,21,desktop,133.19,6,51,0
TXN009739,CUST00290,52.02,entertainment,CA,4,mobile,275.98,3,53,0
TXN009740,CUST00376,43.23,restaurant,US,3,tablet,60.24,3,27,0
TXN009741,CUST00769,25.56,travel,US,9,desktop,203.68,1,67,0
TXN009742,CUST00467,6.95,entertainment,US,19,desktop,232.07,4,43,0
TXN009743,CUST01237,20.74,travel,CA,3,desktop,89.72,4,66,0
TXN009744,CUST01172,10.52,electronics,US,4,desktop,811.23,4,30,0
TXN009745,CUST00471,16.99,grocery,DE,16,desktop,79.24,2,25,0
TXN009746,CUST00149,34.23,online,IN,17,desktop,15.89,1,49,0
TXN009747,CUST00088,47.41,grocery,US,2,mobile,65.1,3,29,0
TXN009748,CUST01348,196.46,fuel,US,22,mobile,18.85,3,59,0
TXN009749,CUST00396,19.35,restaurant,DE,12,mobile,74.6,2,18,0
TXN009750,CUST00790,71.85,fuel,US,0,desktop,24.63,5,60,0
TXN009751,CUST01428,44.97,online,IN,18,desktop,104.22,2,64,0
TXN009752,CUST01106,121.03,online,NG,22,desktop,270.89,1,44,0
TXN009753,CUST01310,58.92,restaurant,US,21,desktop,12.57,3,35,0
TXN009754,CUST01406,12.08,restaurant,US,1,mobile,149.05,1,27,0
TXN009755,CUST00865,5.91,retail,IN,3,mobile,8.07,1,34,0
TXN009756,CUST01294,45.21,grocery,IN,15,mobile,388.7,4,37,0
TXN009757,CUST01316,19.52,restaurant,US,15,mobile,457.77,3,67,0
TXN009758,CUST01477,12.42,online,US,16,mobile,122.04,2,67,0
TXN009759,CUST00024,9.32,entertainment,CA,20,mobile,263.94,3,29,0
TXN009760,CUST00956,38.9,electronics,US,11,desktop,161.77,4,34,0
TXN009761,CUST00311,149.56,online,IN,1,mobile,74.97,2,38,0
TXN009762,CUST01485,22.01,online,ET,23,mobile,50.62,4,59,0
TXN009763,CUST01232,59.76,grocery,GB,9,tablet,255.83,4,60,0
TXN009764,CUST00664,29.9,online,US,5,tablet,101.18,6,70,0
TXN009765,CUST00438,9.12,entertainment,DE,11,desktop,455.17,4,46,0
TXN009766,CUST00706,69.05,retail,US,11,mobile,669.05,1,62,0
TXN009767,CUST01360,11.08,grocery,US,16,desktop,42.52,4,66,0
TXN009768,CUST00422,33.84,fuel,US,17,mobile,148.21,8,33,0
TXN009769,CUST00321,23.53,electronics,US,3,mobile,138.58,4,20,0
TXN009770,CUST00587,80.89,grocery,FR,2,desktop,364.63,2,29,0
TXN009771,CUST00947,11.49,online,AE,16,mobile,211.39,4,26,0
TXN009772,CUST01187,48.95,grocery,US,22,tablet,168.28,5,66,0
TXN009773,CUST01189,14.3,electronics,US,8,desktop,204.55,3,75,0
TXN009774,CUST00849,19.86,restaurant,US,21,mobile,88.81,2,70,0
TXN009775,CUST01319,0.87,electronics,US,11,mobile,580.71,3,70,0
TXN009776,CUST00042,268.3,travel,FR,6,mobile,10.68,2,63,0
TXN009777,CUST01309,57.43,electronics,US,15,desktop,5.32,1,29,0
TXN009778,CUST00939,15.37,online,NG,7,mobile,96.69,1,53,0
TXN009779,CUST00387,10.75,restaurant,GB,2,mobile,30.23,3,39,0
TXN009780,CUST01162,20.17,online,US,20,mobile,141.66,1,57,0
TXN009781,CUST01211,67.82,retail,US,12,mobile,1.63,1,58,0
TXN009782,CUST00910,4.99,restaurant,US,19,tablet,110.81,2,40,0
TXN009783,CUST00716,28.74,travel,US,8,tablet,62.9,4,34,0
TXN009784,CUST00431,194.54,online,US,8,mobile,40.7,4,33,0
TXN009785,CUST00554,10.66,online,US,3,mobile,105.87,1,36,0
TXN009786,CUST01440,35.89,electronics,IN,13,mobile,347.02,5,31,0
TXN009787,CUST00800,299.86,online,US,17,desktop,191.76,3,51,0
TXN009788,CUST00426,62.31,grocery,GB,0,mobile,31.37,0,45,0
TXN009789,CUST01440,37.56,electronics,US,18,mobile,124.36,5,42,0
TXN009790,CUST00026,54.96,online,US,1,mobile,483.02,3,58,0
TXN009791,CUST01395,22.18,grocery,US,4,mobile,104.12,1,59,0
TXN009792,CUST00385,121.47,travel,US,21,desktop,114.46,5,69,0
TXN009793,CUST00056,22.21,online,US,13,mobile,510.53,1,22,0
TXN009794,CUST01277,4.67,fuel,CA,8,mobile,26.27,3,19,0
TXN009795,CUST00634,22.39,grocery,CA,19,desktop,239.07,2,71,0
TXN009796,CUST00106,12.59,retail,GB,19,desktop,63.99,2,69,0
TXN009797,CUST01154,25.0,online,AE,14,mobile,361.64,2,43,0
TXN009798,CUST00849,25.56,electronics,NG,19,mobile,10.06,1,47,0
TXN009799,CUST00670,109.66,restaurant,DE,0,desktop,836.31,5,49,0
TXN009800,CUST00376,66.37,online,US,18,mobile,263.46,2,65,0
TXN009801,CUST00743,43.09,retail,IN,3,desktop,60.22,4,24,0
TXN009802,CUST00967,33.02,online,IN,13,mobile,257.52,3,65,0
TXN009803,CUST00308,11.49,fuel,DE,0,mobile,461.44,3,51,0
TXN009804,CUST00091,3.74,electronics,US,4,mobile,21.57,7,37,0
TXN009805,CUST01417,37.08,electronics,US,9,mobile,440.73,1,20,0
TXN009806,CUST00802,73.31,restaurant,FR,8,mobile,80.38,3,56,0
TXN009807,CUST00110,29.72,fuel,NG,16,desktop,1.17,5,28,1
TXN009808,CUST00585,19.4,electronics,GB,13,mobile,21.47,4,74,0
TXN009809,CUST00340,52.69,restaurant,CA,6,desktop,388.99,2,22,0
TXN009810,CUST00979,30.47,electronics,US,17,desktop,729.92,4,38,0
TXN009811,CUST00356,178.71,retail,US,9,mobile,406.32,3,35,0
TXN009812,CUST00168,113.61,fuel,DE,3,desktop,104.86,4,21,0
TXN009813,CUST00557,86.44,electronics,US,13,desktop,585.86,4,28,0
TXN009814,CUST01476,70.65,retail,GB,2,mobile,94.02,4,38,0
TXN009815,CUST00905,9.11,grocery,FR,22,mobile,21.73,2,60,0
TXN009816,CUST00105,64.26,grocery,US,21,tablet,75.05,5,27,0
TXN009817,CUST00150,48.25,grocery,US,10,desktop,1161.19,5,60,0
TXN009818,CUST00146,60.73,grocery,ET,9,desktop,177.0,2,36,0
TXN009819,CUST00716,54.2,grocery,US,7,desktop,74.79,5,71,0
TXN009820,CUST00874,52.08,fuel,US,8,desktop,176.16,4,56,0
TXN009821,CUST00299,493.18,online,DE,22,mobile,100.91,3,42,0
TXN009822,CUST01191,30.69,online,ET,5,tablet,9.15,1,66,0
TXN009823,CUST00646,84.47,fuel,AE,13,desktop,40.42,5,46,0
TXN009824,CUST00723,20.68,fuel,US,23,desktop,3.5,6,24,0
TXN009825,CUST01072,73.01,restaurant,US,8,mobile,52.94,1,51,0
TXN009826,CUST00638,84.72,online,AE,13,tablet,242.17,3,73,0
TXN009827,CUST00239,47.68,online,CA,7,desktop,38.67,2,21,0
TXN009828,CUST01031,175.78,retail,CA,5,desktop,135.16,1,70,0
TXN009829,CUST00464,13.68,restaurant,US,23,mobile,217.68,2,59,0
TXN009830,CUST00453,20.34,grocery,US,5,desktop,143.21,1,37,0
TXN009831,CUST00784,40.95,online,US,21,mobile,2.79,2,73,0
TXN009832,CUST00897,79.9,fuel,US,1,desktop,81.27,3,70,0
TXN009833,CUST00371,39.62,restaurant,US,23,desktop,104.89,1,44,0
TXN009834,CUST00487,119.79,online,IN,4,mobile,75.55,4,32,0
TXN009835,CUST01235,17.09,grocery,US,2,mobile,142.24,3,45,0
TXN009836,CUST00165,10.58,retail,US,10,mobile,129.57,2,63,0
TXN009837,CUST01149,45.07,grocery,US,6,desktop,37.36,5,68,1
TXN009838,CUST01361,30.66,grocery,CA,8,mobile,250.96,3,41,0
TXN009839,CUST00192,56.99,grocery,NG,12,mobile,31.63,4,54,0
TXN009840,CUST00730,32.22,electronics,ET,15,desktop,110.57,6,66,0
TXN009841,CUST00214,23.57,grocery,AE,22,desktop,254.13,4,27,0
TXN009842,CUST00574,30.72,fuel,AE,11,tablet,215.08,2,58,0
TXN009843,CUST01352,34.08,retail,IN,7,mobile,101.87,3,22,0
TXN009844,CUST00957,24.41,restaurant,US,13,desktop,279.99,1,71,0
TXN009845,CUST00381,27.03,online,US,13,mobile,225.17,5,67,0
TXN009846,CUST00673,22.12,grocery,US,4,desktop,87.37,6,59,1
TXN009847,CUST00798,78.0,electronics,US,9,desktop,406.57,3,27,0
TXN009848,CUST00239,40.21,restaurant,GB,21,desktop,27.56,5,69,0
TXN009849,CUST00700,316.32,restaurant,US,23,mobile,79.91,2,19,0
TXN009850,CUST01106,38.89,online,CA,13,tablet,215.41,3,70,0
TXN009851,CUST01387,19.09,grocery,US,22,tablet,371.41,1,35,0
TXN009852,CUST00505,478.51,retail,US,16,mobile,70.1,1,35,0
TXN009853,CUST00202,50.08,fuel,US,3,desktop,148.29,4,39,0
TXN009854,CUST00920,89.13,fuel,ET,23,desktop,2.14,1,45,0
TXN009855,CUST00037,59.87,retail,CA,14,mobile,83.41,0,68,0
TXN009856,CUST00644,61.74,retail,IN,10,desktop,72.34,4,64,0
TXN009857,CUST01426,56.58,online,AE,8,desktop,332.67,3,21,0
TXN009858,CUST00765,11.0,travel,US,14,desktop,13.83,2,64,0
TXN009859,CUST00706,47.82,electronics,US,21,desktop,11.54,2,37,0
TXN009860,CUST01200,8.8,fuel,GB,19,mobile,105.24,2,55,0
TXN009861,CUST00545,27.82,online,DE,1,mobile,94.18,5,44,0
TXN009862,CUST01491,16.03,retail,US,0,desktop,31.72,3,18,0
TXN009863,CUST01225,47.35,restaurant,US,20,desktop,55.01,2,30,0
TXN009864,CUST00540,46.25,restaurant,CA,23,desktop,658.29,2,71,0
TXN009865,CUST01017,53.58,restaurant,US,19,mobile,129.58,3,40,0
TXN009866,CUST00394,44.14,entertainment,IN,16,desktop,16.55,2,53,0
TXN009867,CUST00833,18.05,grocery,CA,3,mobile,9.18,1,52,0
TXN009868,CUST01066,25.51,travel,US,4,desktop,7.71,2,66,0
TXN009869,CUST00597,83.13,electronics,US,4,desktop,88.68,3,24,0
TXN009870,CUST00393,96.34,grocery,DE,13,mobile,361.27,3,72,0
TXN009871,CUST00700,10.52,electronics,DE,0,mobile,322.07,0,49,0
TXN009872,CUST00441,7.16,online,CA,1,desktop,82.56,1,57,0
TXN009873,CUST00918,16.01,grocery,CA,21,tablet,268.04,3,66,0
TXN009874,CUST00320,94.18,travel,CA,9,mobile,251.16,1,49,0
TXN009875,CUST00553,111.6,retail,US,4,mobile,118.75,0,69,0
TXN009876,CUST01239,13.14,retail,IN,8,mobile,93.27,7,27,0
TXN009877,CUST01095,45.03,online,US,12,mobile,35.84,3,36,0
TXN009878,CUST00568,207.35,online,US,22,tablet,58.82,1,63,0
TXN009879,CUST00919,50.16,restaurant,US,20,mobile,74.44,4,21,0
TXN009880,CUST00236,137.21,retail,US,12,desktop,301.53,6,23,0
TXN009881,CUST01305,89.9,restaurant,US,8,desktop,144.92,4,74,0
TXN009882,CUST00987,13.33,travel,CA,13,mobile,40.37,6,31,0
TXN009883,CUST01186,27.39,grocery,US,16,desktop,18.13,1,57,0
TXN009884,CUST01215,34.29,electronics,NG,2,desktop,123.57,2,47,1
TXN009885,CUST01033,36.75,grocery,CA,17,desktop,197.56,2,48,0
TXN009886,CUST00060,82.79,fuel,US,11,mobile,307.55,4,62,0
TXN009887,CUST00893,49.83,online,US,22,mobile,287.3,1,69,0
TXN009888,CUST00225,1.76,online,US,8,desktop,312.87,4,32,0
TXN009889,CUST00700,8.91,restaurant,US,15,mobile,106.91,8,35,0
TXN009890,CUST00582,3.72,entertainment,US,12,tablet,361.33,3,39,0
TXN009891,CUST01311,39.46,grocery,US,17,mobile,105.85,1,70,0
TXN009892,CUST00994,42.12,electronics,US,11,mobile,33.13,1,21,0
TXN009893,CUST00169,43.96,online,US,21,desktop,91.16,2,38,0
TXN009894,CUST01086,12.69,retail,US,1,mobile,74.8,2,74,0
TXN009895,CUST01373,64.98,restaurant,AE,18,mobile,89.62,2,42,0
TXN009896,CUST01466,67.78,online,US,0,mobile,193.46,4,28,0
TXN009897,CUST00014,9.44,online,US,5,mobile,192.56,2,58,0
TXN009898,CUST00164,7.64,retail,US,17,mobile,45.86,4,74,0
TXN009899,CUST01444,33.11,grocery,US,2,desktop,68.35,4,31,0
TXN009900,CUST00757,198.7,electronics,FR,21,desktop,162.85,1,29,0
TXN009901,CUST01052,181.23,restaurant,US,5,mobile,15.82,0,36,0
TXN009902,CUST00446,58.17,grocery,US,3,desktop,210.04,14,29,1
TXN009903,CUST01232,15.96,grocery,CA,16,desktop,35.48,7,25,0
TXN009904,CUST01494,80.39,retail,US,22,desktop,342.34,5,19,0
TXN009905,CUST00716,21.06,restaurant,US,17,desktop,92.43,2,50,0
TXN009906,CUST00976,15.37,retail,US,21,mobile,44.91,2,45,0
TXN009907,CUST00819,3.88,restaurant,US,6,mobile,198.37,5,28,0
TXN009908,CUST00104,36.69,retail,US,1,mobile,145.35,4,43,0
TXN009909,CUST00742,17.64,online,IN,14,desktop,33.96,2,49,0
TXN009910,CUST00426,36.47,grocery,US,21,desktop,315.97,4,65,0
TXN009911,CUST01125,3.32,online,CA,16,tablet,108.69,1,39,0
TXN009912,CUST00639,39.25,restaurant,GB,5,desktop,29.73,2,30,0
TXN009913,CUST00850,2.91,electronics,ET,7,mobile,286.29,4,54,0
TXN009914,CUST01130,98.29,travel,CA,7,desktop,25.78,4,21,0
TXN009915,CUST00769,55.81,electronics,FR,6,mobile,619.78,5,22,0
TXN009916,CUST00277,25.06,fuel,US,3,desktop,104.95,1,25,0
TXN009917,CUST01089,58.13,fuel,US,19,mobile,234.5,2,57,0
TXN009918,CUST00900,12.45,restaurant,AE,4,mobile,108.26,3,44,1
TXN009919,CUST00188,35.6,retail,AE,7,mobile,37.39,2,58,0
TXN009920,CUST01341,73.32,retail,US,13,tablet,255.47,4,30,0
TXN009921,CUST01162,1.5,grocery,US,19,desktop,61.49,1,37,0
TXN009922,CUST01367,21.17,grocery,GB,2,mobile,206.46,3,73,0
TXN009923,CUST00105,32.37,electronics,US,17,mobile,53.56,3,39,0
TXN009924,CUST00546,27.21,online,IN,21,mobile,49.66,2,37,0
TXN009925,CUST00380,142.18,restaurant,US,14,mobile,110.06,4,64,0
TXN009926,CUST00110,10.76,restaurant,GB,20,mobile,304.94,5,49,0
TXN009927,CUST00545,17.79,fuel,US,4,desktop,171.17,5,36,0
TXN009928,CUST00354,4.88,online,US,14,desktop,12.03,6,69,0
TXN009929,CUST00743,149.95,grocery,US,5,tablet,238.28,2,45,0
TXN009930,CUST00317,25.89,retail,US,9,mobile,156.05,1,57,1
TXN009931,CUST01290,21.36,fuel,US,22,desktop,175.86,4,53,0
TXN009932,CUST01089,31.42,electronics,AE,19,mobile,78.53,0,47,0
TXN009933,CUST00333,62.57,fuel,US,14,mobile,146.21,6,54,0
TXN009934,CUST01157,46.87,grocery,US,19,mobile,83.71,0,75,0
TXN009935,CUST00592,467.73,travel,US,8,tablet,15.3,3,46,0
TXN009936,CUST00783,52.14,grocery,CA,3,tablet,334.92,1,63,0
TXN009937,CUST00540,20.8,grocery,US,7,desktop,203.99,8,55,0
TXN009938,CUST00735,18.89,electronics,IN,12,mobile,199.8,5,74,0
TXN009939,CUST00621,22.36,grocery,FR,16,desktop,38.75,3,21,0
TXN009940,CUST00619,7.38,online,ET,3,desktop,196.1,4,75,0
TXN009941,CUST01393,34.46,fuel,US,1,mobile,47.52,4,45,0
TXN009942,CUST00909,72.49,grocery,FR,4,mobile,209.39,2,30,0
TXN009943,CUST00992,17.93,grocery,US,1,desktop,73.04,2,37,0
TXN009944,CUST00099,14.77,entertainment,CA,15,desktop,30.85,1,55,0
TXN009945,CUST00317,150.8,grocery,US,22,desktop,426.11,4,41,0
TXN009946,CUST00123,7.95,electronics,CA,22,mobile,19.9,3,51,0
TXN009947,CUST01344,4.19,travel,US,14,mobile,258.23,4,28,0
TXN009948,CUST00799,10.46,entertainment,US,3,desktop,19.32,2,20,0
TXN009949,CUST00457,7.1,entertainment,US,14,desktop,207.77,1,56,0
TXN009950,CUST00522,48.73,fuel,US,4,mobile,21.05,5,71,0
TXN009951,CUST00520,23.09,restaurant,GB,2,desktop,127.97,5,58,0
TXN009952,CUST00917,26.58,fuel,IN,13,mobile,37.48,3,19,0
TXN009953,CUST00717,104.89,restaurant,FR,6,mobile,362.57,4,27,0
TXN009954,CUST00315,16.59,restaurant,US,14,mobile,92.39,5,46,0
TXN009955,CUST00709,71.89,online,US,4,desktop,2.8,4,63,1
TXN009956,CUST00710,150.1,fuel,US,8,mobile,178.07,1,21,0
TXN009957,CUST01044,21.0,grocery,US,12,tablet,106.03,5,75,0
TXN009958,CUST00560,69.2,grocery,IN,6,desktop,353.57,6,29,0
TXN009959,CUST00969,26.0,entertainment,US,3,tablet,102.18,3,31,0
TXN009960,CUST01154,83.44,retail,AE,6,mobile,95.32,3,30,0
TXN009961,CUST01317,6.88,online,DE,0,desktop,108.96,0,42,0
TXN009962,CUST01156,6.39,electronics,CA,14,tablet,353.71,8,48,0
TXN009963,CUST00356,22.39,entertainment,IN,14,mobile,159.1,3,46,0
TXN009964,CUST01078,13.61,fuel,US,17,mobile,199.21,1,23,0
TXN009965,CUST00890,19.75,online,US,14,desktop,229.4,2,61,0
TXN009966,CUST00793,26.59,restaurant,AE,2,mobile,499.11,7,62,1
TXN009967,CUST01411,68.03,restaurant,CA,4,mobile,327.1,4,24,0
TXN009968,CUST00265,22.03,electronics,US,4,tablet,471.82,2,18,0
TXN009969,CUST00982,14.53,restaurant,US,15,desktop,75.7,3,72,0
TXN009970,CUST01239,23.3,electronics,FR,22,mobile,43.54,2,34,0
TXN009971,CUST01484,15.35,online,US,9,mobile,40.93,5,47,0
TXN009972,CUST01482,13.01,grocery,NG,21,mobile,351.1,2,47,0
TXN009973,CUST00802,6.6,entertainment,US,22,mobile,319.58,3,34,0
TXN009974,CUST00043,35.5,grocery,GB,12,mobile,189.18,6,49,0
TXN009975,CUST00862,18.75,travel,CA,14,mobile,11.7,0,19,0
TXN009976,CUST01302,87.03,fuel,CA,7,mobile,68.9,2,62,0
TXN009977,CUST01154,7.79,travel,US,19,tablet,238.5,5,64,0
TXN009978,CUST00350,19.26,electronics,AE,6,mobile,51.44,3,40,0
TXN009979,CUST01130,202.94,travel,GB,13,mobile,176.1,4,63,0
TXN009980,CUST00912,12.94,entertainment,ET,5,desktop,140.85,2,55,0
TXN009981,CUST00001,26.14,retail,US,7,mobile,54.85,3,40,0
TXN009982,CUST00584,9.82,online,US,14,desktop,490.18,5,27,0
TXN009983,CUST00432,8.6,entertainment,US,16,desktop,53.41,4,45,0
TXN009984,CUST01330,155.6,grocery,US,4,tablet,405.33,2,20,0
TXN009985,CUST00053,39.29,retail,GB,11,mobile,140.14,2,47,0
TXN009986,CUST00940,37.85,retail,US,12,mobile,17.34,4,53,0
TXN009987,CUST00520,6.07,online,FR,2,mobile,322.83,3,31,0
TXN009988,CUST01354,47.41,fuel,US,18,mobile,282.15,4,27,0
TXN009989,CUST01349,105.36,online,US,14,desktop,319.99,3,54,0
TXN009990,CUST01138,104.53,restaurant,NG,17,desktop,182.97,3,60,0
TXN009991,CUST00147,64.61,retail,IN,20,tablet,223.82,2,69,0
TXN009992,CUST01190,10.7,online,IN,19,mobile,427.64,2,34,0
TXN009993,CUST01403,45.29,online,ET,6,desktop,24.59,4,35,0
TXN009994,CUST01163,64.56,online,GB,13,mobile,15.6,5,40,0
TXN009995,CUST00629,5.5,retail,NG,23,tablet,24.05,1,70,0
TXN009996,CUST00299,10.79,fuel,DE,19,mobile,367.34,1,20,0
TXN009997,CUST01300,80.49,restaurant,IN,18,desktop,148.98,5,57,0
TXN009998,CUST00789,79.52,travel,US,23,mobile,34.86,7,63,0
TXN009999,CUST00850,7.04,retail,IN,10,mobile,27.51,2,59,0
TXN010000,CUST00178,73.33,online,CA,6,desktop,106.12,3,62,0
